old_url,source_domain,url_type,source_h1,decision,target_path,reason,reviewer,approved_at
https://makler-realty.com,makler-realty.com,page,Недвижими имоти в Сандански,410,,site root is handled by the preservation contract,,
https://makler-realty.com/,makler-realty.com,page,Недвижими имоти в Сандански,410,,site root is handled by the preservation contract,,
https://makler-realty.com/%D0%BF%D0%BE%D0%BB%D0%B8%D1%82%D0%B8%D0%BA%D0%B0-%D0%B7%D0%B0-%D0%B7%D0%B0%D1%89%D0%B8%D1%82%D0%B0-%D0%BD%D0%B0-%D0%BB%D0%B8%D1%87%D0%BD%D0%B8%D1%82%D0%B5-%D0%B4%D0%B0%D0%BD%D0%BD%D0%B8/,makler-realty.com,page,Политика за защита на личните данни,410,,no localized route for this URL,,
https://makler-realty.com/%d0%b2%d0%be%d0%bf%d1%80%d0%be%d1%81-%d0%be%d1%82%d0%b2%d0%b5%d1%82-%d0%bd%d0%b5%d0%b4%d0%b2%d0%b8%d0%b6%d0%b8%d0%bc%d0%be%d1%81%d1%82%d1%8c-%d0%b1%d0%be%d0%bb%d0%b3%d0%b0%d1%80%d0%b8%d1%8f/,makler-realty.com,page,Въпроси,410,,no localized route for this URL,,
https://makler-realty.com/%d0%b3%d0%bb%d0%b0%d0%b2%d0%bd%d0%b0%d1%8f/,makler-realty.com,page,Недвижими имоти в Сандански,410,,no localized route for this URL,,
https://makler-realty.com/%d0%ba%d0%be%d0%bd%d1%82%d0%b0%d0%ba%d1%82%d0%b8/,makler-realty.com,page,Контакти,410,,no localized route for this URL,,
https://makler-realty.com/%d0%bd%d0%b5%d0%b4%d0%b2%d0%b8%d0%b6%d0%b8%d0%bc%d0%be%d1%81%d1%82%d1%8c-%d0%b2-%d0%b1%d0%be%d0%bb%d0%b3%d0%b0%d1%80%d0%b8%d0%b8/,makler-realty.com,page,Недвижими имоти в България,410,,no localized route for this URL,,
https://makler-realty.com/%d0%bd%d0%b5%d0%b4%d0%b2%d0%b8%d0%b6%d0%b8%d0%bc%d0%be%d1%81%d1%82%d1%8c-%d1%81%d0%be%d0%bb%d0%bd%d0%b5%d1%87%d0%bd%d1%8b%d0%b9-%d0%b1%d0%b5%d1%80%d0%b5%d0%b3/,makler-realty.com,post,,410,,no localized route for this URL,,
https://makler-realty.com/%d0%be%d0%bd%d0%bb%d0%b0%d0%b9%d0%bd-%d0%ba%d0%b0%d0%bc%d0%b5%d1%80%d0%b0-%d1%85%d0%b8%d0%b6%d0%b0-%d0%b1%d0%b5%d0%b3%d0%be%d0%b2%d0%b8%d1%86%d0%b0/,makler-realty.com,post,Онлайн камера хижа Беговица,410,,no localized route for this URL,,
https://makler-realty.com/%d0%be%d1%84%d0%be%d1%80%d0%bc%d0%bb%d0%b5%d0%bd%d0%b8%d0%b5-%d1%81%d0%b4%d0%b5%d0%bb%d0%ba%d0%b8-%d0%bd%d0%b5%d0%b4%d0%b2%d0%b8%d0%b6%d0%b8%d0%bc%d0%be%d1%81%d1%82%d1%8c-%d0%b1%d0%be%d0%bb%d0%b3/,makler-realty.com,page,Оформяне на сделка,410,,no localized route for this URL,,
https://makler-realty.com/%d0%be-%d0%ba%d0%be%d0%bc%d0%bf%d0%b0%d0%bd%d0%b8%d0%b8/,makler-realty.com,page,За нас,410,,no localized route for this URL,,
https://makler-realty.com/%d0%bf%d0%b0%d1%80%d1%82%d0%bd%d1%8c%d0%be%d1%80%d0%b8/,makler-realty.com,page,Партньори,410,,no localized route for this URL,,
https://makler-realty.com/%d0%bf%d0%be%d0%bb%d0%b8%d1%82%d0%b8%d0%ba%d0%b0-%d0%b7%d0%b0-%d0%b7%d0%b0%d1%89%d0%b8%d1%82%d0%b0-%d0%bd%d0%b0-%d0%bb%d0%b8%d1%87%d0%bd%d0%b8%d1%82%d0%b5-%d0%b4%d0%b0%d0%bd%d0%bd%d0%b8/,makler-realty.com,page,Политика за защита на личните данни,410,,no localized route for this URL,,
https://makler-realty.com/%d1%82%d0%b0%d0%ba%d1%81%d0%b8-%d0%b8%d0%b7-%d1%81%d0%be%d1%84%d0%b8%d0%b8-%d0%b2-%d1%81%d0%b0%d0%bd%d0%b4%d0%b0%d0%bd%d1%81%d0%ba%d0%b8/,makler-realty.com,post,,410,,no localized route for this URL,,
https://makler-realty.com/%d1%82%d1%80%d0%b0%d0%bd%d1%81%d1%84%d0%b5%d1%80-%d1%81%d0%b0%d0%bb%d0%be%d0%bd%d0%b8%d0%ba%d0%b8-%d1%81%d0%b0%d0%bd%d0%b4%d0%b0%d0%bd%d1%81%d0%ba%d0%b8/,makler-realty.com,post,Трансфер Солун Сандански.,410,,no localized route for this URL,,
https://makler-realty.com/add-property/,makler-realty.com,page,Добави имот,410,,no localized route for this URL,,
https://makler-realty.com/balcon/1/,makler-realty.com,page,1,410,,balcon archive has no indexable equivalent,,
https://makler-realty.com/balcon/2/,makler-realty.com,page,2,410,,balcon archive has no indexable equivalent,,
https://makler-realty.com/balcon/3/,makler-realty.com,page,3,410,,balcon archive has no indexable equivalent,,
https://makler-realty.com/balcon/4/,makler-realty.com,page,4,410,,balcon archive has no indexable equivalent,,
https://makler-realty.com/bedroom/1/,makler-realty.com,page,1,410,,bedroom archive has no indexable equivalent,,
https://makler-realty.com/bedroom/2/,makler-realty.com,page,2,410,,bedroom archive has no indexable equivalent,,
https://makler-realty.com/bedroom/3/,makler-realty.com,page,3,410,,bedroom archive has no indexable equivalent,,
https://makler-realty.com/bedroom/4/,makler-realty.com,page,4,410,,bedroom archive has no indexable equivalent,,
https://makler-realty.com/bedroom/5/,makler-realty.com,page,5,410,,bedroom archive has no indexable equivalent,,
https://makler-realty.com/category-type/%d0%b5lite-realtor/,makler-realty.com,taxonomy,Елитна недвижимост,410,,no canonical family for category-type/еlite-realtor,,
https://makler-realty.com/category-type/%d1%81%d0%b5%d0%bb%d1%8c%d1%81%d0%ba%d0%be%d1%85%d0%be%d0%b7%d1%8f%d0%b9%d1%81%d1%82%d0%b2%d0%b5%d0%bd%d0%bd%d0%b0%d1%8f-%d0%b7%d0%b5%d0%bc%d0%bb%d1%8f/,makler-realty.com,taxonomy,Ниви,301,/bg/tarsene?property_family=agricultural_land,property type archive,,
https://makler-realty.com/category-type/%d1%83%d1%87%d0%b0%d1%81%d1%82%d0%be%d0%ba-%d0%b7%d0%b5%d0%bc%d0%bb%d0%b8/,makler-realty.com,taxonomy,Парцел,301,/bg/tarsene?property_family=plot,property type archive,,
https://makler-realty.com/category-type/apartment/,makler-realty.com,taxonomy,Апартамент,301,/bg/tarsene?property_family=apartment,property type archive,,
https://makler-realty.com/category-type/commercial-area/,makler-realty.com,taxonomy,Търговска площ,301,/bg/tarsene?property_family=commercial,property type archive,,
https://makler-realty.com/category-type/dom/,makler-realty.com,taxonomy,Къща,301,/bg/tarsene?property_family=house,property type archive,,
https://makler-realty.com/category-type/hotel/,makler-realty.com,taxonomy,Хотел,301,/bg/tarsene?property_family=hotel,property type archive,,
https://makler-realty.com/category-type/house-floor/,makler-realty.com,taxonomy,Етаж от къща,301,/bg/tarsene?property_family=house,property type archive,,
https://makler-realty.com/category-type/industrial-building/,makler-realty.com,taxonomy,Индустриална сграда,301,/bg/tarsene?property_family=commercial,property type archive,,
https://makler-realty.com/category-type/office-building/,makler-realty.com,taxonomy,Офис сграда,301,/bg/tarsene?property_family=commercial,property type archive,,
https://makler-realty.com/category-type/office/,makler-realty.com,taxonomy,Офис,301,/bg/tarsene?property_family=commercial,property type archive,,
https://makler-realty.com/category-type/studio/,makler-realty.com,taxonomy,Едностаен апартамент,301,/bg/tarsene?property_family=apartment,property type archive,,
https://makler-realty.com/category-type/villa/,makler-realty.com,taxonomy,Вила,301,/bg/tarsene?property_family=house,property type archive,,
https://makler-realty.com/category/%d0%bd%d0%be%d0%b2%d0%b8%d0%bd%d0%b8/,makler-realty.com,taxonomy,,410,,category archive has no indexable equivalent,,
https://makler-realty.com/category/%d1%81%d1%82%d0%b0%d1%82%d0%b8%d0%b8/,makler-realty.com,taxonomy,Not Found,410,,category archive has no indexable equivalent,,
https://makler-realty.com/category/category/,makler-realty.com,taxonomy,Not Found,410,,category archive has no indexable equivalent,,
https://makler-realty.com/category/uncategorized/,makler-realty.com,taxonomy,Not Found,410,,category archive has no indexable equivalent,,
https://makler-realty.com/de,makler-realty.com,page,Immobilien in Bulgaria,410,,no localized route for this URL,,
https://makler-realty.com/de/,makler-realty.com,page,Immobilien in Bulgaria,410,,no localized route for this URL,,
https://makler-realty.com/de/%D0%BF%D0%BE%D0%BB%D0%B8%D1%82%D0%B8%D0%BA%D0%B0-%D0%B7%D0%B0-%D0%B7%D0%B0%D1%89%D0%B8%D1%82%D0%B0-%D0%BD%D0%B0-%D0%BB%D0%B8%D1%87%D0%BD%D0%B8%D1%82%D0%B5-%D0%B4%D0%B0%D0%BD%D0%BD%D0%B8/,makler-realty.com,page,Datenschutz-Bestimmungen,410,,no localized route for this URL,,
https://makler-realty.com/de/%d0%b3%d0%bb%d0%b0%d0%b2%d0%bd%d0%b0%d1%8f/,makler-realty.com,page,Immobilien in Bulgaria,410,,no localized route for this URL,,
https://makler-realty.com/de/%d0%ba%d0%be%d0%bd%d1%82%d0%b0%d0%ba%d1%82%d0%b8/,makler-realty.com,page,Kontakt / Impressum,410,,no localized route for this URL,,
https://makler-realty.com/de/%d0%bd%d0%b5%d0%b4%d0%b2%d0%b8%d0%b6%d0%b8%d0%bc%d0%be%d1%81%d1%82%d1%8c-%d1%81%d0%be%d0%bb%d0%bd%d0%b5%d1%87%d0%bd%d1%8b%d0%b9-%d0%b1%d0%b5%d1%80%d0%b5%d0%b3/,makler-realty.com,page,,410,,no localized route for this URL,,
https://makler-realty.com/de/%d0%be%d1%84%d0%be%d1%80%d0%bc%d0%bb%d0%b5%d0%bd%d0%b8%d0%b5-%d1%81%d0%b4%d0%b5%d0%bb%d0%ba%d0%b8-%d0%bd%d0%b5%d0%b4%d0%b2%d0%b8%d0%b6%d0%b8%d0%bc%d0%be%d1%81%d1%82%d1%8c-%d0%b1%d0%be%d0%bb%d0%b3/,makler-realty.com,page,WIE KAUFEN,410,,no localized route for this URL,,
https://makler-realty.com/de/%d0%be-%d0%ba%d0%be%d0%bc%d0%bf%d0%b0%d0%bd%d0%b8%d0%b8/,makler-realty.com,page,Über uns,410,,no localized route for this URL,,
https://makler-realty.com/de/%d0%bf%d0%b0%d1%80%d1%82%d0%bd%d1%8c%d0%be%d1%80%d0%b8/,makler-realty.com,page,Partners,410,,no localized route for this URL,,
https://makler-realty.com/de/%d1%82%d0%b0%d0%ba%d1%81%d0%b8-%d0%b8%d0%b7-%d1%81%d0%be%d1%84%d0%b8%d0%b8-%d0%b2-%d1%81%d0%b0%d0%bd%d0%b4%d0%b0%d0%bd%d1%81%d0%ba%d0%b8/,makler-realty.com,page,,410,,no localized route for this URL,,
https://makler-realty.com/de/%d1%82%d1%80%d0%b0%d0%bd%d1%81%d1%84%d0%b5%d1%80-%d1%81%d0%b0%d0%bb%d0%be%d0%bd%d0%b8%d0%ba%d0%b8-%d1%81%d0%b0%d0%bd%d0%b4%d0%b0%d0%bd%d1%81%d0%ba%d0%b8/,makler-realty.com,page,,410,,no localized route for this URL,,
https://makler-realty.com/de/bulgarien-leben-im-kurort-sandanski/,makler-realty.com,page,,410,,no localized route for this URL,,
https://makler-realty.com/de/category-type/%d0%b5lite-realtor/,makler-realty.com,taxonomy,Luxus Immobilien,410,,no canonical family for category-type/еlite-realtor,,
https://makler-realty.com/de/category-type/%d1%81%d0%b5%d0%bb%d1%8c%d1%81%d0%ba%d0%be%d1%85%d0%be%d0%b7%d1%8f%d0%b9%d1%81%d1%82%d0%b2%d0%b5%d0%bd%d0%bd%d0%b0%d1%8f-%d0%b7%d0%b5%d0%bc%d0%bb%d1%8f/,makler-realty.com,taxonomy,Landwirtschaftliche Flächen,301,/de/suche?property_family=agricultural_land,property type archive,,
https://makler-realty.com/de/category-type/%d1%83%d1%87%d0%b0%d1%81%d1%82%d0%be%d0%ba-%d0%b7%d0%b5%d0%bc%d0%bb%d0%b8/,makler-realty.com,taxonomy,Grundstücke,301,/de/suche?property_family=plot,property type archive,,
https://makler-realty.com/de/category-type/apartment/,makler-realty.com,taxonomy,Wohnungen,301,/de/suche?property_family=apartment,property type archive,,
https://makler-realty.com/de/category-type/commercial-area/,makler-realty.com,taxonomy,Gewerbeflächen,301,/de/suche?property_family=commercial,property type archive,,
https://makler-realty.com/de/category-type/dom/,makler-realty.com,taxonomy,Haus,301,/de/suche?property_family=house,property type archive,,
https://makler-realty.com/de/category-type/hotel/,makler-realty.com,taxonomy,Hotel,301,/de/suche?property_family=hotel,property type archive,,
https://makler-realty.com/de/category-type/house-floor/,makler-realty.com,taxonomy,Haus Etage,301,/de/suche?property_family=house,property type archive,,
https://makler-realty.com/de/category-type/industrial-building/,makler-realty.com,taxonomy,Industriegebäude,301,/de/suche?property_family=commercial,property type archive,,
https://makler-realty.com/de/category-type/office-building/,makler-realty.com,taxonomy,Bürogebäude,301,/de/suche?property_family=commercial,property type archive,,
https://makler-realty.com/de/category-type/office/,makler-realty.com,taxonomy,Büro,301,/de/suche?property_family=commercial,property type archive,,
https://makler-realty.com/de/category-type/studio/,makler-realty.com,taxonomy,Studio,301,/de/suche?property_family=apartment,property type archive,,
https://makler-realty.com/de/category-type/villa/,makler-realty.com,taxonomy,Villa,301,/de/suche?property_family=house,property type archive,,
https://makler-realty.com/de/resort/%d0%bd%d0%b5%d0%b4%d0%b2%d0%b8%d0%b6%d0%b8%d0%bc%d0%be%d1%81%d1%82%d1%8c-%d0%b2-%d0%b1%d0%b0%d0%bd%d1%81%d0%ba%d0%be/,makler-realty.com,taxonomy,Bansko,410,,no location page for resort/недвижимость-в-банско,,
https://makler-realty.com/de/resort/%d0%bd%d0%b5%d0%b4%d0%b2%d0%b8%d0%b6%d0%b8%d0%bc%d0%be%d1%81%d1%82%d1%8c-%d0%b2-%d1%81%d0%b0%d0%bd%d0%b4%d0%b0%d0%bd%d1%81%d0%ba%d0%b8/,makler-realty.com,taxonomy,Sandanski,301,/de/orte/sandanski,resort archive with inventory,,
https://makler-realty.com/de/resort/%d0%bd%d0%b5%d0%b4%d0%b2%d0%b8%d0%b6%d0%b8%d0%bc%d0%be%d1%81%d1%82%d1%8c-%d1%81%d0%b2%d1%8f%d1%82%d0%be%d0%b9-%d0%b2%d0%bb%d0%b0%d1%81/,makler-realty.com,taxonomy,,410,,no location page for resort/недвижимость-святой-влас,,
https://makler-realty.com/de/resort/nafplio/,makler-realty.com,taxonomy,Nafplio,410,,no location page for resort/nafplio,,
https://makler-realty.com/de/services/,makler-realty.com,page,DIENSTLEISTUNGEN,410,,no localized route for this URL,,
https://makler-realty.com/de/transfer-thessaloniki-bansko/,makler-realty.com,page,,410,,no localized route for this URL,,
https://makler-realty.com/en,makler-realty.com,page,Real estate in Bulgaria,410,,no localized route for this URL,,
https://makler-realty.com/en/,makler-realty.com,page,Real estate in Bulgaria,410,,no localized route for this URL,,
https://makler-realty.com/en/%D0%BF%D0%BE%D0%BB%D0%B8%D1%82%D0%B8%D0%BA%D0%B0-%D0%B7%D0%B0-%D0%B7%D0%B0%D1%89%D0%B8%D1%82%D0%B0-%D0%BD%D0%B0-%D0%BB%D0%B8%D1%87%D0%BD%D0%B8%D1%82%D0%B5-%D0%B4%D0%B0%D0%BD%D0%BD%D0%B8/,makler-realty.com,page,Privacy Policy of MS Realty,410,,no localized route for this URL,,
https://makler-realty.com/en/%d0%b3%d0%bb%d0%b0%d0%b2%d0%bd%d0%b0%d1%8f/,makler-realty.com,page,Real estate in Bulgaria,410,,no localized route for this URL,,
https://makler-realty.com/en/%d0%ba%d0%be%d0%bd%d1%82%d0%b0%d0%ba%d1%82%d0%b8/,makler-realty.com,page,Contacts / Imprint,410,,no localized route for this URL,,
https://makler-realty.com/en/%d0%bd%d0%b5%d0%b4%d0%b2%d0%b8%d0%b6%d0%b8%d0%bc%d0%be%d1%81%d1%82%d1%8c-%d1%81%d0%be%d0%bb%d0%bd%d0%b5%d1%87%d0%bd%d1%8b%d0%b9-%d0%b1%d0%b5%d1%80%d0%b5%d0%b3/,makler-realty.com,page,,410,,no localized route for this URL,,
https://makler-realty.com/en/%d0%be%d0%bd%d0%bb%d0%b0%d0%b9%d0%bd-%d0%ba%d0%b0%d0%bc%d0%b5%d1%80%d0%b0-%d1%85%d0%b8%d0%b6%d0%b0-%d0%b1%d0%b5%d0%b3%d0%be%d0%b2%d0%b8%d1%86%d0%b0/,makler-realty.com,page,Online camera Begovitsa,410,,no localized route for this URL,,
https://makler-realty.com/en/%d0%be%d1%84%d0%be%d1%80%d0%bc%d0%bb%d0%b5%d0%bd%d0%b8%d0%b5-%d1%81%d0%b4%d0%b5%d0%bb%d0%ba%d0%b8-%d0%bd%d0%b5%d0%b4%d0%b2%d0%b8%d0%b6%d0%b8%d0%bc%d0%be%d1%81%d1%82%d1%8c-%d0%b1%d0%be%d0%bb%d0%b3/,makler-realty.com,page,How to buy,410,,no localized route for this URL,,
https://makler-realty.com/en/%d0%be-%d0%ba%d0%be%d0%bc%d0%bf%d0%b0%d0%bd%d0%b8%d0%b8/,makler-realty.com,page,Real estate agency in Sandanski Bulgaria,410,,no localized route for this URL,,
https://makler-realty.com/en/%d0%bf%d0%b0%d1%80%d1%82%d0%bd%d1%8c%d0%be%d1%80%d0%b8/,makler-realty.com,page,Partners,410,,no localized route for this URL,,
https://makler-realty.com/en/%d1%82%d0%b0%d0%ba%d1%81%d0%b8-%d0%b8%d0%b7-%d1%81%d0%be%d1%84%d0%b8%d0%b8-%d0%b2-%d1%81%d0%b0%d0%bd%d0%b4%d0%b0%d0%bd%d1%81%d0%ba%d0%b8/,makler-realty.com,page,,410,,no localized route for this URL,,
https://makler-realty.com/en/%d1%82%d1%80%d0%b0%d0%bd%d1%81%d1%84%d0%b5%d1%80-%d1%81%d0%b0%d0%bb%d0%be%d0%bd%d0%b8%d0%ba%d0%b8-%d1%81%d0%b0%d0%bd%d0%b4%d0%b0%d0%bd%d1%81%d0%ba%d0%b8/,makler-realty.com,page,,410,,no localized route for this URL,,
https://makler-realty.com/en/category-type/%d0%b5lite-realtor/,makler-realty.com,taxonomy,Elite realty,410,,no canonical family for category-type/еlite-realtor,,
https://makler-realty.com/en/category-type/%d1%81%d0%b5%d0%bb%d1%8c%d1%81%d0%ba%d0%be%d1%85%d0%be%d0%b7%d1%8f%d0%b9%d1%81%d1%82%d0%b2%d0%b5%d0%bd%d0%bd%d0%b0%d1%8f-%d0%b7%d0%b5%d0%bc%d0%bb%d1%8f/,makler-realty.com,taxonomy,Agricultural lands,301,/en/search?property_family=agricultural_land,property type archive,,
https://makler-realty.com/en/category-type/%d1%83%d1%87%d0%b0%d1%81%d1%82%d0%be%d0%ba-%d0%b7%d0%b5%d0%bc%d0%bb%d0%b8/,makler-realty.com,taxonomy,Plot of land,301,/en/search?property_family=plot,property type archive,,
https://makler-realty.com/en/category-type/apartment/,makler-realty.com,taxonomy,Apartments,301,/en/search?property_family=apartment,property type archive,,
https://makler-realty.com/en/category-type/commercial-area/,makler-realty.com,taxonomy,Commercial area,301,/en/search?property_family=commercial,property type archive,,
https://makler-realty.com/en/category-type/dom/,makler-realty.com,taxonomy,House,301,/en/search?property_family=house,property type archive,,
https://makler-realty.com/en/category-type/hotel/,makler-realty.com,taxonomy,Hotels,301,/en/search?property_family=hotel,property type archive,,
https://makler-realty.com/en/category-type/house-floor/,makler-realty.com,taxonomy,House flour,301,/en/search?property_family=house,property type archive,,
https://makler-realty.com/en/category-type/industrial-building/,makler-realty.com,taxonomy,Industrial building,301,/en/search?property_family=commercial,property type archive,,
https://makler-realty.com/en/category-type/office-building/,makler-realty.com,taxonomy,Office building,301,/en/search?property_family=commercial,property type archive,,
https://makler-realty.com/en/category-type/office/,makler-realty.com,taxonomy,Office,301,/en/search?property_family=commercial,property type archive,,
https://makler-realty.com/en/category-type/studio/,makler-realty.com,taxonomy,Studio,301,/en/search?property_family=apartment,property type archive,,
https://makler-realty.com/en/category-type/villa/,makler-realty.com,taxonomy,Villa,301,/en/search?property_family=house,property type archive,,
https://makler-realty.com/en/resort/%d0%bd%d0%b5%d0%b4%d0%b2%d0%b8%d0%b6%d0%b8%d0%bc%d0%be%d1%81%d1%82%d1%8c-%d0%b2-%d0%b1%d0%b0%d0%bd%d1%81%d0%ba%d0%be/,makler-realty.com,taxonomy,Bansko,410,,no location page for resort/недвижимость-в-банско,,
https://makler-realty.com/en/resort/%d0%bd%d0%b5%d0%b4%d0%b2%d0%b8%d0%b6%d0%b8%d0%bc%d0%be%d1%81%d1%82%d1%8c-%d0%b2-%d1%81%d0%b0%d0%bd%d0%b4%d0%b0%d0%bd%d1%81%d0%ba%d0%b8/,makler-realty.com,taxonomy,Sandanski,301,/en/locations/sandanski,resort archive with inventory,,
https://makler-realty.com/en/resort/%d0%bd%d0%b5%d0%b4%d0%b2%d0%b8%d0%b6%d0%b8%d0%bc%d0%be%d1%81%d1%82%d1%8c-%d1%81%d0%b2%d1%8f%d1%82%d0%be%d0%b9-%d0%b2%d0%bb%d0%b0%d1%81/,makler-realty.com,taxonomy,St Vlas,410,,no location page for resort/недвижимость-святой-влас,,
https://makler-realty.com/en/resort/nafplio/,makler-realty.com,taxonomy,Nafplio,410,,no location page for resort/nafplio,,
https://makler-realty.com/en/services/,makler-realty.com,page,Services,410,,no localized route for this URL,,
https://makler-realty.com/en/transfer-thessaloniki-bansko/,makler-realty.com,page,,410,,no localized route for this URL,,
https://makler-realty.com/floors/1/,makler-realty.com,taxonomy,1,410,,floors archive has no indexable equivalent,,
https://makler-realty.com/floors/2/,makler-realty.com,taxonomy,2,410,,floors archive has no indexable equivalent,,
https://makler-realty.com/floors/3/,makler-realty.com,taxonomy,3,410,,floors archive has no indexable equivalent,,
https://makler-realty.com/floors/4/,makler-realty.com,taxonomy,4,410,,floors archive has no indexable equivalent,,
https://makler-realty.com/floors/5/,makler-realty.com,taxonomy,5,410,,floors archive has no indexable equivalent,,
https://makler-realty.com/floors/6/,makler-realty.com,taxonomy,6,410,,floors archive has no indexable equivalent,,
https://makler-realty.com/location/%d0%b3%d1%8a%d1%80%d1%86%d0%b8%d1%8f/,makler-realty.com,taxonomy,Гърция,410,,location archive has no indexable equivalent,,
https://makler-realty.com/location/bulgaria/,makler-realty.com,taxonomy,България,410,,location archive has no indexable equivalent,,
https://makler-realty.com/nl,makler-realty.com,page,Vastgoed in Bulgarije,410,,no localized route for this URL,,
https://makler-realty.com/nl/,makler-realty.com,page,Vastgoed in Bulgarije,410,,no localized route for this URL,,
https://makler-realty.com/nl/%D0%BF%D0%BE%D0%BB%D0%B8%D1%82%D0%B8%D0%BA%D0%B0-%D0%B7%D0%B0-%D0%B7%D0%B0%D1%89%D0%B8%D1%82%D0%B0-%D0%BD%D0%B0-%D0%BB%D0%B8%D1%87%D0%BD%D0%B8%D1%82%D0%B5-%D0%B4%D0%B0%D0%BD%D0%BD%D0%B8/,makler-realty.com,page,Datenschutz-Bestimmungen,410,,no localized route for this URL,,
https://makler-realty.com/nl/%d0%b3%d0%bb%d0%b0%d0%b2%d0%bd%d0%b0%d1%8f/,makler-realty.com,page,Vastgoed in Bulgarije,410,,no localized route for this URL,,
https://makler-realty.com/nl/%d0%ba%d0%be%d0%bd%d1%82%d0%b0%d0%ba%d1%82%d0%b8/,makler-realty.com,page,Contacten / Impressum,410,,no localized route for this URL,,
https://makler-realty.com/nl/%d0%be%d1%84%d0%be%d1%80%d0%bc%d0%bb%d0%b5%d0%bd%d0%b8%d0%b5-%d1%81%d0%b4%d0%b5%d0%bb%d0%ba%d0%b8-%d0%bd%d0%b5%d0%b4%d0%b2%d0%b8%d0%b6%d0%b8%d0%bc%d0%be%d1%81%d1%82%d1%8c-%d0%b1%d0%be%d0%bb%d0%b3/,makler-realty.com,page,HOE KOPEN,410,,no localized route for this URL,,
https://makler-realty.com/nl/%d0%be-%d0%ba%d0%be%d0%bc%d0%bf%d0%b0%d0%bd%d0%b8%d0%b8/,makler-realty.com,page,Over ons,410,,no localized route for this URL,,
https://makler-realty.com/nl/%d0%bf%d0%b0%d1%80%d1%82%d0%bd%d1%8c%d0%be%d1%80%d0%b8/,makler-realty.com,page,Partners,410,,no localized route for this URL,,
https://makler-realty.com/nl/%d1%82%d0%b0%d0%ba%d1%81%d0%b8-%d0%b8%d0%b7-%d1%81%d0%be%d1%84%d0%b8%d0%b8-%d0%b2-%d1%81%d0%b0%d0%bd%d0%b4%d0%b0%d0%bd%d1%81%d0%ba%d0%b8/,makler-realty.com,page,,410,,no localized route for this URL,,
https://makler-realty.com/nl/%d1%82%d1%80%d0%b0%d0%bd%d1%81%d1%84%d0%b5%d1%80-%d1%81%d0%b0%d0%bb%d0%be%d0%bd%d0%b8%d0%ba%d0%b8-%d1%81%d0%b0%d0%bd%d0%b4%d0%b0%d0%bd%d1%81%d0%ba%d0%b8/,makler-realty.com,page,,410,,no localized route for this URL,,
https://makler-realty.com/nl/category-type/%d0%b5lite-realtor/,makler-realty.com,taxonomy,Luxe Vastgoed,410,,no canonical family for category-type/еlite-realtor,,
https://makler-realty.com/nl/category-type/%d1%81%d0%b5%d0%bb%d1%8c%d1%81%d0%ba%d0%be%d1%85%d0%be%d0%b7%d1%8f%d0%b9%d1%81%d1%82%d0%b2%d0%b5%d0%bd%d0%bd%d0%b0%d1%8f-%d0%b7%d0%b5%d0%bc%d0%bb%d1%8f/,makler-realty.com,taxonomy,,301,/nl/zoeken?property_family=agricultural_land,property type archive,,
https://makler-realty.com/nl/category-type/%d1%83%d1%87%d0%b0%d1%81%d1%82%d0%be%d0%ba-%d0%b7%d0%b5%d0%bc%d0%bb%d0%b8/,makler-realty.com,taxonomy,,301,/nl/zoeken?property_family=plot,property type archive,,
https://makler-realty.com/nl/category-type/apartment/,makler-realty.com,taxonomy,Appartementen,301,/nl/zoeken?property_family=apartment,property type archive,,
https://makler-realty.com/nl/category-type/commercial-area/,makler-realty.com,taxonomy,Commerciële ruimte,301,/nl/zoeken?property_family=commercial,property type archive,,
https://makler-realty.com/nl/category-type/dom/,makler-realty.com,taxonomy,,301,/nl/zoeken?property_family=house,property type archive,,
https://makler-realty.com/nl/category-type/hotel/,makler-realty.com,taxonomy,Hotels,301,/nl/zoeken?property_family=hotel,property type archive,,
https://makler-realty.com/nl/category-type/house-floor/,makler-realty.com,taxonomy,,301,/nl/zoeken?property_family=house,property type archive,,
https://makler-realty.com/nl/category-type/industrial-building/,makler-realty.com,taxonomy,Industriële gebouwen,301,/nl/zoeken?property_family=commercial,property type archive,,
https://makler-realty.com/nl/category-type/office-building/,makler-realty.com,taxonomy,Kantoor gebouwen,301,/nl/zoeken?property_family=commercial,property type archive,,
https://makler-realty.com/nl/category-type/office/,makler-realty.com,taxonomy,,301,/nl/zoeken?property_family=commercial,property type archive,,
https://makler-realty.com/nl/category-type/studio/,makler-realty.com,taxonomy,,301,/nl/zoeken?property_family=apartment,property type archive,,
https://makler-realty.com/nl/category-type/villa/,makler-realty.com,taxonomy,,301,/nl/zoeken?property_family=house,property type archive,,
https://makler-realty.com/nl/resort/%d0%bd%d0%b5%d0%b4%d0%b2%d0%b8%d0%b6%d0%b8%d0%bc%d0%be%d1%81%d1%82%d1%8c-%d0%b2-%d0%b1%d0%b0%d0%bd%d1%81%d0%ba%d0%be/,makler-realty.com,taxonomy,,410,,no location page for resort/недвижимость-в-банско,,
https://makler-realty.com/nl/resort/%d0%bd%d0%b5%d0%b4%d0%b2%d0%b8%d0%b6%d0%b8%d0%bc%d0%be%d1%81%d1%82%d1%8c-%d0%b2-%d1%81%d0%b0%d0%bd%d0%b4%d0%b0%d0%bd%d1%81%d0%ba%d0%b8/,makler-realty.com,taxonomy,Sandanski,301,/nl/locaties/sandanski,resort archive with inventory,,
https://makler-realty.com/nl/resort/%d0%bd%d0%b5%d0%b4%d0%b2%d0%b8%d0%b6%d0%b8%d0%bc%d0%be%d1%81%d1%82%d1%8c-%d1%81%d0%b2%d1%8f%d1%82%d0%be%d0%b9-%d0%b2%d0%bb%d0%b0%d1%81/,makler-realty.com,taxonomy,,410,,no location page for resort/недвижимость-святой-влас,,
https://makler-realty.com/nl/resort/nafplio/,makler-realty.com,taxonomy,,410,,no location page for resort/nafplio,,
https://makler-realty.com/nl/services/,makler-realty.com,page,DIENSTEN,410,,no localized route for this URL,,
https://makler-realty.com/nl/transfer-thessaloniki-bansko/,makler-realty.com,page,,410,,no localized route for this URL,,
https://makler-realty.com/property/rent/,makler-realty.com,taxonomy,Наем,301,/bg/tarsene?offer_type=rent,offer type archive,,
https://makler-realty.com/property/sell/,makler-realty.com,taxonomy,Продажба,301,/bg/tarsene?offer_type=sale,offer type archive,,
https://makler-realty.com/resort/%d0%bc%d0%be%d1%80%d1%81%d0%ba%d0%b8%d0%b5-%d0%ba%d1%83%d1%80%d0%be%d1%80%d1%82%d1%8b-%d0%b1%d0%be%d0%bb%d0%b3%d0%b0%d1%80%d0%b8%d0%b8/,makler-realty.com,taxonomy,Морски куроти,410,,no location page for resort/морские-курорты-болгарии,,
https://makler-realty.com/resort/%d0%bd%d0%b5%d0%b4%d0%b2%d0%b8%d0%b6%d0%b8%d0%bc%d0%be%d1%81%d1%82%d1%8c-%d0%b2-%d0%b1%d0%b0%d0%bd%d1%81%d0%ba%d0%be/,makler-realty.com,taxonomy,Банско,410,,no location page for resort/недвижимость-в-банско,,
https://makler-realty.com/resort/%d0%bd%d0%b5%d0%b4%d0%b2%d0%b8%d0%b6%d0%b8%d0%bc%d0%be%d1%81%d1%82%d1%8c-%d0%b2-%d0%bc%d0%b5%d0%bb%d0%bd%d0%b8%d0%ba/,makler-realty.com,taxonomy,Мелник,410,,no location page for resort/недвижимость-в-мелник,,
https://makler-realty.com/resort/%d0%bd%d0%b5%d0%b4%d0%b2%d0%b8%d0%b6%d0%b8%d0%bc%d0%be%d1%81%d1%82%d1%8c-%d0%b2-%d1%81%d0%b0%d0%bd%d0%b4%d0%b0%d0%bd%d1%81%d0%ba%d0%b8/,makler-realty.com,taxonomy,Сандански,301,/bg/lokacii/sandanski,resort archive with inventory,,
https://makler-realty.com/resort/%d0%bd%d0%b5%d0%b4%d0%b2%d0%b8%d0%b6%d0%b8%d0%bc%d0%be%d1%81%d1%82%d1%8c-%d1%81%d0%b2%d1%8f%d1%82%d0%be%d0%b9-%d0%b2%d0%bb%d0%b0%d1%81/,makler-realty.com,taxonomy,Свети Влас,410,,no location page for resort/недвижимость-святой-влас,,
https://makler-realty.com/resort/%d0%bf%d0%b0%d1%80%d0%b0%d0%bb%d0%b8%d1%8f-%d0%be%d1%84%d1%80%d0%b8%d0%bd%d0%b8%d0%be/,makler-realty.com,taxonomy,Паралия Офринио,410,,no location page for resort/паралия-офринио,,
https://makler-realty.com/resort/blagoevgrad/,makler-realty.com,taxonomy,Благоевград,410,,no location page for resort/blagoevgrad,,
https://makler-realty.com/resort/halkidiki/,makler-realty.com,taxonomy,Халкидики,410,,no location page for resort/halkidiki,,
https://makler-realty.com/resort/loggari/,makler-realty.com,taxonomy,Логари,410,,no location page for resort/loggari,,
https://makler-realty.com/resort/nafplio/,makler-realty.com,taxonomy,Нафплио,410,,no location page for resort/nafplio,,
https://makler-realty.com/resort/other/,makler-realty.com,taxonomy,Други,410,,no location page for resort/other,,
https://makler-realty.com/resort/petrich/,makler-realty.com,taxonomy,Петрич,301,/bg/lokacii/petrich,resort archive with inventory,,
https://makler-realty.com/resort/skiing-resort/,makler-realty.com,taxonomy,Ски курорти,410,,no location page for resort/skiing-resort,,
https://makler-realty.com/resort/spa-resorts/,makler-realty.com,taxonomy,СПА Курорт,410,,no location page for resort/spa-resorts,,
https://makler-realty.com/resort/thessaloniki/,makler-realty.com,taxonomy,Солун,410,,no location page for resort/thessaloniki,,
https://makler-realty.com/search/,makler-realty.com,page,Търсене на недвижими имоти в Сандански,410,,no localized route for this URL,,
https://makler-realty.com/services/,makler-realty.com,page,Услуги,410,,no localized route for this URL,,
https://makler-realty.com/transfer-thessaloniki-bansko/,makler-realty.com,post,,410,,no localized route for this URL,,
https://makler-realty.com/type/%d0%bf%d1%80%d0%be%d0%b4%d0%b0%d0%bd/,makler-realty.com,taxonomy,Продаден,410,,type archive has no indexable equivalent,,
https://makler-realty.com/type/featured/,makler-realty.com,taxonomy,Featured,410,,type archive has no indexable equivalent,,
https://makler-realty.com/type/front/,makler-realty.com,taxonomy,Front,410,,type archive has no indexable equivalent,,
https://makler-realty.com/type/reduced/,makler-realty.com,taxonomy,Reduced,410,,type archive has no indexable equivalent,,
https://makler-realty.ru,makler-realty.ru,page,Недвижимость в Болгарии,410,,site root is handled by the preservation contract,,
https://makler-realty.ru/,makler-realty.ru,page,Недвижимость в Болгарии,410,,site root is handled by the preservation contract,,
https://makler-realty.ru/%d0%b0%d0%bf%d1%82%d0%b5%d0%ba%d0%b8-%d0%b2-%d0%b3-%d1%81%d0%b0%d0%bd%d0%b4%d0%b0%d0%bd%d1%81%d0%ba%d0%b8/,makler-realty.ru,post,,410,,no localized route for this URL,,
https://makler-realty.ru/%d0%b1%d0%be%d0%bb%d0%b3%d0%b0%d1%80%d0%b8%d1%8f-%d0%b3%d0%bb%d0%b0%d0%b7%d0%b0%d0%bc%d0%b8-%d0%bf%d0%b5%d1%80%d0%b5%d1%81%d0%b5%d0%bb%d0%b5%d0%bd%d1%86%d0%b5%d0%b2/,makler-realty.ru,post,,410,,no localized route for this URL,,
https://makler-realty.ru/%d0%b1%d0%be%d0%bb%d0%b3%d0%b0%d1%80%d0%b8%d1%8f-%d0%b3%d0%bb%d0%b0%d0%b7%d0%b0%d0%bc%d0%b8-%d0%bf%d0%b5%d1%80%d0%b5%d1%81%d0%b5%d0%bb%d0%b5%d0%bd%d1%86%d0%b5%d0%b21/,makler-realty.ru,post,,410,,no localized route for this URL,,
https://makler-realty.ru/%d0%b1%d0%be%d0%bb%d0%b3%d0%b0%d1%80%d1%81%d0%ba%d0%b0%d1%8f-%d0%ba%d1%83%d1%85%d0%bd%d1%8f/,makler-realty.ru,post,,410,,no localized route for this URL,,
https://makler-realty.ru/%d0%b2%d0%b0%d0%bd%d0%b3%d0%b0-%d1%82%d0%b0%d0%b9%d0%bd%d0%b0-%d0%b4%d0%b0%d1%80%d0%b0-%d0%b1%d0%be%d0%bb%d0%b3%d0%b0%d1%80%d1%81%d0%ba%d0%be%d0%b9-%d1%8f%d1%81%d0%bd%d0%be%d0%b2%d0%b8%d0%b4%d0%b5/,makler-realty.ru,post,Ванга.Тайна дара болгарской ясновидещей.,410,,no localized route for this URL,,
https://makler-realty.ru/%d0%b2%d0%b2%d0%be%d0%b7-%d0%b2%d0%b0%d0%bb%d1%8e%d1%82%d1%8b-%d0%b2-%d0%b1%d0%be%d0%bb%d0%b3%d0%b0%d1%80%d0%b8%d1%8e/,makler-realty.ru,post,,410,,no localized route for this URL,,
https://makler-realty.ru/%d0%b2%d0%bd%d0%b8%d0%bc%d0%b0%d0%bd%d0%b8%d0%b5-%d1%87%d0%b5%d1%80%d0%bd%d1%8b%d0%b5-%d1%80%d0%b8%d1%8d%d0%bb%d1%82%d0%be%d1%80%d1%8b-%d0%b2-%d1%81%d0%b0%d0%bd%d0%b4%d0%b0%d0%bd%d1%81%d0%ba%d0%b8/,makler-realty.ru,post,,410,,no localized route for this URL,,
https://makler-realty.ru/%d0%b2%d0%be%d0%bf%d1%80%d0%be%d1%81-%d0%be%d1%82%d0%b2%d0%b5%d1%82-%d0%bd%d0%b5%d0%b4%d0%b2%d0%b8%d0%b6%d0%b8%d0%bc%d0%be%d1%81%d1%82%d1%8c-%d0%b1%d0%be%d0%bb%d0%b3%d0%b0%d1%80%d0%b8%d1%8f/,makler-realty.ru,page,Вопрос-ответ,410,,no localized route for this URL,,
https://makler-realty.ru/%d0%b2%d0%be%d0%bf%d1%80%d0%be%d1%81-%d0%be%d1%82%d0%b2%d0%b5%d1%82-%d0%bd%d0%b5%d0%b4%d0%b2%d0%b8%d0%b6%d0%b8%d0%bc%d0%be%d1%81%d1%82%d1%8c-%d0%b1%d0%be%d0%bb%d0%b3%d0%b0%d1%80%d0%b8%d1%8f/%d0%ba%d0%b0%d0%ba-%d0%b2%d1%8b%d0%b1%d1%80%d0%b0%d1%82%d1%8c-%d0%b0%d0%b3%d0%b5%d0%bd%d1%82%d1%81%d1%82%d0%b2%d0%be-%d0%bd%d0%b5%d0%b4%d0%b2%d0%b8%d0%b6%d0%b8%d0%bc%d0%be%d1%81%d1%82%d0%b8/,makler-realty.ru,page,Как выбрать агентство недвижимости,410,,вопрос-ответ-недвижимость-болгария archive has no indexable equivalent,,
https://makler-realty.ru/%d0%b2%d0%be%d0%bf%d1%80%d0%be%d1%81-%d0%be%d1%82%d0%b2%d0%b5%d1%82-%d0%bd%d0%b5%d0%b4%d0%b2%d0%b8%d0%b6%d0%b8%d0%bc%d0%be%d1%81%d1%82%d1%8c-%d0%b1%d0%be%d0%bb%d0%b3%d0%b0%d1%80%d0%b8%d1%8f/chto-takoe-bulstat/,makler-realty.ru,page,Что такое булстат?,410,,вопрос-ответ-недвижимость-болгария archive has no indexable equivalent,,
https://makler-realty.ru/%d0%b2%d0%be%d0%bf%d1%80%d0%be%d1%81-%d0%be%d1%82%d0%b2%d0%b5%d1%82-%d0%bd%d0%b5%d0%b4%d0%b2%d0%b8%d0%b6%d0%b8%d0%bc%d0%be%d1%81%d1%82%d1%8c-%d0%b1%d0%be%d0%bb%d0%b3%d0%b0%d1%80%d0%b8%d1%8f/kak-dolgo-oformlqetsq-nedwizhimost-v-sobstvenost/,makler-realty.ru,page,Как долго оформляется в собственность выбранная нами недвижимость в Болгарии?,410,,вопрос-ответ-недвижимость-болгария archive has no indexable equivalent,,
https://makler-realty.ru/%d0%b2%d0%be%d0%bf%d1%80%d0%be%d1%81-%d0%be%d1%82%d0%b2%d0%b5%d1%82-%d0%bd%d0%b5%d0%b4%d0%b2%d0%b8%d0%b6%d0%b8%d0%bc%d0%be%d1%81%d1%82%d1%8c-%d0%b1%d0%be%d0%bb%d0%b3%d0%b0%d1%80%d0%b8%d1%8f/kak-dolgo-oformlqetsq-notarialnij-akt/,makler-realty.ru,page,Как долго оформляется Нотариальный акт?,410,,вопрос-ответ-недвижимость-болгария archive has no indexable equivalent,,
https://makler-realty.ru/%d0%b2%d0%be%d0%bf%d1%80%d0%be%d1%81-%d0%be%d1%82%d0%b2%d0%b5%d1%82-%d0%bd%d0%b5%d0%b4%d0%b2%d0%b8%d0%b6%d0%b8%d0%bc%d0%be%d1%81%d1%82%d1%8c-%d0%b1%d0%be%d0%bb%d0%b3%d0%b0%d1%80%d0%b8%d1%8f/kak-kupit-i-zaregistrirovat-avto-v-bolgarii/,makler-realty.ru,page,Как купить и зарегистрировать автомобиль в Болгарии,410,,вопрос-ответ-недвижимость-болгария archive has no indexable equivalent,,
https://makler-realty.ru/%d0%b2%d0%be%d0%bf%d1%80%d0%be%d1%81-%d0%be%d1%82%d0%b2%d0%b5%d1%82-%d0%bd%d0%b5%d0%b4%d0%b2%d0%b8%d0%b6%d0%b8%d0%bc%d0%be%d1%81%d1%82%d1%8c-%d0%b1%d0%be%d0%bb%d0%b3%d0%b0%d1%80%d0%b8%d1%8f/kak-otnosqtsq-bolgari-k-inostrantsam/,makler-realty.ru,page,Как болгары относятся к иностранцам?,410,,вопрос-ответ-недвижимость-болгария archive has no indexable equivalent,,
https://makler-realty.ru/%d0%b2%d0%be%d0%bf%d1%80%d0%be%d1%81-%d0%be%d1%82%d0%b2%d0%b5%d1%82-%d0%bd%d0%b5%d0%b4%d0%b2%d0%b8%d0%b6%d0%b8%d0%bc%d0%be%d1%81%d1%82%d1%8c-%d0%b1%d0%be%d0%bb%d0%b3%d0%b0%d1%80%d0%b8%d1%8f/kak-polichit-vnzh-v-bolgarii/,makler-realty.ru,page,Как получить ВНЖ в Болгарии,410,,вопрос-ответ-недвижимость-болгария archive has no indexable equivalent,,
https://makler-realty.ru/%d0%b2%d0%be%d0%bf%d1%80%d0%be%d1%81-%d0%be%d1%82%d0%b2%d0%b5%d1%82-%d0%bd%d0%b5%d0%b4%d0%b2%d0%b8%d0%b6%d0%b8%d0%bc%d0%be%d1%81%d1%82%d1%8c-%d0%b1%d0%be%d0%bb%d0%b3%d0%b0%d1%80%d0%b8%d1%8f/kak-poluchit-grazhdanstvo-bolgarii/,makler-realty.ru,page,Как получить гражданство Болгарии,410,,вопрос-ответ-недвижимость-болгария archive has no indexable equivalent,,
https://makler-realty.ru/%d0%b2%d0%be%d0%bf%d1%80%d0%be%d1%81-%d0%be%d1%82%d0%b2%d0%b5%d1%82-%d0%bd%d0%b5%d0%b4%d0%b2%d0%b8%d0%b6%d0%b8%d0%bc%d0%be%d1%81%d1%82%d1%8c-%d0%b1%d0%be%d0%bb%d0%b3%d0%b0%d1%80%d0%b8%d1%8f/kak-poluchit-pmzh-v-bolgarii/,makler-realty.ru,page,Как получить ПМЖ в Болгарии,410,,вопрос-ответ-недвижимость-болгария archive has no indexable equivalent,,
https://makler-realty.ru/%d0%b2%d0%be%d0%bf%d1%80%d0%be%d1%81-%d0%be%d1%82%d0%b2%d0%b5%d1%82-%d0%bd%d0%b5%d0%b4%d0%b2%d0%b8%d0%b6%d0%b8%d0%bc%d0%be%d1%81%d1%82%d1%8c-%d0%b1%d0%be%d0%bb%d0%b3%d0%b0%d1%80%d0%b8%d1%8f/kak-proverit-agentstvo-nedvizhimosti/,makler-realty.ru,page,Как проверить агентство недвижимости,410,,вопрос-ответ-недвижимость-болгария archive has no indexable equivalent,,
https://makler-realty.ru/%d0%b2%d0%be%d0%bf%d1%80%d0%be%d1%81-%d0%be%d1%82%d0%b2%d0%b5%d1%82-%d0%bd%d0%b5%d0%b4%d0%b2%d0%b8%d0%b6%d0%b8%d0%bc%d0%be%d1%81%d1%82%d1%8c-%d0%b1%d0%be%d0%bb%d0%b3%d0%b0%d1%80%d0%b8%d1%8f/kakie-v-bolgarii-kommunalnie-platezhi/,makler-realty.ru,page,Какие е Болгарии коммунальные платежи,410,,вопрос-ответ-недвижимость-болгария archive has no indexable equivalent,,
https://makler-realty.ru/%d0%b2%d0%be%d0%bf%d1%80%d0%be%d1%81-%d0%be%d1%82%d0%b2%d0%b5%d1%82-%d0%bd%d0%b5%d0%b4%d0%b2%d0%b8%d0%b6%d0%b8%d0%bc%d0%be%d1%81%d1%82%d1%8c-%d0%b1%d0%be%d0%bb%d0%b3%d0%b0%d1%80%d0%b8%d1%8f/kupit-nedvizhimost-u-zastroishika-ili-charez-agentstvo-nedvizhimosti/,makler-realty.ru,page,Купить недвижимость у застройщика или через агентство недвижимости,410,,вопрос-ответ-недвижимость-болгария archive has no indexable equivalent,,
https://makler-realty.ru/%d0%b2%d0%be%d0%bf%d1%80%d0%be%d1%81-%d0%be%d1%82%d0%b2%d0%b5%d1%82-%d0%bd%d0%b5%d0%b4%d0%b2%d0%b8%d0%b6%d0%b8%d0%bc%d0%be%d1%81%d1%82%d1%8c-%d0%b1%d0%be%d0%bb%d0%b3%d0%b0%d1%80%d0%b8%d1%8f/neobhodimie-dokumenti-dlq-pokupki-kvartiri-v-bolgarii/,makler-realty.ru,page,Необходимые документы для покупки квартиры или дома в Болгарии,410,,вопрос-ответ-недвижимость-болгария archive has no indexable equivalent,,
https://makler-realty.ru/%d0%b2%d0%be%d0%bf%d1%80%d0%be%d1%81-%d0%be%d1%82%d0%b2%d0%b5%d1%82-%d0%bd%d0%b5%d0%b4%d0%b2%d0%b8%d0%b6%d0%b8%d0%bc%d0%be%d1%81%d1%82%d1%8c-%d0%b1%d0%be%d0%bb%d0%b3%d0%b0%d1%80%d0%b8%d1%8f/pochemu-nuzhna-firma-dlq-pokupki-doma-v-bolgarii/,makler-realty.ru,page,"Почему я должен регистрировать компанию, что бы купить дом в Болгарии?",410,,вопрос-ответ-недвижимость-болгария archive has no indexable equivalent,,
https://makler-realty.ru/%d0%b2%d0%be%d0%bf%d1%80%d0%be%d1%81-%d0%be%d1%82%d0%b2%d0%b5%d1%82-%d0%bd%d0%b5%d0%b4%d0%b2%d0%b8%d0%b6%d0%b8%d0%bc%d0%be%d1%81%d1%82%d1%8c-%d0%b1%d0%be%d0%bb%d0%b3%d0%b0%d1%80%d0%b8%d1%8f/skolko-vremeni-neobhodimo-dlq-vibora-nedvizhimosti-ipredvaritelnogo-dogovora/,makler-realty.ru,page,Сколько времени необходимо для выбора недвижимости и оформления предварительного договора,410,,вопрос-ответ-недвижимость-болгария archive has no indexable equivalent,,
https://makler-realty.ru/%d0%b3%d0%bb%d0%b0%d0%b2%d0%bd%d0%b0%d1%8f/,makler-realty.ru,page,Недвижимость в Болгарии,410,,no localized route for this URL,,
https://makler-realty.ru/%d0%b4%d0%be%d1%81%d1%82%d0%be%d0%bf%d1%80%d0%b8%d0%bc%d0%b5%d1%87%d0%b0%d1%82%d0%b5%d0%bb%d0%bd%d0%be%d1%81%d1%82%d0%b8/,makler-realty.ru,page,Достопримечательности,410,,no localized route for this URL,,
https://makler-realty.ru/%d0%ba%d0%b0%d0%ba-%d0%b4%d0%be%d0%b5%d1%85%d0%b0%d1%82%d1%8c-%d0%b8%d0%b7-%d1%81%d0%be%d1%84%d0%b8%d0%b8-%d0%b4%d0%be-%d1%81%d0%b0%d0%bd%d0%b4%d0%b0%d0%bd%d1%81%d0%ba%d0%b8/,makler-realty.ru,post,Как доехать из Софии до Сандански.,410,,no localized route for this URL,,
https://makler-realty.ru/%d0%ba%d0%b8%d0%bd%d0%b5%d0%b7%d0%b8%d1%82%d0%b5%d1%80%d0%b0%d0%bf%d0%b8%d1%8f-%d0%bc%d0%b0%d0%bd%d1%83%d0%b0%d0%bb%d1%8c%d0%bd%d0%b0%d1%8f-%d1%82%d0%b5%d1%80%d0%b0%d0%bf%d0%b8%d1%8f/,makler-realty.ru,post,,410,,no localized route for this URL,,
https://makler-realty.ru/%d0%ba%d0%be%d0%bd%d1%82%d0%b0%d0%ba%d1%82%d0%b8/,makler-realty.ru,page,Контакты,410,,no localized route for this URL,,
https://makler-realty.ru/%d0%ba%d1%83%d0%bf%d0%b8%d1%82%d1%8c-%d0%b4%d0%be%d0%bc-%d0%b2-%d1%81%d0%b0%d0%bd%d0%b4%d0%b0%d0%bd%d1%81%d0%ba%d0%b8/,makler-realty.ru,post,Купить дом в Сандански,410,,no localized route for this URL,,
https://makler-realty.ru/%d0%ba%d1%83%d0%bf%d0%b8%d1%82%d1%8c-%d0%ba%d0%b2%d0%b0%d1%80%d1%82%d0%b8%d1%80%d1%83-%d0%b2-%d1%81%d0%b0%d0%bd%d0%b4%d0%b0%d0%bd%d1%81%d0%ba%d0%b8/,makler-realty.ru,post,Купить квартиру в Сандански,410,,no localized route for this URL,,
https://makler-realty.ru/%d0%ba%d1%83%d1%80%d1%8c%d0%b5%d1%80%d1%81%d0%ba%d0%b8%d0%b5-%d1%84%d0%b8%d1%80%d0%bc%d1%8b-%d0%b2-%d0%b3%d0%be%d1%80%d0%be%d0%b4%d0%b5-%d1%81%d0%b0%d0%bd%d0%b4%d0%b0%d0%bd%d1%81%d0%ba%d0%b8/,makler-realty.ru,post,,410,,no localized route for this URL,,
https://makler-realty.ru/%d0%bc%d0%b0%d0%ba%d0%b5%d0%b4%d0%be%d0%bd%d0%b8%d1%8f-%d0%be%d0%b1%d0%bb%d0%b5%d0%b3%d1%87%d0%b0%d0%b5%d1%82-%d0%bf%d1%80%d0%b0%d0%b2%d0%b8%d0%bb%d0%b0-%d0%b2%d1%8a%d0%b5%d0%b7%d0%b4%d0%b0/,makler-realty.ru,post,Македония облегчает правила въезда,410,,no localized route for this URL,,
https://makler-realty.ru/%d0%bc%d0%b0%d0%ba%d0%b5%d0%b4%d0%be%d0%bd%d0%b8%d1%8f-%d0%bf%d1%83%d1%81%d1%82%d0%b8%d1%82-%d0%bf%d0%be-%d0%bf%d0%b0%d1%81%d0%bf%d0%be%d1%80%d1%82%d1%83/,makler-realty.ru,post,Македония пустит по паспорту,410,,no localized route for this URL,,
https://makler-realty.ru/%d0%bd%d0%b0%d1%88%d0%b8-%d0%bb%d1%83%d1%87%d1%88%d0%b8%d0%b5-%d0%bf%d1%80%d0%b5%d0%b4%d0%bb%d0%be%d0%b6%d0%b5%d0%bd%d0%b8%d1%8f-%d0%ba%d0%b2%d0%b0%d1%80%d1%82%d0%b8%d1%80-%d0%b2-%d1%81%d0%b0%d0%bd/,makler-realty.ru,post,Наши лучшие предложения квартир в Сандански,410,,no localized route for this URL,,
https://makler-realty.ru/%d0%bd%d0%b5%d0%b4%d0%b2%d0%b8%d0%b6%d0%b8%d0%bc%d0%be%d1%81%d1%82%d1%8c-%d0%b2-%d0%b1%d0%be%d0%bb%d0%b3%d0%b0%d1%80%d0%b8%d0%b8/,makler-realty.ru,post,,410,,no localized route for this URL,,
https://makler-realty.ru/%d0%bd%d0%b5%d0%b4%d0%b2%d0%b8%d0%b6%d0%b8%d0%bc%d0%be%d1%81%d1%82%d1%8c-%d0%b2-%d1%81%d0%b0%d0%bd%d0%b4%d0%b0%d0%bd%d1%81%d0%ba%d0%b8-%d0%b4%d0%b2%d1%83%d1%88%d0%ba%d0%b8/,makler-realty.ru,post,Недвижимость в Сандански. Двухкомнатные квартиры,410,,no localized route for this URL,,
https://makler-realty.ru/%d0%bd%d0%b5%d0%b4%d0%b2%d0%b8%d0%b6%d0%b8%d0%bc%d0%be%d1%81%d1%82%d1%8c-%d0%b2-%d1%81%d0%b0%d0%bd%d0%b4%d0%b0%d0%bd%d1%81%d0%ba%d0%b8/,makler-realty.ru,post,Недвижимость в Сандански,410,,no localized route for this URL,,
https://makler-realty.ru/%d0%bd%d0%be%d0%b2%d1%8b%d0%b9-%d1%84%d0%b8%d0%bb%d1%8c%d0%bc-%d0%be-%d0%b2%d0%b0%d0%bd%d0%b3%d0%b5/,makler-realty.ru,post,Новый фильм о Ванге,410,,no localized route for this URL,,
https://makler-realty.ru/%d0%bd%d0%be%d1%82%d0%b0%d1%80%d0%b8%d1%83%d1%81%d1%8b-%d0%b2-%d0%b3%d0%be%d1%80%d0%be%d0%b4%d0%b5-%d1%81%d0%b0%d0%bd%d0%b4%d0%b0%d0%bd%d1%81%d0%ba%d0%b8/,makler-realty.ru,post,,410,,no localized route for this URL,,
https://makler-realty.ru/%d0%be%d0%b1%d1%89%d0%b0%d1%8f-%d0%bf%d0%bb%d0%be%d1%89%d0%b0%d0%b4%d1%8c-%d0%ba%d0%b2%d0%b0%d1%80%d1%82%d0%b8%d1%80%d1%8b-%d1%87%d1%82%d0%be-%d1%8d%d1%82%d0%be/,makler-realty.ru,post,,410,,no localized route for this URL,,
https://makler-realty.ru/%d0%be%d1%84%d0%be%d1%80%d0%bc%d0%bb%d0%b5%d0%bd%d0%b8%d0%b5-%d1%81%d0%b4%d0%b5%d0%bb%d0%ba%d0%b8-%d0%bd%d0%b5%d0%b4%d0%b2%d0%b8%d0%b6%d0%b8%d0%bc%d0%be%d1%81%d1%82%d1%8c-%d0%b1%d0%be%d0%bb%d0%b3/,makler-realty.ru,page,Порядок оформления,410,,no localized route for this URL,,
https://makler-realty.ru/%d0%bf%d0%b0%d1%80%d1%82%d0%bd%d1%8c%d0%be%d1%80%d0%b8/,makler-realty.ru,page,Партнеры,410,,no localized route for this URL,,
https://makler-realty.ru/%d0%bf%d1%80%d0%b0%d0%b7%d0%b4%d0%bd%d0%b8%d0%ba%d0%b8-%d0%b1%d0%be%d0%bb%d0%b3%d0%b0%d1%80%d0%b8%d0%b8/,makler-realty.ru,post,,410,,no localized route for this URL,,
https://makler-realty.ru/%d0%bf%d1%80%d0%be%d0%b4%d0%b0%d0%b6%d0%b0-%d0%ba%d0%b2%d0%b0%d1%80%d1%82%d0%b8%d1%80-%d1%81%d0%b0%d0%bd%d0%b4%d0%b0%d0%bd%d1%81%d0%ba%d0%b8/,makler-realty.ru,post,Продажа квартир в Сандански,410,,no localized route for this URL,,
https://makler-realty.ru/%d1%80%d1%83%d1%81%d1%81%d0%ba%d0%b8%d0%b5-%d0%b2-%d1%81%d0%b0%d0%bd%d0%b4%d0%b0%d0%bd%d1%81%d0%ba%d0%b8/,makler-realty.ru,post,Русские в Сандански,410,,no localized route for this URL,,
https://makler-realty.ru/%d1%81%d0%b0%d0%bd%d0%b4%d0%b0%d0%bd%d1%81%d0%ba%d0%b8-%d0%b1%d0%be%d0%bb%d0%b3%d0%b0%d1%80%d0%b8%d1%8f/,makler-realty.ru,post,Сандански Болгария,410,,no localized route for this URL,,
https://makler-realty.ru/%d1%81%d0%b0%d0%bd%d0%b4%d0%b0%d0%bd%d1%81%d0%ba%d0%b8-%d0%bb%d0%b5%d1%87%d0%b5%d0%bd%d0%b8%d0%b5-%d0%b0%d1%81%d1%82%d0%bc%d1%8b/,makler-realty.ru,post,,410,,no localized route for this URL,,
https://makler-realty.ru/%d1%81%d0%b0%d0%bd%d0%b4%d0%b0%d0%bd%d1%81%d0%ba%d0%b8-%d0%bb%d0%b5%d1%87%d0%b5%d0%bd%d0%b8%d0%b5/,makler-realty.ru,post,Сандански лечение,410,,no localized route for this URL,,
https://makler-realty.ru/%d1%81%d0%b0%d0%bd%d0%b4%d0%b0%d0%bd%d1%81%d0%ba%d0%b8-%d0%bb%d1%83%d1%87%d1%88%d0%b8%d0%b9-%d1%81%d0%bf%d0%b0-%d0%ba%d1%83%d1%80%d0%be%d1%80%d1%82-2009-%d0%b3%d0%be%d0%b4%d0%b0/,makler-realty.ru,post,Сандански – лучший СПА-курорт 2009 года.,410,,no localized route for this URL,,
https://makler-realty.ru/%d1%81%d0%b0%d0%bd%d0%b4%d0%b0%d0%bd%d1%81%d0%ba%d0%b8/,makler-realty.ru,post,,410,,no localized route for this URL,,
https://makler-realty.ru/%d1%81%d1%82%d0%b0%d1%82%d1%8c%d0%b8-%d0%be-%d0%b1%d0%be%d0%bb%d0%b3%d0%b0%d1%80%d0%b8%d0%b8/,makler-realty.ru,page,Статьи,410,,no localized route for this URL,,
https://makler-realty.ru/%d1%81%d1%82%d1%80%d0%be%d0%b8%d1%82%d0%b5%d0%bb%d1%8c%d1%81%d1%82%d0%b2%d0%be/,makler-realty.ru,page,Строительство,410,,no localized route for this URL,,
https://makler-realty.ru/%d1%82%d0%b0%d0%ba%d1%81%d0%b8-%d0%b2-%d1%81%d0%b0%d0%bd%d0%b4%d0%b0%d0%bd%d1%81%d0%ba%d0%b8/,makler-realty.ru,post,Такси в Сандански,410,,no localized route for this URL,,
https://makler-realty.ru/%d1%82%d0%b0%d0%ba%d1%81%d0%b8-%d0%b8%d0%b7-%d1%81%d0%be%d1%84%d0%b8%d0%b8-%d0%b2-%d1%81%d0%b0%d0%bd%d0%b4%d0%b0%d0%bd%d1%81%d0%ba%d0%b8/,makler-realty.ru,post,Трансфер София Сандански,410,,no localized route for this URL,,
https://makler-realty.ru/%d1%82%d1%80%d0%b0%d0%bd%d1%81%d1%84%d0%b5%d1%80-%d1%81%d0%b0%d0%bb%d0%be%d0%bd%d0%b8%d0%ba%d0%b8-%d1%81%d0%b0%d0%bd%d0%b4%d0%b0%d0%bd%d1%81%d0%ba%d0%b8/,makler-realty.ru,post,Трансфер Салоники Сандански.,410,,no localized route for this URL,,
https://makler-realty.ru/%d1%82%d1%80%d0%b0%d0%bd%d1%81%d1%84%d0%b5%d1%80-%d1%81%d0%be%d1%84%d0%b8%d1%8f-%d0%b1%d0%b0%d0%bd%d1%81%d0%ba%d0%be/,makler-realty.ru,post,Такси из Софии в Банско и обратно. Трансфер София-Банско,410,,no localized route for this URL,,
https://makler-realty.ru/%d1%83%d0%b1%d0%be%d1%80%d0%ba%d0%b0-%d0%ba%d0%b2%d0%b0%d1%80%d1%82%d0%b8%d1%80-%d1%81%d0%b0%d0%bd%d0%b4%d0%b0%d0%bd%d1%81%d0%ba%d0%b8/,makler-realty.ru,post,,410,,no localized route for this URL,,
https://makler-realty.ru/%d1%83%d1%81%d0%bb%d1%83%d0%b3%d0%b8-%d0%b2-%d1%81%d0%b0%d0%bd%d0%b4%d0%b0%d0%bd%d1%81%d0%ba%d0%b8/,makler-realty.ru,page,г.Сандански. Услуги.,410,,no localized route for this URL,,
https://makler-realty.ru/%d1%83%d1%81%d0%bb%d1%83%d0%b3%d0%b8-%d0%b2-%d1%81%d0%b0%d0%bd%d0%b4%d0%b0%d0%bd%d1%81%d0%ba%d0%b8/%d0%b8%d0%bd%d1%84%d0%be%d1%80%d0%bc%d0%b0%d1%86%d0%b8%d1%8f/,makler-realty.ru,page,Информация,410,,услуги-в-сандански archive has no indexable equivalent,,
https://makler-realty.ru/%d1%83%d1%81%d0%bb%d1%83%d0%b3%d0%b8-%d0%bd%d0%b5%d0%b4%d0%b2%d0%b8%d0%b6%d0%b8%d0%bc%d0%be%d1%81%d1%82%d1%8c-%d0%b1%d0%be%d0%bb%d0%b3%d0%b0%d1%80%d0%b8%d1%8f/,makler-realty.ru,page,Услуги,410,,no localized route for this URL,,
https://makler-realty.ru/%d1%87%d1%83%d0%b4%d0%be%d0%b4%d0%b5%d0%b9%d1%81%d1%82%d0%b2%d0%b5%d0%bd%d0%bd%d1%8b%d0%b5-%d0%bc%d0%b5%d1%81%d1%82%d0%b0-%d0%b2-%d0%b1%d0%be%d0%bb%d0%b3%d0%b0%d1%80%d0%b8%d0%b8-%d0%b7%d0%bb%d0%b0/,makler-realty.ru,post,,410,,no localized route for this URL,,
https://makler-realty.ru/%d1%8d%d0%ba%d1%81%d0%ba%d1%83%d1%80%d1%81%d0%b8%d0%b8-%d0%b2-%d0%b3%d0%be%d1%80%d0%be%d0%b4%d0%b5-%d1%81%d0%b0%d0%bd%d0%b4%d0%b0%d0%bd%d1%81%d0%ba%d0%b8/,makler-realty.ru,post,,410,,no localized route for this URL,,
https://makler-realty.ru/%d1%8d%d0%ba%d1%81%d0%ba%d1%83%d1%80%d1%81%d0%b8%d0%b8-%d0%b2-%d1%81%d0%b0%d0%bd%d0%b4%d0%b0%d0%bd%d1%81%d0%ba%d0%b8/,makler-realty.ru,page,Экскурсии,410,,no localized route for this URL,,
https://makler-realty.ru/balcon/1/,makler-realty.ru,page,1,410,,balcon archive has no indexable equivalent,,
https://makler-realty.ru/balcon/2/,makler-realty.ru,page,2,410,,balcon archive has no indexable equivalent,,
https://makler-realty.ru/balcon/3/,makler-realty.ru,page,3,410,,balcon archive has no indexable equivalent,,
https://makler-realty.ru/balcon/4/,makler-realty.ru,page,4,410,,balcon archive has no indexable equivalent,,
https://makler-realty.ru/bedroom/1/,makler-realty.ru,page,1,410,,bedroom archive has no indexable equivalent,,
https://makler-realty.ru/bedroom/2/,makler-realty.ru,page,2,410,,bedroom archive has no indexable equivalent,,
https://makler-realty.ru/bedroom/3/,makler-realty.ru,page,3,410,,bedroom archive has no indexable equivalent,,
https://makler-realty.ru/bedroom/4/,makler-realty.ru,page,4,410,,bedroom archive has no indexable equivalent,,
https://makler-realty.ru/bedroom/5/,makler-realty.ru,page,5,410,,bedroom archive has no indexable equivalent,,
https://makler-realty.ru/category-type/%d1%81%d0%b5%d0%bb%d1%8c%d1%81%d0%ba%d0%be%d1%85%d0%be%d0%b7%d1%8f%d0%b9%d1%81%d1%82%d0%b2%d0%b5%d0%bd%d0%bd%d0%b0%d1%8f-%d0%b7%d0%b5%d0%bc%d0%bb%d1%8f/,makler-realty.ru,taxonomy,Сельскохозяйственная земля,301,/ru/search?property_family=agricultural_land,property type archive,,
https://makler-realty.ru/category-type/%d1%83%d1%87%d0%b0%d1%81%d1%82%d0%be%d0%ba-%d0%b7%d0%b5%d0%bc%d0%bb%d0%b8/,makler-realty.ru,taxonomy,Участок,301,/ru/search?property_family=plot,property type archive,,
https://makler-realty.ru/category-type/apartment/,makler-realty.ru,taxonomy,Апартамент,301,/ru/search?property_family=apartment,property type archive,,
https://makler-realty.ru/category-type/commercial-area/,makler-realty.ru,taxonomy,Коммерческая недвижимость,301,/ru/search?property_family=commercial,property type archive,,
https://makler-realty.ru/category-type/dom/,makler-realty.ru,taxonomy,Дом,301,/ru/search?property_family=house,property type archive,,
https://makler-realty.ru/category-type/elite-realtor/,makler-realty.ru,taxonomy,Элитная недвижимость,410,,no canonical family for category-type/elite-realtor,,
https://makler-realty.ru/category-type/hotel/,makler-realty.ru,taxonomy,Отель,301,/ru/search?property_family=hotel,property type archive,,
https://makler-realty.ru/category-type/house-floor/,makler-realty.ru,taxonomy,Этаж от дома,301,/ru/search?property_family=house,property type archive,,
https://makler-realty.ru/category-type/industrial-building/,makler-realty.ru,taxonomy,Промышленное здание,301,/ru/search?property_family=commercial,property type archive,,
https://makler-realty.ru/category-type/magazin/,makler-realty.ru,taxonomy,Магазин,410,,no canonical family for category-type/magazin,,
https://makler-realty.ru/category-type/office-building/,makler-realty.ru,taxonomy,Офис сграда,301,/ru/search?property_family=commercial,property type archive,,
https://makler-realty.ru/category-type/office/,makler-realty.ru,taxonomy,Офис,301,/ru/search?property_family=commercial,property type archive,,
https://makler-realty.ru/category-type/restaurant/,makler-realty.ru,taxonomy,Ресторан,410,,no canonical family for category-type/restaurant,,
https://makler-realty.ru/category-type/studio/,makler-realty.ru,taxonomy,Студия,301,/ru/search?property_family=apartment,property type archive,,
https://makler-realty.ru/category-type/villa/,makler-realty.ru,taxonomy,Вилла,301,/ru/search?property_family=house,property type archive,,
https://makler-realty.ru/category/%d0%bd%d0%be%d0%b2%d0%b8%d0%bd%d0%b8/,makler-realty.ru,taxonomy,,410,,category archive has no indexable equivalent,,
https://makler-realty.ru/category/%d1%81%d1%82%d0%b0%d1%82%d0%b8%d0%b8/,makler-realty.ru,taxonomy,,410,,category archive has no indexable equivalent,,
https://makler-realty.ru/category/uncategorized/,makler-realty.ru,taxonomy,,410,,category archive has no indexable equivalent,,
https://makler-realty.ru/floors/1/,makler-realty.ru,taxonomy,1,410,,floors archive has no indexable equivalent,,
https://makler-realty.ru/floors/2/,makler-realty.ru,taxonomy,2,410,,floors archive has no indexable equivalent,,
https://makler-realty.ru/floors/3/,makler-realty.ru,taxonomy,3,410,,floors archive has no indexable equivalent,,
https://makler-realty.ru/floors/4/,makler-realty.ru,taxonomy,4,410,,floors archive has no indexable equivalent,,
https://makler-realty.ru/floors/5/,makler-realty.ru,taxonomy,5,410,,floors archive has no indexable equivalent,,
https://makler-realty.ru/listing/,makler-realty.ru,taxonomy,,410,,no localized route for this URL,,
https://makler-realty.ru/location/bulgaria/,makler-realty.ru,taxonomy,Болгария,410,,location archive has no indexable equivalent,,
https://makler-realty.ru/location/greece-property/,makler-realty.ru,taxonomy,Греция,410,,location archive has no indexable equivalent,,
https://makler-realty.ru/o-%d0%ba%d0%be%d0%bc%d0%bf%d0%b0%d0%bd%d0%b8%d0%b8/,makler-realty.ru,page,О компании,410,,no localized route for this URL,,
https://makler-realty.ru/prodat-nedvizhimost-v-bolgarii/,makler-realty.ru,page,Добавить объект,410,,no localized route for this URL,,
https://makler-realty.ru/property/rent/,makler-realty.ru,taxonomy,Аренда,301,/ru/search?offer_type=rent,offer type archive,,
https://makler-realty.ru/property/sell/,makler-realty.ru,taxonomy,Продажа,301,/ru/search?offer_type=sale,offer type archive,,
https://makler-realty.ru/resort/%d0%bc%d0%be%d1%80%d1%81%d0%ba%d0%b8%d0%b5-%d0%ba%d1%83%d1%80%d0%be%d1%80%d1%82%d1%8b-%d0%b1%d0%be%d0%bb%d0%b3%d0%b0%d1%80%d0%b8%d0%b8/,makler-realty.ru,taxonomy,Морские курорты,410,,no location page for resort/морские-курорты-болгарии,,
https://makler-realty.ru/resort/%d0%bd%d0%b5%d0%b4%d0%b2%d0%b8%d0%b6%d0%b8%d0%bc%d0%be%d1%81%d1%82%d1%8c-%d0%b2-%d0%b1%d0%b0%d0%bd%d1%81%d0%ba%d0%be/,makler-realty.ru,taxonomy,Банско,410,,no location page for resort/недвижимость-в-банско,,
https://makler-realty.ru/resort/%d0%bd%d0%b5%d0%b4%d0%b2%d0%b8%d0%b6%d0%b8%d0%bc%d0%be%d1%81%d1%82%d1%8c-%d0%b2-%d0%bc%d0%b5%d0%bb%d0%bd%d0%b8%d0%ba/,makler-realty.ru,taxonomy,Мелник,410,,no location page for resort/недвижимость-в-мелник,,
https://makler-realty.ru/resort/%d0%bd%d0%b5%d0%b4%d0%b2%d0%b8%d0%b6%d0%b8%d0%bc%d0%be%d1%81%d1%82%d1%8c-%d0%b2-%d1%81%d0%b0%d0%bd%d0%b4%d0%b0%d0%bd%d1%81%d0%ba%d0%b8/,makler-realty.ru,taxonomy,Сандански,301,/ru/locations/sandanski,resort archive with inventory,,
https://makler-realty.ru/resort/%d0%bf%d0%b0%d1%80%d0%b0%d0%bb%d0%b8%d1%8f-%d0%be%d1%84%d1%80%d0%b8%d0%bd%d0%b8%d0%be/,makler-realty.ru,taxonomy,Паралия Офринио,410,,no location page for resort/паралия-офринио,,
https://makler-realty.ru/resort/other/,makler-realty.ru,taxonomy,Други,410,,no location page for resort/other,,
https://makler-realty.ru/resort/skiing-resort/,makler-realty.ru,taxonomy,Лыжные курорты,410,,no location page for resort/skiing-resort,,
https://makler-realty.ru/resort/spa-resorts/,makler-realty.ru,taxonomy,Бальнеологические курорты,410,,no location page for resort/spa-resorts,,
https://makler-realty.ru/sandanski-%d1%81%d0%b0%d0%bd%d0%b4%d0%b0%d0%bd%d1%81%d0%ba%d0%b8/,makler-realty.ru,post,Сандански.,410,,no localized route for this URL,,
https://makler-realty.ru/search/,makler-realty.ru,page,Поиск недвижимости в Болгарии,410,,no localized route for this URL,,
https://makler-realty.ru/tag/%d0%ba%d1%83%d1%80%d1%8c%d0%b5%d1%80%d1%8b/,makler-realty.ru,taxonomy,,410,,tag archive has no indexable equivalent,,
https://makler-realty.ru/tag/%d0%bb%d0%b5%d1%87%d0%b5%d0%bd%d0%b8%d0%b5/,makler-realty.ru,taxonomy,,410,,tag archive has no indexable equivalent,,
https://makler-realty.ru/tag/%d0%bc%d0%b0%d0%ba%d0%b5%d0%b4%d0%be%d0%bd%d0%b8%d1%8f/,makler-realty.ru,taxonomy,,410,,tag archive has no indexable equivalent,,
https://makler-realty.ru/tag/%d0%bd%d0%b5%d0%b4%d0%b2%d0%b8%d0%b6%d0%b8%d0%bc%d0%be%d1%81%d1%82%d1%8c/,makler-realty.ru,taxonomy,,410,,tag archive has no indexable equivalent,,
https://makler-realty.ru/tag/%d1%80%d1%83%d1%81%d1%81%d0%ba%d0%b8%d0%b5/,makler-realty.ru,taxonomy,,410,,tag archive has no indexable equivalent,,
https://makler-realty.ru/tag/%d1%81%d0%b0%d0%bd%d0%b4%d0%b0%d0%bd%d1%81%d0%ba%d0%b8-2/,makler-realty.ru,taxonomy,,410,,tag archive has no indexable equivalent,,
https://makler-realty.ru/tag/657/,makler-realty.ru,taxonomy,,410,,tag archive has no indexable equivalent,,
https://makler-realty.ru/tag/658/,makler-realty.ru,taxonomy,,410,,tag archive has no indexable equivalent,,
https://makler-realty.ru/tag/659/,makler-realty.ru,taxonomy,,410,,tag archive has no indexable equivalent,,
https://makler-realty.ru/type/%d0%bf%d1%80%d0%be%d0%b4%d0%b0%d0%bd/,makler-realty.ru,taxonomy,Продан,410,,type archive has no indexable equivalent,,
https://makler-realty.ru/type/featured/,makler-realty.ru,taxonomy,Featured,410,,type archive has no indexable equivalent,,
https://makler-realty.ru/type/front/,makler-realty.ru,taxonomy,Front,410,,type archive has no indexable equivalent,,
https://makler-realty.ru/type/reduced/,makler-realty.ru,taxonomy,Reduced,410,,type archive has no indexable equivalent,,
