source_domain,sitemap_source,url,url_type
makler-realty.com,https://makler-realty.com/sitemap/,https://makler-realty.com,page
makler-realty.com,https://makler-realty.com/sitemap-misc.html,https://makler-realty.com/,page
makler-realty.com,https://makler-realty.com/sitemap/,https://makler-realty.com/%D0%BF%D0%BE%D0%BB%D0%B8%D1%82%D0%B8%D0%BA%D0%B0-%D0%B7%D0%B0-%D0%B7%D0%B0%D1%89%D0%B8%D1%82%D0%B0-%D0%BD%D0%B0-%D0%BB%D0%B8%D1%87%D0%BD%D0%B8%D1%82%D0%B5-%D0%B4%D0%B0%D0%BD%D0%BD%D0%B8/,page
makler-realty.com,https://makler-realty.com/sitemap-pt-page-2013-10.html,https://makler-realty.com/%d0%b2%d0%be%d0%bf%d1%80%d0%be%d1%81-%d0%be%d1%82%d0%b2%d0%b5%d1%82-%d0%bd%d0%b5%d0%b4%d0%b2%d0%b8%d0%b6%d0%b8%d0%bc%d0%be%d1%81%d1%82%d1%8c-%d0%b1%d0%be%d0%bb%d0%b3%d0%b0%d1%80%d0%b8%d1%8f/,page
makler-realty.com,https://makler-realty.com/sitemap-pt-page-2013-07.html,https://makler-realty.com/%d0%b3%d0%bb%d0%b0%d0%b2%d0%bd%d0%b0%d1%8f/,page
makler-realty.com,https://makler-realty.com/sitemap-pt-page-2013-08.html,https://makler-realty.com/%d0%ba%d0%be%d0%bd%d1%82%d0%b0%d0%ba%d1%82%d0%b8/,page
makler-realty.com,https://makler-realty.com/sitemap-pt-page-2013-07.html,https://makler-realty.com/%d0%bd%d0%b5%d0%b4%d0%b2%d0%b8%d0%b6%d0%b8%d0%bc%d0%be%d1%81%d1%82%d1%8c-%d0%b2-%d0%b1%d0%be%d0%bb%d0%b3%d0%b0%d1%80%d0%b8%d0%b8/,page
makler-realty.com,https://makler-realty.com/sitemap-pt-post-2016-06.html,https://makler-realty.com/%d0%bd%d0%b5%d0%b4%d0%b2%d0%b8%d0%b6%d0%b8%d0%bc%d0%be%d1%81%d1%82%d1%8c-%d1%81%d0%be%d0%bb%d0%bd%d0%b5%d1%87%d0%bd%d1%8b%d0%b9-%d0%b1%d0%b5%d1%80%d0%b5%d0%b3/,post
makler-realty.com,https://makler-realty.com/sitemap-pt-post-2025-04.html,https://makler-realty.com/%d0%be%d0%bd%d0%bb%d0%b0%d0%b9%d0%bd-%d0%ba%d0%b0%d0%bc%d0%b5%d1%80%d0%b0-%d1%85%d0%b8%d0%b6%d0%b0-%d0%b1%d0%b5%d0%b3%d0%be%d0%b2%d0%b8%d1%86%d0%b0/,post
makler-realty.com,https://makler-realty.com/sitemap-pt-page-2013-08.html,https://makler-realty.com/%d0%be%d1%84%d0%be%d1%80%d0%bc%d0%bb%d0%b5%d0%bd%d0%b8%d0%b5-%d1%81%d0%b4%d0%b5%d0%bb%d0%ba%d0%b8-%d0%bd%d0%b5%d0%b4%d0%b2%d0%b8%d0%b6%d0%b8%d0%bc%d0%be%d1%81%d1%82%d1%8c-%d0%b1%d0%be%d0%bb%d0%b3/,page
makler-realty.com,https://makler-realty.com/sitemap-pt-page-2013-08.html,https://makler-realty.com/%d0%be-%d0%ba%d0%be%d0%bc%d0%bf%d0%b0%d0%bd%d0%b8%d0%b8/,page
makler-realty.com,https://makler-realty.com/sitemap-pt-page-2013-08.html,https://makler-realty.com/%d0%bf%d0%b0%d1%80%d1%82%d0%bd%d1%8c%d0%be%d1%80%d0%b8/,page
makler-realty.com,https://makler-realty.com/sitemap-pt-page-2018-05.html,https://makler-realty.com/%d0%bf%d0%be%d0%bb%d0%b8%d1%82%d0%b8%d0%ba%d0%b0-%d0%b7%d0%b0-%d0%b7%d0%b0%d1%89%d0%b8%d1%82%d0%b0-%d0%bd%d0%b0-%d0%bb%d0%b8%d1%87%d0%bd%d0%b8%d1%82%d0%b5-%d0%b4%d0%b0%d0%bd%d0%bd%d0%b8/,page
makler-realty.com,https://makler-realty.com/sitemap-pt-post-2013-11.html,https://makler-realty.com/%d1%82%d0%b0%d0%ba%d1%81%d0%b8-%d0%b8%d0%b7-%d1%81%d0%be%d1%84%d0%b8%d0%b8-%d0%b2-%d1%81%d0%b0%d0%bd%d0%b4%d0%b0%d0%bd%d1%81%d0%ba%d0%b8/,post
makler-realty.com,https://makler-realty.com/sitemap-pt-post-2013-11.html,https://makler-realty.com/%d1%82%d1%80%d0%b0%d0%bd%d1%81%d1%84%d0%b5%d1%80-%d1%81%d0%b0%d0%bb%d0%be%d0%bd%d0%b8%d0%ba%d0%b8-%d1%81%d0%b0%d0%bd%d0%b4%d0%b0%d0%bd%d1%81%d0%ba%d0%b8/,post
makler-realty.com,https://makler-realty.com/sitemap-pt-page-2017-10.html,https://makler-realty.com/add-property/,page
makler-realty.com,https://makler-realty.com/sitemap-2/,https://makler-realty.com/balcon/1/,page
makler-realty.com,https://makler-realty.com/sitemap-2/,https://makler-realty.com/balcon/2/,page
makler-realty.com,https://makler-realty.com/sitemap-2/,https://makler-realty.com/balcon/3/,page
makler-realty.com,https://makler-realty.com/sitemap-2/,https://makler-realty.com/balcon/4/,page
makler-realty.com,https://makler-realty.com/sitemap-2/,https://makler-realty.com/bedroom/1/,page
makler-realty.com,https://makler-realty.com/sitemap-2/,https://makler-realty.com/bedroom/2/,page
makler-realty.com,https://makler-realty.com/sitemap-2/,https://makler-realty.com/bedroom/3/,page
makler-realty.com,https://makler-realty.com/sitemap-2/,https://makler-realty.com/bedroom/4/,page
makler-realty.com,https://makler-realty.com/sitemap-2/,https://makler-realty.com/bedroom/5/,page
makler-realty.com,https://makler-realty.com/sitemap-tax-category_type.html,https://makler-realty.com/category-type/%d0%b5lite-realtor/,taxonomy
makler-realty.com,https://makler-realty.com/sitemap-tax-category_type.html,https://makler-realty.com/category-type/%d1%81%d0%b5%d0%bb%d1%8c%d1%81%d0%ba%d0%be%d1%85%d0%be%d0%b7%d1%8f%d0%b9%d1%81%d1%82%d0%b2%d0%b5%d0%bd%d0%bd%d0%b0%d1%8f-%d0%b7%d0%b5%d0%bc%d0%bb%d1%8f/,taxonomy
makler-realty.com,https://makler-realty.com/sitemap-tax-category_type.html,https://makler-realty.com/category-type/%d1%83%d1%87%d0%b0%d1%81%d1%82%d0%be%d0%ba-%d0%b7%d0%b5%d0%bc%d0%bb%d0%b8/,taxonomy
makler-realty.com,https://makler-realty.com/sitemap-tax-category_type.html,https://makler-realty.com/category-type/apartment/,taxonomy
makler-realty.com,https://makler-realty.com/sitemap-tax-category_type.html,https://makler-realty.com/category-type/commercial-area/,taxonomy
makler-realty.com,https://makler-realty.com/sitemap-tax-category_type.html,https://makler-realty.com/category-type/dom/,taxonomy
makler-realty.com,https://makler-realty.com/sitemap-tax-category_type.html,https://makler-realty.com/category-type/hotel/,taxonomy
makler-realty.com,https://makler-realty.com/sitemap-tax-category_type.html,https://makler-realty.com/category-type/house-floor/,taxonomy
makler-realty.com,https://makler-realty.com/sitemap-tax-category_type.html,https://makler-realty.com/category-type/industrial-building/,taxonomy
makler-realty.com,https://makler-realty.com/sitemap-tax-category_type.html,https://makler-realty.com/category-type/office-building/,taxonomy
makler-realty.com,https://makler-realty.com/sitemap-tax-category_type.html,https://makler-realty.com/category-type/office/,taxonomy
makler-realty.com,https://makler-realty.com/sitemap-tax-category_type.html,https://makler-realty.com/category-type/studio/,taxonomy
makler-realty.com,https://makler-realty.com/sitemap-tax-category_type.html,https://makler-realty.com/category-type/villa/,taxonomy
makler-realty.com,https://makler-realty.com/sitemap-tax-category.html,https://makler-realty.com/category/%d0%bd%d0%be%d0%b2%d0%b8%d0%bd%d0%b8/,taxonomy
makler-realty.com,https://makler-realty.com/sitemap-2/,https://makler-realty.com/category/%d1%81%d1%82%d0%b0%d1%82%d0%b8%d0%b8/,taxonomy
makler-realty.com,https://makler-realty.com/sitemap-tax-category.html,https://makler-realty.com/category/category/,taxonomy
makler-realty.com,https://makler-realty.com/sitemap-tax-category.html,https://makler-realty.com/category/uncategorized/,taxonomy
makler-realty.com,https://makler-realty.com/de/sitemap/,https://makler-realty.com/de,page
makler-realty.com,https://makler-realty.com/de/sitemap/,https://makler-realty.com/de/,page
makler-realty.com,https://makler-realty.com/de/sitemap/,https://makler-realty.com/de/%D0%BF%D0%BE%D0%BB%D0%B8%D1%82%D0%B8%D0%BA%D0%B0-%D0%B7%D0%B0-%D0%B7%D0%B0%D1%89%D0%B8%D1%82%D0%B0-%D0%BD%D0%B0-%D0%BB%D0%B8%D1%87%D0%BD%D0%B8%D1%82%D0%B5-%D0%B4%D0%B0%D0%BD%D0%BD%D0%B8/,page
makler-realty.com,https://makler-realty.com/de/sitemap/,https://makler-realty.com/de/%d0%b3%d0%bb%d0%b0%d0%b2%d0%bd%d0%b0%d1%8f/,page
makler-realty.com,https://makler-realty.com/de/sitemap/,https://makler-realty.com/de/%d0%ba%d0%be%d0%bd%d1%82%d0%b0%d0%ba%d1%82%d0%b8/,page
makler-realty.com,https://makler-realty.com/de/sitemap/,https://makler-realty.com/de/%d0%bd%d0%b5%d0%b4%d0%b2%d0%b8%d0%b6%d0%b8%d0%bc%d0%be%d1%81%d1%82%d1%8c-%d1%81%d0%be%d0%bb%d0%bd%d0%b5%d1%87%d0%bd%d1%8b%d0%b9-%d0%b1%d0%b5%d1%80%d0%b5%d0%b3/,page
makler-realty.com,https://makler-realty.com/de/sitemap/,https://makler-realty.com/de/%d0%be%d1%84%d0%be%d1%80%d0%bc%d0%bb%d0%b5%d0%bd%d0%b8%d0%b5-%d1%81%d0%b4%d0%b5%d0%bb%d0%ba%d0%b8-%d0%bd%d0%b5%d0%b4%d0%b2%d0%b8%d0%b6%d0%b8%d0%bc%d0%be%d1%81%d1%82%d1%8c-%d0%b1%d0%be%d0%bb%d0%b3/,page
makler-realty.com,https://makler-realty.com/de/sitemap/,https://makler-realty.com/de/%d0%be-%d0%ba%d0%be%d0%bc%d0%bf%d0%b0%d0%bd%d0%b8%d0%b8/,page
makler-realty.com,https://makler-realty.com/de/sitemap/,https://makler-realty.com/de/%d0%bf%d0%b0%d1%80%d1%82%d0%bd%d1%8c%d0%be%d1%80%d0%b8/,page
makler-realty.com,https://makler-realty.com/de/sitemap/,https://makler-realty.com/de/%d1%82%d0%b0%d0%ba%d1%81%d0%b8-%d0%b8%d0%b7-%d1%81%d0%be%d1%84%d0%b8%d0%b8-%d0%b2-%d1%81%d0%b0%d0%bd%d0%b4%d0%b0%d0%bd%d1%81%d0%ba%d0%b8/,page
makler-realty.com,https://makler-realty.com/de/sitemap/,https://makler-realty.com/de/%d1%82%d1%80%d0%b0%d0%bd%d1%81%d1%84%d0%b5%d1%80-%d1%81%d0%b0%d0%bb%d0%be%d0%bd%d0%b8%d0%ba%d0%b8-%d1%81%d0%b0%d0%bd%d0%b4%d0%b0%d0%bd%d1%81%d0%ba%d0%b8/,page
makler-realty.com,https://makler-realty.com/de/sitemap/,https://makler-realty.com/de/bulgarien-leben-im-kurort-sandanski/,page
makler-realty.com,https://makler-realty.com/de/sitemap/,https://makler-realty.com/de/category-type/%d0%b5lite-realtor/,taxonomy
makler-realty.com,https://makler-realty.com/de/sitemap/,https://makler-realty.com/de/category-type/%d1%81%d0%b5%d0%bb%d1%8c%d1%81%d0%ba%d0%be%d1%85%d0%be%d0%b7%d1%8f%d0%b9%d1%81%d1%82%d0%b2%d0%b5%d0%bd%d0%bd%d0%b0%d1%8f-%d0%b7%d0%b5%d0%bc%d0%bb%d1%8f/,taxonomy
makler-realty.com,https://makler-realty.com/de/sitemap/,https://makler-realty.com/de/category-type/%d1%83%d1%87%d0%b0%d1%81%d1%82%d0%be%d0%ba-%d0%b7%d0%b5%d0%bc%d0%bb%d0%b8/,taxonomy
makler-realty.com,https://makler-realty.com/de/sitemap/,https://makler-realty.com/de/category-type/apartment/,taxonomy
makler-realty.com,https://makler-realty.com/de/sitemap/,https://makler-realty.com/de/category-type/commercial-area/,taxonomy
makler-realty.com,https://makler-realty.com/de/sitemap/,https://makler-realty.com/de/category-type/dom/,taxonomy
makler-realty.com,https://makler-realty.com/de/sitemap/,https://makler-realty.com/de/category-type/hotel/,taxonomy
makler-realty.com,https://makler-realty.com/de/sitemap/,https://makler-realty.com/de/category-type/house-floor/,taxonomy
makler-realty.com,https://makler-realty.com/de/sitemap/,https://makler-realty.com/de/category-type/industrial-building/,taxonomy
makler-realty.com,https://makler-realty.com/de/sitemap/,https://makler-realty.com/de/category-type/office-building/,taxonomy
makler-realty.com,https://makler-realty.com/de/sitemap/,https://makler-realty.com/de/category-type/office/,taxonomy
makler-realty.com,https://makler-realty.com/de/sitemap/,https://makler-realty.com/de/category-type/studio/,taxonomy
makler-realty.com,https://makler-realty.com/de/sitemap/,https://makler-realty.com/de/category-type/villa/,taxonomy
makler-realty.com,https://makler-realty.com/de/sitemap/,https://makler-realty.com/de/resort/%d0%bd%d0%b5%d0%b4%d0%b2%d0%b8%d0%b6%d0%b8%d0%bc%d0%be%d1%81%d1%82%d1%8c-%d0%b2-%d0%b1%d0%b0%d0%bd%d1%81%d0%ba%d0%be/,taxonomy
makler-realty.com,https://makler-realty.com/de/sitemap/,https://makler-realty.com/de/resort/%d0%bd%d0%b5%d0%b4%d0%b2%d0%b8%d0%b6%d0%b8%d0%bc%d0%be%d1%81%d1%82%d1%8c-%d0%b2-%d1%81%d0%b0%d0%bd%d0%b4%d0%b0%d0%bd%d1%81%d0%ba%d0%b8/,taxonomy
makler-realty.com,https://makler-realty.com/de/sitemap/,https://makler-realty.com/de/resort/%d0%bd%d0%b5%d0%b4%d0%b2%d0%b8%d0%b6%d0%b8%d0%bc%d0%be%d1%81%d1%82%d1%8c-%d1%81%d0%b2%d1%8f%d1%82%d0%be%d0%b9-%d0%b2%d0%bb%d0%b0%d1%81/,taxonomy
makler-realty.com,https://makler-realty.com/de/sitemap/,https://makler-realty.com/de/resort/nafplio/,taxonomy
makler-realty.com,https://makler-realty.com/de/sitemap/,https://makler-realty.com/de/services/,page
makler-realty.com,https://makler-realty.com/de/sitemap/,https://makler-realty.com/de/transfer-thessaloniki-bansko/,page
makler-realty.com,https://makler-realty.com/en/sitemap/,https://makler-realty.com/en,page
makler-realty.com,https://makler-realty.com/en/sitemap/,https://makler-realty.com/en/,page
makler-realty.com,https://makler-realty.com/en/sitemap/,https://makler-realty.com/en/%D0%BF%D0%BE%D0%BB%D0%B8%D1%82%D0%B8%D0%BA%D0%B0-%D0%B7%D0%B0-%D0%B7%D0%B0%D1%89%D0%B8%D1%82%D0%B0-%D0%BD%D0%B0-%D0%BB%D0%B8%D1%87%D0%BD%D0%B8%D1%82%D0%B5-%D0%B4%D0%B0%D0%BD%D0%BD%D0%B8/,page
makler-realty.com,https://makler-realty.com/en/sitemap/,https://makler-realty.com/en/%d0%b3%d0%bb%d0%b0%d0%b2%d0%bd%d0%b0%d1%8f/,page
makler-realty.com,https://makler-realty.com/en/sitemap/,https://makler-realty.com/en/%d0%ba%d0%be%d0%bd%d1%82%d0%b0%d0%ba%d1%82%d0%b8/,page
makler-realty.com,https://makler-realty.com/en/sitemap/,https://makler-realty.com/en/%d0%bd%d0%b5%d0%b4%d0%b2%d0%b8%d0%b6%d0%b8%d0%bc%d0%be%d1%81%d1%82%d1%8c-%d1%81%d0%be%d0%bb%d0%bd%d0%b5%d1%87%d0%bd%d1%8b%d0%b9-%d0%b1%d0%b5%d1%80%d0%b5%d0%b3/,page
makler-realty.com,https://makler-realty.com/en/sitemap/,https://makler-realty.com/en/%d0%be%d0%bd%d0%bb%d0%b0%d0%b9%d0%bd-%d0%ba%d0%b0%d0%bc%d0%b5%d1%80%d0%b0-%d1%85%d0%b8%d0%b6%d0%b0-%d0%b1%d0%b5%d0%b3%d0%be%d0%b2%d0%b8%d1%86%d0%b0/,page
makler-realty.com,https://makler-realty.com/en/sitemap/,https://makler-realty.com/en/%d0%be%d1%84%d0%be%d1%80%d0%bc%d0%bb%d0%b5%d0%bd%d0%b8%d0%b5-%d1%81%d0%b4%d0%b5%d0%bb%d0%ba%d0%b8-%d0%bd%d0%b5%d0%b4%d0%b2%d0%b8%d0%b6%d0%b8%d0%bc%d0%be%d1%81%d1%82%d1%8c-%d0%b1%d0%be%d0%bb%d0%b3/,page
makler-realty.com,https://makler-realty.com/en/sitemap/,https://makler-realty.com/en/%d0%be-%d0%ba%d0%be%d0%bc%d0%bf%d0%b0%d0%bd%d0%b8%d0%b8/,page
makler-realty.com,https://makler-realty.com/en/sitemap/,https://makler-realty.com/en/%d0%bf%d0%b0%d1%80%d1%82%d0%bd%d1%8c%d0%be%d1%80%d0%b8/,page
makler-realty.com,https://makler-realty.com/en/sitemap/,https://makler-realty.com/en/%d1%82%d0%b0%d0%ba%d1%81%d0%b8-%d0%b8%d0%b7-%d1%81%d0%be%d1%84%d0%b8%d0%b8-%d0%b2-%d1%81%d0%b0%d0%bd%d0%b4%d0%b0%d0%bd%d1%81%d0%ba%d0%b8/,page
makler-realty.com,https://makler-realty.com/en/sitemap/,https://makler-realty.com/en/%d1%82%d1%80%d0%b0%d0%bd%d1%81%d1%84%d0%b5%d1%80-%d1%81%d0%b0%d0%bb%d0%be%d0%bd%d0%b8%d0%ba%d0%b8-%d1%81%d0%b0%d0%bd%d0%b4%d0%b0%d0%bd%d1%81%d0%ba%d0%b8/,page
makler-realty.com,https://makler-realty.com/en/sitemap/,https://makler-realty.com/en/category-type/%d0%b5lite-realtor/,taxonomy
makler-realty.com,https://makler-realty.com/en/sitemap/,https://makler-realty.com/en/category-type/%d1%81%d0%b5%d0%bb%d1%8c%d1%81%d0%ba%d0%be%d1%85%d0%be%d0%b7%d1%8f%d0%b9%d1%81%d1%82%d0%b2%d0%b5%d0%bd%d0%bd%d0%b0%d1%8f-%d0%b7%d0%b5%d0%bc%d0%bb%d1%8f/,taxonomy
makler-realty.com,https://makler-realty.com/en/sitemap/,https://makler-realty.com/en/category-type/%d1%83%d1%87%d0%b0%d1%81%d1%82%d0%be%d0%ba-%d0%b7%d0%b5%d0%bc%d0%bb%d0%b8/,taxonomy
makler-realty.com,https://makler-realty.com/en/sitemap/,https://makler-realty.com/en/category-type/apartment/,taxonomy
makler-realty.com,https://makler-realty.com/en/sitemap/,https://makler-realty.com/en/category-type/commercial-area/,taxonomy
makler-realty.com,https://makler-realty.com/en/sitemap/,https://makler-realty.com/en/category-type/dom/,taxonomy
makler-realty.com,https://makler-realty.com/en/sitemap/,https://makler-realty.com/en/category-type/hotel/,taxonomy
makler-realty.com,https://makler-realty.com/en/sitemap/,https://makler-realty.com/en/category-type/house-floor/,taxonomy
makler-realty.com,https://makler-realty.com/en/sitemap/,https://makler-realty.com/en/category-type/industrial-building/,taxonomy
makler-realty.com,https://makler-realty.com/en/sitemap/,https://makler-realty.com/en/category-type/office-building/,taxonomy
makler-realty.com,https://makler-realty.com/en/sitemap/,https://makler-realty.com/en/category-type/office/,taxonomy
makler-realty.com,https://makler-realty.com/en/sitemap/,https://makler-realty.com/en/category-type/studio/,taxonomy
makler-realty.com,https://makler-realty.com/en/sitemap/,https://makler-realty.com/en/category-type/villa/,taxonomy
makler-realty.com,https://makler-realty.com/en/sitemap/,https://makler-realty.com/en/resort/%d0%bd%d0%b5%d0%b4%d0%b2%d0%b8%d0%b6%d0%b8%d0%bc%d0%be%d1%81%d1%82%d1%8c-%d0%b2-%d0%b1%d0%b0%d0%bd%d1%81%d0%ba%d0%be/,taxonomy
makler-realty.com,https://makler-realty.com/en/sitemap/,https://makler-realty.com/en/resort/%d0%bd%d0%b5%d0%b4%d0%b2%d0%b8%d0%b6%d0%b8%d0%bc%d0%be%d1%81%d1%82%d1%8c-%d0%b2-%d1%81%d0%b0%d0%bd%d0%b4%d0%b0%d0%bd%d1%81%d0%ba%d0%b8/,taxonomy
makler-realty.com,https://makler-realty.com/en/sitemap/,https://makler-realty.com/en/resort/%d0%bd%d0%b5%d0%b4%d0%b2%d0%b8%d0%b6%d0%b8%d0%bc%d0%be%d1%81%d1%82%d1%8c-%d1%81%d0%b2%d1%8f%d1%82%d0%be%d0%b9-%d0%b2%d0%bb%d0%b0%d1%81/,taxonomy
makler-realty.com,https://makler-realty.com/en/sitemap/,https://makler-realty.com/en/resort/nafplio/,taxonomy
makler-realty.com,https://makler-realty.com/en/sitemap/,https://makler-realty.com/en/services/,page
makler-realty.com,https://makler-realty.com/en/sitemap/,https://makler-realty.com/en/transfer-thessaloniki-bansko/,page
makler-realty.com,https://makler-realty.com/sitemap-2/,https://makler-realty.com/floors/1/,taxonomy
makler-realty.com,https://makler-realty.com/sitemap-2/,https://makler-realty.com/floors/2/,taxonomy
makler-realty.com,https://makler-realty.com/sitemap-2/,https://makler-realty.com/floors/3/,taxonomy
makler-realty.com,https://makler-realty.com/sitemap-2/,https://makler-realty.com/floors/4/,taxonomy
makler-realty.com,https://makler-realty.com/sitemap-2/,https://makler-realty.com/floors/5/,taxonomy
makler-realty.com,https://makler-realty.com/sitemap-2/,https://makler-realty.com/floors/6/,taxonomy
makler-realty.com,https://makler-realty.com/sitemap-pt-listings-2024-12.html,https://makler-realty.com/listing/%d0%b0%d0%b2%d1%82%d0%be%d1%80%d0%b5%d0%bc%d0%be%d0%bd%d1%82%d0%bd%d0%b0-%d1%80%d0%b0%d0%b1%d0%be%d1%82%d0%b8%d0%bb%d0%bd%d0%b8%d1%86%d0%b0-%d0%bc%d0%be%d1%82%d0%b5%d0%bb-%d0%b8-%d0%b2%d0%b5%d0%b4/,listing
makler-realty.com,https://makler-realty.com/sitemap-pt-listings-2025-08.html,https://makler-realty.com/listing/%d0%b0%d0%bf%d0%b0%d1%80%d1%82%d0%b0%d0%bc%d0%b5%d0%bd%d1%82%d0%b8-%d0%bf%d0%b0%d1%80%d0%ba-%d1%81%d0%b0%d0%bd%d0%b4%d0%b0%d0%bd%d1%81%d0%ba%d0%b8-%d0%ba%d0%be%d0%bc%d0%bf%d0%bb%d0%b5%d0%ba%d1%81/,listing
makler-realty.com,https://makler-realty.com/sitemap-pt-listings-2025-10.html,https://makler-realty.com/listing/%d0%b0%d0%bf%d0%b0%d1%80%d1%82%d0%b0%d0%bc%d0%b5%d0%bd%d1%82-%d0%bd%d0%b0%d0%b5%d0%bc-%d1%81%d0%b0%d0%bd%d0%b4%d0%b0%d0%bd%d1%81%d0%ba%d0%b8-%d0%bf%d0%b0%d1%80%d0%ba/,listing
makler-realty.com,https://makler-realty.com/sitemap-pt-listings-2025-08.html,https://makler-realty.com/listing/%d0%b0%d0%bf%d0%b0%d1%80%d1%82%d0%b0%d0%bc%d0%b5%d0%bd%d1%82-%d0%bf%d0%be%d0%b4-%d0%bd%d0%b0%d0%b5%d0%bc-%d0%b1%d0%b0%d0%bd%d1%81%d0%ba%d0%b0-2-%d1%81%d0%b0%d0%bd%d0%b4%d0%b0%d0%bd%d1%81%d0%ba%d0%b8/,listing
makler-realty.com,https://makler-realty.com/sitemap-pt-listings-2025-07.html,https://makler-realty.com/listing/%d0%b0%d0%bf%d0%b0%d1%80%d1%82%d0%b0%d0%bc%d0%b5%d0%bd%d1%82-%d0%bf%d0%be%d0%b4-%d0%bd%d0%b0%d0%b5%d0%bc-%d0%b2-%d0%b3%d1%80-%d1%81%d0%b0%d0%bd%d0%b4%d0%b0%d0%bd%d1%81%d0%ba%d0%b8/,listing
makler-realty.com,https://makler-realty.com/sitemap-pt-listings-2015-03.html,https://makler-realty.com/listing/%d0%b0%d1%80%d0%b5%d0%bd%d0%b4%d0%b0-%d0%bf%d1%80%d0%be%d0%bc%d1%8b%d1%88%d0%bb%d0%b5%d0%bd%d0%bd%d0%be%d0%b3%d0%be-%d0%bf%d0%be%d0%bc%d0%b5%d1%89%d0%b5%d0%bd%d0%b8%d1%8f-%d0%b2-%d1%81%d0%b0%d0%bd/,listing
makler-realty.com,https://makler-realty.com/sitemap-pt-listings-2025-09.html,https://makler-realty.com/listing/%d0%b4%d0%b2%d1%83%d1%81%d1%82%d0%b0%d0%b5%d0%bd-%d0%b0%d0%bf%d0%b0%d1%80%d1%82%d0%b0%d0%bc%d0%b5%d0%bd%d1%82-%d0%b2-%d1%81%d0%b0%d0%bd%d0%b4%d0%b0%d0%bd%d1%81%d0%ba%d0%b8/,listing
makler-realty.com,https://makler-realty.com/sitemap-pt-listings-2024-02.html,https://makler-realty.com/listing/%d0%b4%d0%b2%d1%83%d1%81%d1%82%d0%b0%d0%b5%d0%bd-%d0%b0%d0%bf%d0%b0%d1%80%d1%82%d0%b0%d0%bc%d0%b5%d0%bd%d1%82-%d0%b2-%d1%86%d0%b5%d0%bd%d1%82%d1%8a%d1%80%d0%b0-%d0%bd%d0%b0-%d1%81%d0%b0%d0%bd%d0%b4/,listing
makler-realty.com,https://makler-realty.com/sitemap-pt-listings-2026-06.html,https://makler-realty.com/listing/%d0%b4%d0%b2%d1%83%d1%81%d1%82%d0%b0%d0%b5%d0%bd-%d0%b0%d0%bf%d0%b0%d1%80%d1%82%d0%b0%d0%bc%d0%b5%d0%bd%d1%82-%d0%bf%d0%be%d0%b4-%d0%bd%d0%b0%d0%b5%d0%bc-%d0%b2-%d0%bf%d0%b0%d1%80%d0%ba%d0%b0-%d0%bd/,listing
makler-realty.com,https://makler-realty.com/sitemap-pt-listings-2026-06.html,https://makler-realty.com/listing/%d0%b4%d0%b2%d1%83%d1%81%d1%82%d0%b0%d0%b5%d0%bd-%d0%b0%d0%bf%d0%b0%d1%80%d1%82%d0%b0%d0%bc%d0%b5%d0%bd%d1%82-%d1%86%d0%b5%d0%bd%d1%82%d1%8a%d1%80-%d1%81%d0%b0%d0%bd%d0%b4%d0%b0%d0%bd%d1%81%d0%ba/,listing
makler-realty.com,https://makler-realty.com/sitemap-pt-listings-2023-06.html,https://makler-realty.com/listing/%d0%b4%d1%8a%d0%bb%d0%b3%d0%be%d1%81%d1%80%d0%be%d1%87%d0%b5%d0%bd-%d0%bd%d0%b0%d0%b5%d0%bc-%d0%b2-%d0%bf%d0%b0%d1%80%d0%ba-%d1%85%d0%be%d1%82%d0%b5%d0%bb-%d0%bf%d0%b8%d1%80%d0%b8%d0%bd-%d0%b3%d1%80/,listing
makler-realty.com,https://makler-realty.com/sitemap-pt-listings-2025-06.html,https://makler-realty.com/listing/%d0%b8%d0%bd%d0%b2%d0%b5%d1%81%d1%82%d0%b8%d1%86%d0%b8%d0%be%d0%bd%d0%b5%d0%bd-%d0%bf%d1%80%d0%be%d0%b5%d0%ba%d1%82-%d0%b2-%d1%81%d0%b0%d0%bd%d0%b4%d0%b0%d0%bd%d1%81%d0%ba%d0%b8/,listing
makler-realty.com,https://makler-realty.com/sitemap-pt-listings-2026-06.html,https://makler-realty.com/listing/%d0%ba%d1%8a%d1%89%d0%b0-%d0%b7%d0%b0-%d0%bf%d1%80%d0%be%d0%b4%d0%b0%d0%b6%d0%b1%d0%b0-%d0%b2-%d1%81-%d1%85%d0%be%d1%82%d0%be%d0%b2%d0%be-%d0%b8%d0%bc%d0%be%d1%82-%d1%81-%d0%bf%d0%b0%d1%80/,listing
makler-realty.com,https://makler-realty.com/sitemap-pt-listings-2025-01.html,https://makler-realty.com/listing/%d0%bd%d0%b0%d0%b5%d0%bc-%d0%b4%d0%b2%d1%83%d1%81%d1%82%d0%b0%d0%b5%d0%bd-%d0%b0%d0%bf%d0%b0%d1%80%d1%82%d0%b0%d0%bc%d0%b5%d0%bd%d1%82-%d0%b2-%d1%81%d0%b0%d0%bd%d0%b4%d0%b0%d0%bd%d1%81%d0%ba%d0%b8/,listing
makler-realty.com,https://makler-realty.com/sitemap-pt-listings-2026-04.html,https://makler-realty.com/listing/%d0%bd%d0%be%d0%b2%d0%b0-%d0%ba%d1%8a%d1%89%d0%b0-%d0%bf%d0%be%d0%b4-%d0%bd%d0%b0%d0%b5%d0%bc-%d0%b2-%d1%81-%d0%bc%d0%b8%d0%ba%d1%80%d0%b5%d0%b2%d0%be/,listing
makler-realty.com,https://makler-realty.com/sitemap-pt-listings-2021-07.html,https://makler-realty.com/listing/%d0%bd%d0%be%d0%b2%d0%be%d1%81%d1%82%d1%80%d0%be%d1%8f%d1%89%d0%b8-%d1%81%d0%b5-%d0%ba%d1%8a%d1%89%d0%b8-%d0%b2-%d1%81-%d0%b4%d0%b6%d0%b8%d0%b3%d1%83%d1%80%d0%be%d0%b2%d0%be/,listing
makler-realty.com,https://makler-realty.com/sitemap-pt-listings-2026-02.html,https://makler-realty.com/listing/%d0%bd%d0%be%d0%b2-%d0%b4%d0%b2%d1%83%d1%81%d1%82%d0%b0%d0%b5%d0%bd-%d0%b0%d0%bf%d0%b0%d1%80%d1%82%d0%b0%d0%bc%d0%b5%d0%bd%d1%82-%d0%b2-%d0%b3%d1%80-%d1%81%d0%b0%d0%bd%d0%b4%d0%b0%d0%bd%d1%81%d0%ba/,listing
makler-realty.com,https://makler-realty.com/sitemap-pt-listings-2024-12.html,https://makler-realty.com/listing/%d0%be%d0%b1%d0%be%d1%80%d1%83%d0%b4%d0%b2%d0%b0%d0%bd%d0%b0-%d0%be%d1%80%d0%b0%d0%bd%d0%b6%d0%b5%d1%80%d0%b8%d1%8f-%d0%b2-%d0%b3%d1%80-%d1%81%d0%b0%d0%bd%d0%b4%d0%b0%d0%bd%d1%81%d0%ba%d0%b8/,listing
makler-realty.com,https://makler-realty.com/sitemap-pt-listings-2024-12.html,https://makler-realty.com/listing/%d0%be%d1%84%d0%b8%d1%81%d0%b8%d0%bc%d0%b0%d0%b3%d0%b0%d0%b7%d0%b8%d0%bd%d0%b8-%d0%bf%d0%be%d0%b4-%d0%bd%d0%b0%d0%b5%d0%bc-%d0%b2-%d0%b3%d1%80-%d1%81%d0%b0%d0%bd%d0%b4%d0%b0%d0%bd%d1%81%d0%ba%d0%b8/,listing
makler-realty.com,https://makler-realty.com/sitemap-pt-listings-2025-02.html,https://makler-realty.com/listing/%d0%be%d1%84%d0%b8%d1%81-%d0%bf%d0%be%d0%b4-%d0%bd%d0%b0%d0%b5%d0%bc-%d0%b2-%d1%86%d0%b5%d0%bd%d1%82%d1%8a%d1%80%d0%b0-%d0%bd%d0%b0-%d0%b3%d1%80-%d1%81%d0%b0%d0%bd%d0%b4%d0%b0%d0%bd%d1%81%d0%ba%d0%b8/,listing
makler-realty.com,https://makler-realty.com/sitemap-pt-listings-2026-05.html,https://makler-realty.com/listing/%d0%bf%d0%b0%d0%bd%d0%be%d1%80%d0%b0%d0%bc%d0%b5%d0%bd-%d0%b4%d0%b2%d1%83%d1%81%d1%82%d0%b0%d0%b5%d0%bd-%d0%b0%d0%bf%d0%b0%d1%80%d1%82%d0%b0%d0%bc%d0%b5%d0%bd%d1%82-%d1%81-%d0%b3%d0%b0%d1%80%d0%b0/,listing
makler-realty.com,https://makler-realty.com/sitemap-pt-listings-2020-05.html,https://makler-realty.com/listing/%d0%bf%d0%be%d0%b4-%d0%bd%d0%b0%d0%b5%d0%bc-%d0%bf%d1%80%d0%be%d0%b8%d0%b7%d0%b2%d0%be%d0%b4%d1%81%d1%82%d0%b2%d0%b5%d0%bd%d0%be-%d0%bf%d0%be%d0%bc%d0%b5%d1%89%d0%b5%d0%bd%d0%b8%d0%b5/,listing
makler-realty.com,https://makler-realty.com/sitemap-pt-listings-2025-06.html,https://makler-realty.com/listing/%d0%bf%d1%80%d0%b5%d0%ba%d1%80%d0%b0%d1%81%d0%bd%d0%b0-%d0%ba%d1%8a%d1%89%d0%b0-%d0%b2-%d0%b1%d0%bb%d0%b8%d0%b7%d0%be%d1%81%d1%82-%d0%b4%d0%be-%d1%81%d0%b0%d0%bd%d0%b4%d0%b0%d0%bd%d1%81%d0%ba%d0%b8/,listing
makler-realty.com,https://makler-realty.com/sitemap-pt-listings-2024-01.html,https://makler-realty.com/listing/%d0%bf%d1%80%d0%be%d0%b4%d0%b0%d0%b2%d0%b0-%d0%b0%d0%bf%d0%b0%d1%80%d1%82%d0%b0%d0%bc%d0%b5%d0%bd%d1%82-%d0%b2-%d1%81%d0%be%d0%bb%d1%83%d0%bd/,listing
makler-realty.com,https://makler-realty.com/sitemap-pt-listings-2026-06.html,https://makler-realty.com/listing/%d0%bf%d1%80%d0%be%d0%b4%d0%b0%d0%b2%d0%b0-%d0%b2%d0%b8%d0%bb%d0%b0-%d0%b2-%d0%bf%d0%b8%d1%80%d0%b8%d0%bd-%d0%bf%d0%bb%d0%b0%d0%bd%d0%b8%d0%bd%d0%b0/,listing
makler-realty.com,https://makler-realty.com/sitemap-pt-listings-2025-06.html,https://makler-realty.com/listing/%d0%bf%d1%80%d0%be%d0%b4%d0%b0%d0%b2%d0%b0-%d0%b3%d0%be%d0%bb%d1%8f%d0%bc%d0%b0-%d0%ba%d1%8a%d1%89%d0%b0-%d0%b2-%d1%81%d0%b0%d0%bd%d0%b4%d0%b0%d0%bd%d1%81%d0%ba%d0%b8/,listing
makler-realty.com,https://makler-realty.com/sitemap-pt-listings-2025-09.html,https://makler-realty.com/listing/%d0%bf%d1%80%d0%be%d0%b4%d0%b0%d0%b2%d0%b0-%d0%b4%d0%b2%d1%83%d1%81%d1%82%d0%b0%d0%b5%d0%bd-%d0%b0%d0%bf%d0%b0%d1%80%d1%82%d0%b0%d0%bc%d0%b5%d0%bd%d1%82-%d0%b2-%d0%b3%d1%80-%d1%81%d0%b0%d0%bd%d0%b4/,listing
makler-realty.com,https://makler-realty.com/sitemap-pt-listings-2025-10.html,https://makler-realty.com/listing/%d0%bf%d1%80%d0%be%d0%b4%d0%b0%d0%b2%d0%b0-%d0%b4%d0%b2%d1%83%d1%81%d1%82%d0%b0%d0%b5%d0%bd-%d0%b0%d0%bf%d0%b0%d1%80%d1%82%d0%b0%d0%bc%d0%b5%d0%bd%d1%82-%d0%b2-%d1%86%d0%b5%d0%bd%d1%82%d1%8a%d1%80/,listing
makler-realty.com,https://makler-realty.com/sitemap-pt-listings-2025-08.html,https://makler-realty.com/listing/%d0%bf%d1%80%d0%be%d0%b4%d0%b0%d0%b2%d0%b0-%d0%b5%d0%b4%d0%bd%d0%be%d1%81%d1%82%d0%b0%d0%b5%d0%bd-%d0%b0%d0%bf%d0%b0%d1%80%d1%82%d0%b0%d0%bc%d0%b5%d0%bd%d1%82%d1%81%d1%82%d1%83%d0%b4%d0%b8%d0%be/,listing
makler-realty.com,https://makler-realty.com/sitemap-pt-listings-2026-04.html,https://makler-realty.com/listing/%d0%bf%d1%80%d0%be%d0%b4%d0%b0%d0%b2%d0%b0-%d0%b5%d0%b4%d0%bd%d0%be%d1%81%d1%82%d0%b0%d0%b5%d0%bd-%d0%b0%d0%bf%d0%b0%d1%80%d1%82%d0%b0%d0%bc%d0%b5%d0%bd%d1%82/,listing
makler-realty.com,https://makler-realty.com/sitemap-pt-listings-2026-03.html,https://makler-realty.com/listing/%d0%bf%d1%80%d0%be%d0%b4%d0%b0%d0%b2%d0%b0-%d0%b5%d1%82%d0%b0%d0%b6-%d0%be%d1%82-%d0%ba%d1%8a%d1%89%d0%b0-%d0%b2-%d0%b3%d1%80-%d1%81%d0%b0%d0%bd%d0%b4%d0%b0%d0%bd%d1%81%d0%ba%d0%b8/,listing
makler-realty.com,https://makler-realty.com/sitemap-pt-listings-2025-11.html,https://makler-realty.com/listing/%d0%bf%d1%80%d0%be%d0%b4%d0%b0%d0%b2%d0%b0-%d0%b5%d1%82%d0%b0%d0%b6-%d0%be%d1%82-%d0%ba%d1%8a%d1%89%d0%b0-%d0%b2-%d1%81%d0%b0%d0%bd%d0%b4%d0%b0%d0%bd%d1%81%d0%ba%d0%b8/,listing
makler-realty.com,https://makler-realty.com/sitemap-pt-listings-2023-09.html,https://makler-realty.com/listing/%d0%bf%d1%80%d0%be%d0%b4%d0%b0%d0%b2%d0%b0-%d0%b5%d1%82%d0%b0%d0%b6-%d0%be%d1%82-%d0%ba%d1%8a%d1%89%d0%b0-%d0%b2-%d1%81-%d0%bf%d0%be%d0%bb%d0%b5%d0%bd%d0%b8%d1%86%d0%b0/,listing
makler-realty.com,https://makler-realty.com/sitemap-pt-listings-2024-09.html,https://makler-realty.com/listing/%d0%bf%d1%80%d0%be%d0%b4%d0%b0%d0%b2%d0%b0-%d0%b5%d1%82%d0%b0%d0%b6-%d0%be%d1%82-%d0%ba%d1%8a%d1%89%d0%b0-%d0%b2-%d1%88%d0%b8%d1%80%d0%be%d0%ba%d0%b8%d1%8f-%d1%86%d0%b5%d0%bd%d1%82%d1%8a%d1%80-%d0%bd/,listing
makler-realty.com,https://makler-realty.com/sitemap-pt-listings-2020-09.html,https://makler-realty.com/listing/%d0%bf%d1%80%d0%be%d0%b4%d0%b0%d0%b2%d0%b0-%d0%b5%d1%82%d0%b0%d0%b6-%d0%be%d1%82-%d0%ba%d1%8a%d1%89%d0%b0-%d1%81-%d0%bf%d0%b0%d1%80%d1%86%d0%b5%d0%bb-%d0%b2-%d1%81-%d0%bb%d0%b5%d0%b2%d1%83%d0%bd%d0%be/,listing
makler-realty.com,https://makler-realty.com/sitemap-pt-listings-2025-06.html,https://makler-realty.com/listing/%d0%bf%d1%80%d0%be%d0%b4%d0%b0%d0%b2%d0%b0-%d0%b7%d0%b5%d0%bc%d0%b5%d0%b4%d0%b5%d0%bb%d1%81%d0%ba%d0%b0-%d0%b7%d0%b5%d0%bc%d1%8f-%d1%81-%d0%b4%d0%b6%d0%b8%d0%b3%d1%83%d1%80%d0%be%d0%b2%d0%be/,listing
makler-realty.com,https://makler-realty.com/sitemap-pt-listings-2019-08.html,https://makler-realty.com/listing/%d0%bf%d1%80%d0%be%d0%b4%d0%b0%d0%b2%d0%b0-%d0%b7%d0%b5%d0%bc%d1%8f-%d0%bd%d0%b0-%d0%b579-%d0%b2-%d1%81%d0%b0%d0%bd%d0%b4%d0%b0%d0%bd%d1%81%d0%ba%d0%b8/,listing
makler-realty.com,https://makler-realty.com/sitemap-pt-listings-2023-11.html,https://makler-realty.com/listing/%d0%bf%d1%80%d0%be%d0%b4%d0%b0%d0%b2%d0%b0-%d0%b8%d0%bc%d0%b5%d0%bd%d0%b8%d0%b5-%d0%b2-%d0%b3%d1%80-%d1%81%d0%b0%d0%bd%d0%b4%d0%b0%d0%bd%d1%81%d0%ba%d0%b8/,listing
makler-realty.com,https://makler-realty.com/sitemap-pt-listings-2025-08.html,https://makler-realty.com/listing/%d0%bf%d1%80%d0%be%d0%b4%d0%b0%d0%b2%d0%b0-%d0%b8%d0%bc%d0%be%d1%82-%d0%b2-%d0%bc-%d1%80%d0%b0%d0%bd%d0%ba%d0%be%d0%b2%d0%b5%d1%86-%d0%b3%d1%80-%d1%81%d0%b0%d0%bd%d0%b4%d0%b0%d0%bd%d1%81%d0%ba%d0%b8/,listing
makler-realty.com,https://makler-realty.com/sitemap-pt-listings-2024-03.html,https://makler-realty.com/listing/%d0%bf%d1%80%d0%be%d0%b4%d0%b0%d0%b2%d0%b0-%d0%b8%d0%bc%d0%be%d1%82-%d0%b2-%d1%81-%d0%bb%d0%b0%d1%81%d0%ba%d0%b0%d1%80%d0%b5%d0%b2%d0%be/,listing
makler-realty.com,https://makler-realty.com/sitemap-pt-listings-2021-02.html,https://makler-realty.com/listing/%d0%bf%d1%80%d0%be%d0%b4%d0%b0%d0%b2%d0%b0-%d0%b8%d0%bc%d0%be%d1%82-%d0%b2-%d1%86%d0%b5%d0%bd%d1%82%d1%8a%d1%80%d0%b0-%d0%bd%d0%b0-%d1%81-%d0%bb%d0%b5%d0%b2%d1%83%d0%bd%d0%be%d0%b2%d0%be/,listing
makler-realty.com,https://makler-realty.com/sitemap-pt-listings-2021-08.html,https://makler-realty.com/listing/%d0%bf%d1%80%d0%be%d0%b4%d0%b0%d0%b2%d0%b0-%d0%b8%d0%bc%d0%be%d1%82-%d0%bd%d0%b0-%d0%b3%d0%bb-%d0%bf%d1%8a%d1%82-%d0%b579-%d0%b2-%d0%b3%d1%80-%d1%81%d0%b0%d0%bd%d0%b4%d0%b0%d0%bd%d1%81%d0%ba%d0%b8/,listing
makler-realty.com,https://makler-realty.com/sitemap-pt-listings-2024-04.html,https://makler-realty.com/listing/%d0%bf%d1%80%d0%be%d0%b4%d0%b0%d0%b2%d0%b0-%d0%ba%d1%8a%d1%89%d0%b0-%d0%b2-%d0%b3%d1%8a%d1%80%d1%86%d0%b8%d1%8f-%d0%b5%d1%80%d0%b5%d1%82%d1%80%d0%b8%d1%8f-%d0%ba%d0%be%d1%82%d1%80%d0%be%d0%bd%d0%b8/,listing
makler-realty.com,https://makler-realty.com/sitemap-pt-listings-2024-02.html,https://makler-realty.com/listing/%d0%bf%d1%80%d0%be%d0%b4%d0%b0%d0%b2%d0%b0-%d0%ba%d1%8a%d1%89%d0%b0-%d0%b2-%d1%81-%d0%ba%d1%83%d0%bb%d0%b0%d1%82%d0%b0/,listing
makler-realty.com,https://makler-realty.com/sitemap-pt-listings-2025-09.html,https://makler-realty.com/listing/%d0%bf%d1%80%d0%be%d0%b4%d0%b0%d0%b2%d0%b0-%d0%ba%d1%8a%d1%89%d0%b0-%d0%b2-%d1%81-%d0%bf%d0%b8%d1%80%d0%b8%d0%bd/,listing
makler-realty.com,https://makler-realty.com/sitemap-pt-listings-2026-03.html,https://makler-realty.com/listing/%d0%bf%d1%80%d0%be%d0%b4%d0%b0%d0%b2%d0%b0-%d0%ba%d1%8a%d1%89%d0%b0-%d0%b2-%d1%81-%d0%bf%d0%be%d0%bb%d0%b5%d0%bd%d0%b8%d1%86%d0%b0/,listing
makler-realty.com,https://makler-realty.com/sitemap-pt-listings-2025-11.html,https://makler-realty.com/listing/%d0%bf%d1%80%d0%be%d0%b4%d0%b0%d0%b2%d0%b0-%d0%ba%d1%8a%d1%89%d0%b0-%d0%b2-%d1%81-%d1%81%d0%bf%d0%b0%d1%82%d0%be%d0%b2%d0%be-%d0%be%d0%b1%d1%89%d0%b8%d0%bd%d0%b0-%d1%81%d0%b0%d0%bd%d0%b4%d0%b0%d0%bd/,listing
makler-realty.com,https://makler-realty.com/sitemap-pt-listings-2025-08.html,https://makler-realty.com/listing/%d0%bf%d1%80%d0%be%d0%b4%d0%b0%d0%b2%d0%b0-%d0%ba%d1%8a%d1%89%d0%b0-%d0%b2-%d1%81-%d1%86%d0%b0%d0%bf%d0%b0%d1%80%d0%b5%d0%b2%d0%be/,listing
makler-realty.com,https://makler-realty.com/sitemap-pt-listings-2025-11.html,https://makler-realty.com/listing/%d0%bf%d1%80%d0%be%d0%b4%d0%b0%d0%b2%d0%b0-%d0%ba%d1%8a%d1%89%d0%b0-%d1%81-%d0%b4%d0%b2%d0%be%d1%80-%d0%b2-%d0%b3%d1%80-%d1%81%d0%b0%d0%bd%d0%b4%d0%b0%d0%bd%d1%81%d0%ba%d0%b8/,listing
makler-realty.com,https://makler-realty.com/sitemap-pt-listings-2024-01.html,https://makler-realty.com/listing/%d0%bf%d1%80%d0%be%d0%b4%d0%b0%d0%b2%d0%b0-%d0%bc%d0%b5%d0%b7%d0%be%d0%bd%d0%b5%d1%82-%d0%b2-%d1%85%d0%b0%d0%bb%d0%ba%d0%b8%d0%b4%d0%b8%d0%ba%d0%b8-%d1%80-%d0%bd-%d0%b5%d0%bb%d0%b0%d0%bd%d0%b8-%d1%81/,listing
makler-realty.com,https://makler-realty.com/sitemap-pt-listings-2025-01.html,https://makler-realty.com/listing/%d0%bf%d1%80%d0%be%d0%b4%d0%b0%d0%b2%d0%b0-%d0%bd%d0%be%d0%b2%d0%b0-%d0%ba%d1%8a%d1%89%d0%b0-%d0%b2-%d0%be%d0%b1%d1%89%d0%b8%d0%bd%d0%b0-%d1%81%d0%b0%d0%bd%d0%b4%d0%b0%d0%bd%d1%81%d0%ba%d0%b8/,listing
makler-realty.com,https://makler-realty.com/sitemap-pt-listings-2019-10.html,https://makler-realty.com/listing/%d0%bf%d1%80%d0%be%d0%b4%d0%b0%d0%b2%d0%b0-%d0%be%d1%80%d0%b0%d0%bd%d0%b6%d0%b5%d1%80%d0%b8%d1%8f-%d0%b2-%d1%81%d0%b0%d0%bd%d0%b4%d0%b0%d0%bd%d1%81%d0%ba%d0%b8/,listing
makler-realty.com,https://makler-realty.com/sitemap-pt-listings-2020-07.html,https://makler-realty.com/listing/%d0%bf%d1%80%d0%be%d0%b4%d0%b0%d0%b2%d0%b0-%d0%be%d1%84%d0%b8%d1%81-%d0%b2-%d1%81%d0%b0%d0%bd%d0%b4%d0%b0%d0%bd%d1%81%d0%ba%d0%b8/,listing
makler-realty.com,https://makler-realty.com/sitemap-pt-listings-2024-03.html,https://makler-realty.com/listing/%d0%bf%d1%80%d0%be%d0%b4%d0%b0%d0%b2%d0%b0-%d0%bf%d0%b0%d0%bd%d0%be%d1%80%d0%b0%d0%bc%d0%b5%d0%bd-%d0%b4%d0%b2%d1%83%d1%81%d1%82%d0%b0%d0%b5%d0%bd-%d0%b0%d0%bf%d0%b0%d1%80%d1%82%d0%b0%d0%bc%d0%b5/,listing
makler-realty.com,https://makler-realty.com/sitemap-pt-listings-2020-08.html,https://makler-realty.com/listing/%d0%bf%d1%80%d0%be%d0%b4%d0%b0%d0%b2%d0%b0-%d0%bf%d0%b0%d1%80%d1%86%d0%b5%d0%bb-%d0%b2-%d1%81%d0%b0%d0%bd%d0%b4%d0%b0%d0%bd%d1%81%d0%ba%d0%b8-2/,listing
makler-realty.com,https://makler-realty.com/sitemap-pt-listings-2024-03.html,https://makler-realty.com/listing/%d0%bf%d1%80%d0%be%d0%b4%d0%b0%d0%b2%d0%b0-%d0%bf%d0%b0%d1%80%d1%86%d0%b5%d0%bb-%d0%b2-%d1%81%d0%b0%d0%bd%d0%b4%d0%b0%d0%bd%d1%81%d0%ba%d0%b8/,listing
makler-realty.com,https://makler-realty.com/sitemap-pt-listings-2025-07.html,https://makler-realty.com/listing/%d0%bf%d1%80%d0%be%d0%b4%d0%b0%d0%b2%d0%b0-%d0%bf%d0%b0%d1%80%d1%86%d0%b5%d0%bb-%d0%b2-%d1%81-%d0%bc%d0%b8%d0%ba%d1%80%d0%b5%d0%b2%d0%be/,listing
makler-realty.com,https://makler-realty.com/sitemap-pt-listings-2020-04.html,https://makler-realty.com/listing/%d0%bf%d1%80%d0%be%d0%b4%d0%b0%d0%b2%d0%b0-%d0%bf%d0%b0%d1%80%d1%86%d0%b5%d0%bb-%d0%b2-%d1%81-%d0%bf%d0%be%d0%bb%d0%b5%d0%bd%d0%b8%d1%86%d0%b0/,listing
makler-realty.com,https://makler-realty.com/sitemap-pt-listings-2026-06.html,https://makler-realty.com/listing/%d0%bf%d1%80%d0%be%d0%b4%d0%b0%d0%b2%d0%b0-%d0%bf%d0%b0%d1%80%d1%86%d0%b5%d0%bb-%d0%b2-%d1%81-%d1%85%d0%be%d1%82%d0%be%d0%b2%d0%be/,listing
makler-realty.com,https://makler-realty.com/sitemap-pt-listings-2024-02.html,https://makler-realty.com/listing/%d0%bf%d1%80%d0%be%d0%b4%d0%b0%d0%b2%d0%b0-%d0%bf%d0%b0%d1%80%d1%86%d0%b5%d0%bb-%d0%b7%d0%b0-%d1%81%d1%82%d1%80%d0%be%d0%b8%d1%82%d0%b5%d0%bb%d1%81%d1%82%d0%b2%d0%be-%d0%b2-%d1%81%d0%b0%d0%bd%d0%b4/,listing
makler-realty.com,https://makler-realty.com/sitemap-pt-listings-2020-01.html,https://makler-realty.com/listing/%d0%bf%d1%80%d0%be%d0%b4%d0%b0%d0%b2%d0%b0-%d0%bf%d0%b0%d1%80%d1%86%d0%b5%d0%bb-%d1%81%d1%82%d1%80%d0%be%d0%b8%d1%82%d0%b5%d0%bb%d1%81%d1%82%d0%b2%d0%be-%d1%81%d1%82%d1%80%d1%83%d0%bc%d1%8f%d0%bd/,listing
makler-realty.com,https://makler-realty.com/sitemap-pt-listings-2025-05.html,https://makler-realty.com/listing/%d0%bf%d1%80%d0%be%d0%b4%d0%b0%d0%b2%d0%b0-%d0%bf%d1%80%d0%be%d0%bc%d0%b8%d1%88%d0%bb%d0%b5%d0%bd%d0%b8-%d1%85%d0%b0%d0%bb%d0%b5%d1%82%d0%b0-%d0%b2-%d0%b1%d0%bb%d0%b8%d0%b7%d0%be%d1%81%d1%82-%d0%b4/,listing
makler-realty.com,https://makler-realty.com/sitemap-pt-listings-2026-06.html,https://makler-realty.com/listing/%d0%bf%d1%80%d0%be%d0%b4%d0%b0%d0%b2%d0%b0-%d1%81%d0%b5-%d0%b2%d0%b8%d0%bb%d0%b0-%d0%b2-%d1%81-%d0%b8%d0%b3%d1%80%d0%b0%d0%bb%d0%b8%d1%89%d0%b5-%d0%bc%d0%b0%d0%bb%d0%b5%d1%88%d0%b5%d0%b2%d0%be/,listing
makler-realty.com,https://makler-realty.com/sitemap-pt-listings-2024-10.html,https://makler-realty.com/listing/%d0%bf%d1%80%d0%be%d0%b4%d0%b0%d0%b2%d0%b0-%d1%81%d1%82%d0%b0%d1%80%d0%b0-%d0%ba%d1%8a%d1%89%d0%b0-%d0%b2-%d1%81-%d1%85%d0%be%d1%82%d0%be%d0%b2%d0%be/,listing
makler-realty.com,https://makler-realty.com/sitemap-pt-listings-2026-01.html,https://makler-realty.com/listing/%d0%bf%d1%80%d0%be%d0%b4%d0%b0%d0%b2%d0%b0-%d1%81%d1%82%d1%83%d0%b4%d0%b8%d0%be-%d0%b2-%d1%81%d0%b0%d0%bf%d1%84%d0%b8%d1%80-%d0%b1%d0%b0%d0%bd%d1%81%d0%ba%d0%be/,listing
makler-realty.com,https://makler-realty.com/sitemap-pt-listings-2025-05.html,https://makler-realty.com/listing/%d0%bf%d1%80%d0%be%d0%b4%d0%b0%d0%b2%d0%b0-%d1%82%d1%80%d0%b8%d1%81%d1%82%d0%b0%d0%b5%d0%bd-%d0%b0%d0%bf%d0%b0%d1%80%d1%82%d0%b0%d0%bc%d0%b5%d0%bd%d1%82-%d0%b2-%d0%be%d1%84%d1%80%d0%b8%d0%bd%d0%b8/,listing
makler-realty.com,https://makler-realty.com/sitemap-pt-listings-2025-08.html,https://makler-realty.com/listing/%d0%bf%d1%80%d0%be%d0%b4%d0%b0%d0%b2%d0%b0-%d1%82%d1%80%d0%b8%d1%81%d1%82%d0%b0%d0%b5%d0%bd-%d0%b0%d0%bf%d0%b0%d1%80%d1%82%d0%b0%d0%bc%d0%b5%d0%bd%d1%82-%d0%b2-%d1%86%d0%b5%d0%bd%d1%82%d1%8a%d1%80/,listing
makler-realty.com,https://makler-realty.com/sitemap-pt-listings-2019-09.html,https://makler-realty.com/listing/%d0%bf%d1%80%d0%be%d0%b4%d0%b0%d0%b2%d0%b0-15%d0%b4%d0%ba%d0%b0-%d0%b7%d0%b5%d0%bc%d1%8f-%d1%81-%d0%ba%d0%b0%d0%bf%d0%b0%d1%82%d0%be%d0%b2%d0%be/,listing
makler-realty.com,https://makler-realty.com/sitemap-pt-listings-2020-02.html,https://makler-realty.com/listing/%d0%bf%d1%80%d0%be%d0%b4%d0%b0%d0%b2%d0%b0-8%d0%b4%d0%ba%d0%b0-%d0%b7%d0%b5%d0%bc%d1%8f-%d0%b2-%d0%b7%d0%b5%d0%bc%d0%bb%d0%b8%d1%89%d0%b5%d1%82%d0%be-%d0%bd%d0%b0-%d1%81-%d0%bb%d0%b5%d1%88%d0%bd%d0%b8/,listing
makler-realty.com,https://makler-realty.com/sitemap-pt-listings-2015-06.html,https://makler-realty.com/listing/%d0%bf%d1%80%d0%be%d0%b4%d0%b0%d0%b6%d0%b0-%d0%b1%d0%b8%d0%b7%d0%bd%d0%b5%d1%81-%d0%b7%d0%b4%d0%b0%d0%bd%d0%b8%d1%8f-%d0%b2-%d1%86%d0%b5%d0%bd%d1%82%d1%80%d0%b5-%d0%b3-%d0%bf%d0%b5%d1%82%d1%80%d0%b8/,listing
makler-realty.com,https://makler-realty.com/sitemap-pt-listings-2016-01.html,https://makler-realty.com/listing/%d0%bf%d1%80%d0%be%d0%b4%d0%b0%d0%b6%d0%b0-%d0%b1%d0%be%d0%bb%d1%8c%d1%88%d0%be%d0%b3%d0%be-%d1%83%d1%87%d0%b0%d1%81%d1%82%d0%ba%d0%b0-%d1%80%d1%8f%d0%b4%d0%be%d0%bc-%d1%81-%d0%bc%d0%b8%d0%bd-%d0%b2/,listing
makler-realty.com,https://makler-realty.com/sitemap-pt-listings-2025-11.html,https://makler-realty.com/listing/%d0%bf%d1%80%d0%be%d0%b4%d0%b0%d0%b6%d0%b1%d0%b0-%d0%b0%d0%bf%d0%b0%d1%80%d1%82%d0%b0%d0%bc%d0%b5%d0%bd%d1%82%d0%b8-%d0%bb%d0%be%d0%b3%d0%b0%d1%80%d0%b8-%d0%b3%d1%8a%d1%80%d1%86%d0%b8%d1%8f/,listing
makler-realty.com,https://makler-realty.com/sitemap-pt-listings-2025-03.html,https://makler-realty.com/listing/%d0%bf%d1%80%d0%be%d0%b4%d0%b0%d0%b6%d0%b1%d0%b0-%d0%bd%d0%b0-%d0%b0%d0%bf%d0%b0%d1%80%d1%82%d0%b0%d0%bc%d0%b5%d0%bd%d1%82%d0%b8-%d0%b2-%d1%81%d0%b0%d0%bd%d0%b4%d0%b0%d0%bd%d1%81%d0%ba%d0%b8/,listing
makler-realty.com,https://makler-realty.com/sitemap-pt-listings-2026-03.html,https://makler-realty.com/listing/%d0%bf%d1%80%d0%be%d0%b4%d0%b0%d0%b6%d0%b1%d0%b0-%d0%bd%d0%b0-%d0%bb%d1%83%d0%ba%d1%81%d0%be%d0%b7%d0%bd%d0%b0-%d0%ba%d1%8a%d1%89%d0%b0-%d0%b2-%d0%b3%d1%80-%d1%81%d0%b0%d0%bd%d0%b4%d0%b0%d0%bd%d1%81/,listing
makler-realty.com,https://makler-realty.com/sitemap-pt-listings-2023-03.html,https://makler-realty.com/listing/%d0%bf%d1%80%d0%be%d0%b4%d0%b0%d0%b6%d0%b1%d0%b0-%d0%bd%d0%b0-%d0%bc%d0%b0%d0%b3%d0%b0%d0%b7%d0%b8%d0%bd-%d0%b2-%d0%b3%d1%80-%d0%b1%d0%bb%d0%b0%d0%b3%d0%be%d0%b5%d0%b2%d0%b3%d1%80%d0%b0%d0%b4/,listing
makler-realty.com,https://makler-realty.com/sitemap-pt-listings-2025-03.html,https://makler-realty.com/listing/%d0%bf%d1%80%d0%be%d0%b4%d0%b0%d0%b6%d0%b1%d0%b0-%d0%bd%d0%b0-%d0%bf%d0%b0%d1%80%d1%86%d0%b5%d0%bb-%d0%b2-%d1%81%d1%82%d1%80%d1%83%d0%bc%d1%8f%d0%bd%d0%b8-3000-%d0%ba%d0%b2-%d0%bc/,listing
makler-realty.com,https://makler-realty.com/sitemap-pt-listings-2026-06.html,https://makler-realty.com/listing/%d1%81%d0%b2%d0%b5%d1%82%d1%8a%d0%bb-%d1%8e%d0%b6%d0%b5%d0%bd-%d0%b0%d0%bf%d0%b0%d1%80%d1%82%d0%b0%d0%bc%d0%b5%d0%bd%d1%82-%d0%b4%d0%be-%d0%bf%d0%b0%d1%80%d0%ba%d0%b0-%d0%bd%d0%b0-%d0%b3%d1%80-%d1%81/,listing
makler-realty.com,https://makler-realty.com/sitemap-pt-listings-2025-03.html,https://makler-realty.com/listing/%d1%82%d1%80%d0%b8%d1%81%d1%82%d0%b0%d0%b5%d0%bd-%d0%b0%d0%bf%d0%b0%d1%80%d1%82%d0%b0%d0%bc%d0%b5%d0%bd%d1%82-%d0%b2-%d0%b3%d1%80-%d1%81%d0%b0%d0%bd%d0%b4%d0%b0%d0%bd%d1%81%d0%ba%d0%b8/,listing
makler-realty.com,https://makler-realty.com/sitemap-pt-listings-2024-05.html,https://makler-realty.com/listing/%d1%82%d1%80%d0%b8%d1%81%d1%82%d0%b0%d0%b5%d0%bd-%d0%b0%d0%bf%d0%b0%d1%80%d1%82%d0%b0%d0%bc%d0%b5%d0%bd%d1%82-%d0%b2-%d1%86%d0%b5%d0%bd%d1%82%d1%8a%d1%80%d0%b0-%d0%bd%d0%b0-%d0%b3%d1%80-%d1%81%d0%b0/,listing
makler-realty.com,https://makler-realty.com/sitemap-pt-listings-2026-06.html,https://makler-realty.com/listing/%d1%82%d1%80%d0%b8%d1%81%d1%82%d0%b0%d0%b5%d0%bd-%d0%b0%d0%bf%d0%b0%d1%80%d1%82%d0%b0%d0%bc%d0%b5%d0%bd%d1%82-%d0%bf%d0%be%d0%b4-%d0%bd%d0%b0%d0%b5%d0%bc-%d1%81-%d0%bf%d0%be%d0%bb%d0%b5%d0%bd%d0%b8/,listing
makler-realty.com,https://makler-realty.com/sitemap-pt-listings-2013-11.html,https://makler-realty.com/listing/%d1%83%d1%87%d0%b0%d1%81%d1%82%d0%be%d0%ba-%d0%b2-%d0%bf%d0%be%d1%81%d0%b5%d0%bb%d0%ba%d0%b5-%d1%81%d1%82%d1%80%d1%83%d0%bc%d1%8f%d0%bd%d0%b8/,listing
makler-realty.com,https://makler-realty.com/sitemap-pt-listings-2014-10.html,https://makler-realty.com/listing/%d1%83%d1%87%d0%b0%d1%81%d1%82%d0%be%d0%ba-%d0%bf%d0%be%d0%b4-%d1%84%d0%b5%d1%80%d0%bc%d1%83-%d1%81%d0%b0%d0%bd%d0%b4%d0%b0%d0%bd%d1%81%d0%ba%d0%b8/,listing
makler-realty.com,https://makler-realty.com/sitemap-pt-listings-2025-04.html,https://makler-realty.com/listing/%d1%86%d0%b5%d0%bd%d1%82%d1%8a%d1%80-%d0%b7%d0%b0-%d0%bf%d1%80%d0%be%d1%84%d0%b8%d0%bb%d0%b0%d0%ba%d1%82%d0%b8%d0%ba%d0%b0-%d1%80%d0%b5%d1%85%d0%b0%d0%b1%d0%b8%d0%bb%d0%b8%d1%82%d0%b0%d1%86%d0%b8/,listing
makler-realty.com,https://makler-realty.com/sitemap-pt-listings-2023-11.html,https://makler-realty.com/listing/2-bedrooms-apartment-for-sale-in-sandanski/,listing
makler-realty.com,https://makler-realty.com/sitemap-pt-listings-2013-11.html,https://makler-realty.com/listing/apartments-park-hotel-pirin-sandanski/,listing
makler-realty.com,https://makler-realty.com/sitemap-pt-listings-2021-03.html,https://makler-realty.com/listing/big-plot-of-land-and-buildings-for-sale-near-sandanski/,listing
makler-realty.com,https://makler-realty.com/sitemap-pt-listings-2019-12.html,https://makler-realty.com/listing/building-land-with-a-great-view-in-sandanski/,listing
makler-realty.com,https://makler-realty.com/sitemap-pt-listings-2019-03.html,https://makler-realty.com/listing/ein-zimmer-wohnung-zum-verkauf-im-park-hotel-pirin-sandanski/,listing
makler-realty.com,https://makler-realty.com/sitemap-pt-listings-2024-04.html,https://makler-realty.com/listing/front-compartment-in-pasalimani-piraeus-in-6th-floor/,listing
makler-realty.com,https://makler-realty.com/sitemap-pt-listings-2023-11.html,https://makler-realty.com/listing/haus-zum-verkauf-im-dorf-vinogradi-3-km-von-melnik-entfernt/,listing
makler-realty.com,https://makler-realty.com/sitemap-pt-listings-2018-08.html,https://makler-realty.com/listing/house-for-sale-in-the-park-of-sandanski/,listing
makler-realty.com,https://makler-realty.com/sitemap-pt-listings-2024-09.html,https://makler-realty.com/listing/house-for-sale-in-the-village-of-leshnitsa/,listing
makler-realty.com,https://makler-realty.com/sitemap-2/,https://makler-realty.com/listing/industrial-building-for-rent-in-petrich/,listing
makler-realty.com,https://makler-realty.com/sitemap-pt-listings-2019-02.html,https://makler-realty.com/listing/industrial-building-for-sale-petrich-municipality/,listing
makler-realty.com,https://makler-realty.com/sitemap-pt-listings-2020-06.html,https://makler-realty.com/listing/industrial-buildings-for-rent-near-sandanski/,listing
makler-realty.com,https://makler-realty.com/sitemap-pt-listings-2020-04.html,https://makler-realty.com/listing/industriegebaude-zur-miete-in-petrich-bulgarien/,listing
makler-realty.com,https://makler-realty.com/sitemap-pt-listings-2020-04.html,https://makler-realty.com/listing/industrieraume-zum-verkauf-rund-um-sandanski/,listing
makler-realty.com,https://makler-realty.com/sitemap-pt-listings-2018-08.html,https://makler-realty.com/listing/luxushaus-zum-verkauf-in-sandanski/,listing
makler-realty.com,https://makler-realty.com/sitemap-pt-listings-2020-03.html,https://makler-realty.com/listing/neue-1-zimmer-wohnung-zur-miete-in-sandanski/,listing
makler-realty.com,https://makler-realty.com/sitemap-pt-listings-2019-11.html,https://makler-realty.com/listing/new-apartment-for-rent-in-sandanski/,listing
makler-realty.com,https://makler-realty.com/sitemap-pt-listings-2025-03.html,https://makler-realty.com/listing/one-bedroom-apartment-in-the-park-of-sandanski/,listing
makler-realty.com,https://makler-realty.com/sitemap-pt-listings-2024-02.html,https://makler-realty.com/listing/prodava-mezonet-ul-pirin-sandanski/,listing
makler-realty.com,https://makler-realty.com/sitemap-pt-listings-2024-04.html,https://makler-realty.com/listing/real-estate-for-sale-in-nafplio-greece/,listing
makler-realty.com,https://makler-realty.com/sitemap-pt-listings-2020-01.html,https://makler-realty.com/listing/spa-hotel-mit-mineralwasser-zum-verkauf-in-sandanski-bulgarien/,listing
makler-realty.com,https://makler-realty.com/sitemap-pt-listings-2025-01.html,https://makler-realty.com/listing/studio-for-rent-in-sandanski/,listing
makler-realty.com,https://makler-realty.com/sitemap-pt-listings-2025-11.html,https://makler-realty.com/listing/two-bedroom-apartment-in-the-complex-arena-1-st-vlas-for-sale/,listing
makler-realty.com,https://makler-realty.com/sitemap-pt-listings-2025-03.html,https://makler-realty.com/listing/villa-for-sale-in-the-mountains-near-sandanski/,listing
makler-realty.com,https://makler-realty.com/sitemap-pt-listings-2020-09.html,https://makler-realty.com/listing/wohnung-zu-vermieten-beim-aquasun-in-sandanski/,listing
makler-realty.com,https://makler-realty.com/sitemap-pt-listings-2018-11.html,https://makler-realty.com/listing/wohnung-zur-miete-in-spa-complex-medite-sandanski/,listing
makler-realty.com,https://makler-realty.com/sitemap-pt-listings-2024-02.html,https://makler-realty.com/listing/working-business-for-sale-pellet-production/,listing
makler-realty.com,https://makler-realty.com/sitemap-pt-listings-2025-06.html,https://makler-realty.com/listing/zemedelska-zemq-s-dzhigurovo-prodava/,listing
makler-realty.com,https://makler-realty.com/sitemap-pt-listings-2020-05.html,https://makler-realty.com/listing/zwei-zimmer-wohnung-zum-verkauf-in-park-hotel-pirin-sandanski/,listing
makler-realty.com,https://makler-realty.com/sitemap-tax-location.html,https://makler-realty.com/location/%d0%b3%d1%8a%d1%80%d1%86%d0%b8%d1%8f/,taxonomy
makler-realty.com,https://makler-realty.com/sitemap-tax-location.html,https://makler-realty.com/location/bulgaria/,taxonomy
makler-realty.com,https://makler-realty.com/nl/sitemap/,https://makler-realty.com/nl,page
makler-realty.com,https://makler-realty.com/nl/sitemap/,https://makler-realty.com/nl/,page
makler-realty.com,https://makler-realty.com/nl/sitemap/,https://makler-realty.com/nl/%D0%BF%D0%BE%D0%BB%D0%B8%D1%82%D0%B8%D0%BA%D0%B0-%D0%B7%D0%B0-%D0%B7%D0%B0%D1%89%D0%B8%D1%82%D0%B0-%D0%BD%D0%B0-%D0%BB%D0%B8%D1%87%D0%BD%D0%B8%D1%82%D0%B5-%D0%B4%D0%B0%D0%BD%D0%BD%D0%B8/,page
makler-realty.com,https://makler-realty.com/nl/sitemap/,https://makler-realty.com/nl/%d0%b3%d0%bb%d0%b0%d0%b2%d0%bd%d0%b0%d1%8f/,page
makler-realty.com,https://makler-realty.com/nl/sitemap/,https://makler-realty.com/nl/%d0%ba%d0%be%d0%bd%d1%82%d0%b0%d0%ba%d1%82%d0%b8/,page
makler-realty.com,https://makler-realty.com/nl/sitemap/,https://makler-realty.com/nl/%d0%be%d1%84%d0%be%d1%80%d0%bc%d0%bb%d0%b5%d0%bd%d0%b8%d0%b5-%d1%81%d0%b4%d0%b5%d0%bb%d0%ba%d0%b8-%d0%bd%d0%b5%d0%b4%d0%b2%d0%b8%d0%b6%d0%b8%d0%bc%d0%be%d1%81%d1%82%d1%8c-%d0%b1%d0%be%d0%bb%d0%b3/,page
makler-realty.com,https://makler-realty.com/nl/sitemap/,https://makler-realty.com/nl/%d0%be-%d0%ba%d0%be%d0%bc%d0%bf%d0%b0%d0%bd%d0%b8%d0%b8/,page
makler-realty.com,https://makler-realty.com/nl/sitemap/,https://makler-realty.com/nl/%d0%bf%d0%b0%d1%80%d1%82%d0%bd%d1%8c%d0%be%d1%80%d0%b8/,page
makler-realty.com,https://makler-realty.com/nl/sitemap/,https://makler-realty.com/nl/%d1%82%d0%b0%d0%ba%d1%81%d0%b8-%d0%b8%d0%b7-%d1%81%d0%be%d1%84%d0%b8%d0%b8-%d0%b2-%d1%81%d0%b0%d0%bd%d0%b4%d0%b0%d0%bd%d1%81%d0%ba%d0%b8/,page
makler-realty.com,https://makler-realty.com/nl/sitemap/,https://makler-realty.com/nl/%d1%82%d1%80%d0%b0%d0%bd%d1%81%d1%84%d0%b5%d1%80-%d1%81%d0%b0%d0%bb%d0%be%d0%bd%d0%b8%d0%ba%d0%b8-%d1%81%d0%b0%d0%bd%d0%b4%d0%b0%d0%bd%d1%81%d0%ba%d0%b8/,page
makler-realty.com,https://makler-realty.com/nl/sitemap/,https://makler-realty.com/nl/category-type/%d0%b5lite-realtor/,taxonomy
makler-realty.com,https://makler-realty.com/nl/sitemap/,https://makler-realty.com/nl/category-type/%d1%81%d0%b5%d0%bb%d1%8c%d1%81%d0%ba%d0%be%d1%85%d0%be%d0%b7%d1%8f%d0%b9%d1%81%d1%82%d0%b2%d0%b5%d0%bd%d0%bd%d0%b0%d1%8f-%d0%b7%d0%b5%d0%bc%d0%bb%d1%8f/,taxonomy
makler-realty.com,https://makler-realty.com/nl/sitemap/,https://makler-realty.com/nl/category-type/%d1%83%d1%87%d0%b0%d1%81%d1%82%d0%be%d0%ba-%d0%b7%d0%b5%d0%bc%d0%bb%d0%b8/,taxonomy
makler-realty.com,https://makler-realty.com/nl/sitemap/,https://makler-realty.com/nl/category-type/apartment/,taxonomy
makler-realty.com,https://makler-realty.com/nl/sitemap/,https://makler-realty.com/nl/category-type/commercial-area/,taxonomy
makler-realty.com,https://makler-realty.com/nl/sitemap/,https://makler-realty.com/nl/category-type/dom/,taxonomy
makler-realty.com,https://makler-realty.com/nl/sitemap/,https://makler-realty.com/nl/category-type/hotel/,taxonomy
makler-realty.com,https://makler-realty.com/nl/sitemap/,https://makler-realty.com/nl/category-type/house-floor/,taxonomy
makler-realty.com,https://makler-realty.com/nl/sitemap/,https://makler-realty.com/nl/category-type/industrial-building/,taxonomy
makler-realty.com,https://makler-realty.com/nl/sitemap/,https://makler-realty.com/nl/category-type/office-building/,taxonomy
makler-realty.com,https://makler-realty.com/nl/sitemap/,https://makler-realty.com/nl/category-type/office/,taxonomy
makler-realty.com,https://makler-realty.com/nl/sitemap/,https://makler-realty.com/nl/category-type/studio/,taxonomy
makler-realty.com,https://makler-realty.com/nl/sitemap/,https://makler-realty.com/nl/category-type/villa/,taxonomy
makler-realty.com,https://makler-realty.com/nl/sitemap/,https://makler-realty.com/nl/resort/%d0%bd%d0%b5%d0%b4%d0%b2%d0%b8%d0%b6%d0%b8%d0%bc%d0%be%d1%81%d1%82%d1%8c-%d0%b2-%d0%b1%d0%b0%d0%bd%d1%81%d0%ba%d0%be/,taxonomy
makler-realty.com,https://makler-realty.com/nl/sitemap/,https://makler-realty.com/nl/resort/%d0%bd%d0%b5%d0%b4%d0%b2%d0%b8%d0%b6%d0%b8%d0%bc%d0%be%d1%81%d1%82%d1%8c-%d0%b2-%d1%81%d0%b0%d0%bd%d0%b4%d0%b0%d0%bd%d1%81%d0%ba%d0%b8/,taxonomy
makler-realty.com,https://makler-realty.com/nl/sitemap/,https://makler-realty.com/nl/resort/%d0%bd%d0%b5%d0%b4%d0%b2%d0%b8%d0%b6%d0%b8%d0%bc%d0%be%d1%81%d1%82%d1%8c-%d1%81%d0%b2%d1%8f%d1%82%d0%be%d0%b9-%d0%b2%d0%bb%d0%b0%d1%81/,taxonomy
makler-realty.com,https://makler-realty.com/nl/sitemap/,https://makler-realty.com/nl/resort/nafplio/,taxonomy
makler-realty.com,https://makler-realty.com/nl/sitemap/,https://makler-realty.com/nl/services/,page
makler-realty.com,https://makler-realty.com/nl/sitemap/,https://makler-realty.com/nl/transfer-thessaloniki-bansko/,page
makler-realty.com,https://makler-realty.com/sitemap-tax-property.html,https://makler-realty.com/property/rent/,taxonomy
makler-realty.com,https://makler-realty.com/sitemap-tax-property.html,https://makler-realty.com/property/sell/,taxonomy
makler-realty.com,https://makler-realty.com/sitemap-tax-resort.html,https://makler-realty.com/resort/%d0%bc%d0%be%d1%80%d1%81%d0%ba%d0%b8%d0%b5-%d0%ba%d1%83%d1%80%d0%be%d1%80%d1%82%d1%8b-%d0%b1%d0%be%d0%bb%d0%b3%d0%b0%d1%80%d0%b8%d0%b8/,taxonomy
makler-realty.com,https://makler-realty.com/sitemap-tax-resort.html,https://makler-realty.com/resort/%d0%bd%d0%b5%d0%b4%d0%b2%d0%b8%d0%b6%d0%b8%d0%bc%d0%be%d1%81%d1%82%d1%8c-%d0%b2-%d0%b1%d0%b0%d0%bd%d1%81%d0%ba%d0%be/,taxonomy
makler-realty.com,https://makler-realty.com/sitemap-tax-resort.html,https://makler-realty.com/resort/%d0%bd%d0%b5%d0%b4%d0%b2%d0%b8%d0%b6%d0%b8%d0%bc%d0%be%d1%81%d1%82%d1%8c-%d0%b2-%d0%bc%d0%b5%d0%bb%d0%bd%d0%b8%d0%ba/,taxonomy
makler-realty.com,https://makler-realty.com/sitemap-tax-resort.html,https://makler-realty.com/resort/%d0%bd%d0%b5%d0%b4%d0%b2%d0%b8%d0%b6%d0%b8%d0%bc%d0%be%d1%81%d1%82%d1%8c-%d0%b2-%d1%81%d0%b0%d0%bd%d0%b4%d0%b0%d0%bd%d1%81%d0%ba%d0%b8/,taxonomy
makler-realty.com,https://makler-realty.com/sitemap-tax-resort.html,https://makler-realty.com/resort/%d0%bd%d0%b5%d0%b4%d0%b2%d0%b8%d0%b6%d0%b8%d0%bc%d0%be%d1%81%d1%82%d1%8c-%d1%81%d0%b2%d1%8f%d1%82%d0%be%d0%b9-%d0%b2%d0%bb%d0%b0%d1%81/,taxonomy
makler-realty.com,https://makler-realty.com/sitemap-tax-resort.html,https://makler-realty.com/resort/%d0%bf%d0%b0%d1%80%d0%b0%d0%bb%d0%b8%d1%8f-%d0%be%d1%84%d1%80%d0%b8%d0%bd%d0%b8%d0%be/,taxonomy
makler-realty.com,https://makler-realty.com/sitemap-tax-resort.html,https://makler-realty.com/resort/blagoevgrad/,taxonomy
makler-realty.com,https://makler-realty.com/sitemap-tax-resort.html,https://makler-realty.com/resort/halkidiki/,taxonomy
makler-realty.com,https://makler-realty.com/sitemap-tax-resort.html,https://makler-realty.com/resort/loggari/,taxonomy
makler-realty.com,https://makler-realty.com/sitemap-tax-resort.html,https://makler-realty.com/resort/nafplio/,taxonomy
makler-realty.com,https://makler-realty.com/sitemap-tax-resort.html,https://makler-realty.com/resort/other/,taxonomy
makler-realty.com,https://makler-realty.com/sitemap-tax-resort.html,https://makler-realty.com/resort/petrich/,taxonomy
makler-realty.com,https://makler-realty.com/sitemap-tax-resort.html,https://makler-realty.com/resort/skiing-resort/,taxonomy
makler-realty.com,https://makler-realty.com/sitemap-tax-resort.html,https://makler-realty.com/resort/spa-resorts/,taxonomy
makler-realty.com,https://makler-realty.com/sitemap-tax-resort.html,https://makler-realty.com/resort/thessaloniki/,taxonomy
makler-realty.com,https://makler-realty.com/sitemap-pt-page-2013-07.html,https://makler-realty.com/search/,page
makler-realty.com,https://makler-realty.com/sitemap-pt-page-2013-08.html,https://makler-realty.com/services/,page
makler-realty.com,https://makler-realty.com/sitemap-pt-post-2015-03.html,https://makler-realty.com/transfer-thessaloniki-bansko/,post
makler-realty.com,https://makler-realty.com/sitemap-2/,https://makler-realty.com/type/%d0%bf%d1%80%d0%be%d0%b4%d0%b0%d0%bd/,taxonomy
makler-realty.com,https://makler-realty.com/sitemap-2/,https://makler-realty.com/type/featured/,taxonomy
makler-realty.com,https://makler-realty.com/sitemap-2/,https://makler-realty.com/type/front/,taxonomy
makler-realty.com,https://makler-realty.com/sitemap-2/,https://makler-realty.com/type/reduced/,taxonomy
makler-realty.ru,https://makler-realty.ru/sitemap-2/,https://makler-realty.ru,page
makler-realty.ru,https://makler-realty.ru/post-sitemap.xml,https://makler-realty.ru/,page
makler-realty.ru,https://makler-realty.ru/post-sitemap.xml,https://makler-realty.ru/%d0%b0%d0%bf%d1%82%d0%b5%d0%ba%d0%b8-%d0%b2-%d0%b3-%d1%81%d0%b0%d0%bd%d0%b4%d0%b0%d0%bd%d1%81%d0%ba%d0%b8/,post
makler-realty.ru,https://makler-realty.ru/post-sitemap.xml,https://makler-realty.ru/%d0%b1%d0%be%d0%bb%d0%b3%d0%b0%d1%80%d0%b8%d1%8f-%d0%b3%d0%bb%d0%b0%d0%b7%d0%b0%d0%bc%d0%b8-%d0%bf%d0%b5%d1%80%d0%b5%d1%81%d0%b5%d0%bb%d0%b5%d0%bd%d1%86%d0%b5%d0%b2/,post
makler-realty.ru,https://makler-realty.ru/post-sitemap.xml,https://makler-realty.ru/%d0%b1%d0%be%d0%bb%d0%b3%d0%b0%d1%80%d0%b8%d1%8f-%d0%b3%d0%bb%d0%b0%d0%b7%d0%b0%d0%bc%d0%b8-%d0%bf%d0%b5%d1%80%d0%b5%d1%81%d0%b5%d0%bb%d0%b5%d0%bd%d1%86%d0%b5%d0%b21/,post
makler-realty.ru,https://makler-realty.ru/post-sitemap.xml,https://makler-realty.ru/%d0%b1%d0%be%d0%bb%d0%b3%d0%b0%d1%80%d1%81%d0%ba%d0%b0%d1%8f-%d0%ba%d1%83%d1%85%d0%bd%d1%8f/,post
makler-realty.ru,https://makler-realty.ru/post-sitemap.xml,https://makler-realty.ru/%d0%b2%d0%b0%d0%bd%d0%b3%d0%b0-%d1%82%d0%b0%d0%b9%d0%bd%d0%b0-%d0%b4%d0%b0%d1%80%d0%b0-%d0%b1%d0%be%d0%bb%d0%b3%d0%b0%d1%80%d1%81%d0%ba%d0%be%d0%b9-%d1%8f%d1%81%d0%bd%d0%be%d0%b2%d0%b8%d0%b4%d0%b5/,post
makler-realty.ru,https://makler-realty.ru/post-sitemap.xml,https://makler-realty.ru/%d0%b2%d0%b2%d0%be%d0%b7-%d0%b2%d0%b0%d0%bb%d1%8e%d1%82%d1%8b-%d0%b2-%d0%b1%d0%be%d0%bb%d0%b3%d0%b0%d1%80%d0%b8%d1%8e/,post
makler-realty.ru,https://makler-realty.ru/post-sitemap.xml,https://makler-realty.ru/%d0%b2%d0%bd%d0%b8%d0%bc%d0%b0%d0%bd%d0%b8%d0%b5-%d1%87%d0%b5%d1%80%d0%bd%d1%8b%d0%b5-%d1%80%d0%b8%d1%8d%d0%bb%d1%82%d0%be%d1%80%d1%8b-%d0%b2-%d1%81%d0%b0%d0%bd%d0%b4%d0%b0%d0%bd%d1%81%d0%ba%d0%b8/,post
makler-realty.ru,https://makler-realty.ru/page-sitemap.xml,https://makler-realty.ru/%d0%b2%d0%be%d0%bf%d1%80%d0%be%d1%81-%d0%be%d1%82%d0%b2%d0%b5%d1%82-%d0%bd%d0%b5%d0%b4%d0%b2%d0%b8%d0%b6%d0%b8%d0%bc%d0%be%d1%81%d1%82%d1%8c-%d0%b1%d0%be%d0%bb%d0%b3%d0%b0%d1%80%d0%b8%d1%8f/,page
makler-realty.ru,https://makler-realty.ru/page-sitemap.xml,https://makler-realty.ru/%d0%b2%d0%be%d0%bf%d1%80%d0%be%d1%81-%d0%be%d1%82%d0%b2%d0%b5%d1%82-%d0%bd%d0%b5%d0%b4%d0%b2%d0%b8%d0%b6%d0%b8%d0%bc%d0%be%d1%81%d1%82%d1%8c-%d0%b1%d0%be%d0%bb%d0%b3%d0%b0%d1%80%d0%b8%d1%8f/%d0%ba%d0%b0%d0%ba-%d0%b2%d1%8b%d0%b1%d1%80%d0%b0%d1%82%d1%8c-%d0%b0%d0%b3%d0%b5%d0%bd%d1%82%d1%81%d1%82%d0%b2%d0%be-%d0%bd%d0%b5%d0%b4%d0%b2%d0%b8%d0%b6%d0%b8%d0%bc%d0%be%d1%81%d1%82%d0%b8/,page
makler-realty.ru,https://makler-realty.ru/page-sitemap.xml,https://makler-realty.ru/%d0%b2%d0%be%d0%bf%d1%80%d0%be%d1%81-%d0%be%d1%82%d0%b2%d0%b5%d1%82-%d0%bd%d0%b5%d0%b4%d0%b2%d0%b8%d0%b6%d0%b8%d0%bc%d0%be%d1%81%d1%82%d1%8c-%d0%b1%d0%be%d0%bb%d0%b3%d0%b0%d1%80%d0%b8%d1%8f/chto-takoe-bulstat/,page
makler-realty.ru,https://makler-realty.ru/page-sitemap.xml,https://makler-realty.ru/%d0%b2%d0%be%d0%bf%d1%80%d0%be%d1%81-%d0%be%d1%82%d0%b2%d0%b5%d1%82-%d0%bd%d0%b5%d0%b4%d0%b2%d0%b8%d0%b6%d0%b8%d0%bc%d0%be%d1%81%d1%82%d1%8c-%d0%b1%d0%be%d0%bb%d0%b3%d0%b0%d1%80%d0%b8%d1%8f/kak-dolgo-oformlqetsq-nedwizhimost-v-sobstvenost/,page
makler-realty.ru,https://makler-realty.ru/page-sitemap.xml,https://makler-realty.ru/%d0%b2%d0%be%d0%bf%d1%80%d0%be%d1%81-%d0%be%d1%82%d0%b2%d0%b5%d1%82-%d0%bd%d0%b5%d0%b4%d0%b2%d0%b8%d0%b6%d0%b8%d0%bc%d0%be%d1%81%d1%82%d1%8c-%d0%b1%d0%be%d0%bb%d0%b3%d0%b0%d1%80%d0%b8%d1%8f/kak-dolgo-oformlqetsq-notarialnij-akt/,page
makler-realty.ru,https://makler-realty.ru/page-sitemap.xml,https://makler-realty.ru/%d0%b2%d0%be%d0%bf%d1%80%d0%be%d1%81-%d0%be%d1%82%d0%b2%d0%b5%d1%82-%d0%bd%d0%b5%d0%b4%d0%b2%d0%b8%d0%b6%d0%b8%d0%bc%d0%be%d1%81%d1%82%d1%8c-%d0%b1%d0%be%d0%bb%d0%b3%d0%b0%d1%80%d0%b8%d1%8f/kak-kupit-i-zaregistrirovat-avto-v-bolgarii/,page
makler-realty.ru,https://makler-realty.ru/page-sitemap.xml,https://makler-realty.ru/%d0%b2%d0%be%d0%bf%d1%80%d0%be%d1%81-%d0%be%d1%82%d0%b2%d0%b5%d1%82-%d0%bd%d0%b5%d0%b4%d0%b2%d0%b8%d0%b6%d0%b8%d0%bc%d0%be%d1%81%d1%82%d1%8c-%d0%b1%d0%be%d0%bb%d0%b3%d0%b0%d1%80%d0%b8%d1%8f/kak-otnosqtsq-bolgari-k-inostrantsam/,page
makler-realty.ru,https://makler-realty.ru/page-sitemap.xml,https://makler-realty.ru/%d0%b2%d0%be%d0%bf%d1%80%d0%be%d1%81-%d0%be%d1%82%d0%b2%d0%b5%d1%82-%d0%bd%d0%b5%d0%b4%d0%b2%d0%b8%d0%b6%d0%b8%d0%bc%d0%be%d1%81%d1%82%d1%8c-%d0%b1%d0%be%d0%bb%d0%b3%d0%b0%d1%80%d0%b8%d1%8f/kak-polichit-vnzh-v-bolgarii/,page
makler-realty.ru,https://makler-realty.ru/page-sitemap.xml,https://makler-realty.ru/%d0%b2%d0%be%d0%bf%d1%80%d0%be%d1%81-%d0%be%d1%82%d0%b2%d0%b5%d1%82-%d0%bd%d0%b5%d0%b4%d0%b2%d0%b8%d0%b6%d0%b8%d0%bc%d0%be%d1%81%d1%82%d1%8c-%d0%b1%d0%be%d0%bb%d0%b3%d0%b0%d1%80%d0%b8%d1%8f/kak-poluchit-grazhdanstvo-bolgarii/,page
makler-realty.ru,https://makler-realty.ru/page-sitemap.xml,https://makler-realty.ru/%d0%b2%d0%be%d0%bf%d1%80%d0%be%d1%81-%d0%be%d1%82%d0%b2%d0%b5%d1%82-%d0%bd%d0%b5%d0%b4%d0%b2%d0%b8%d0%b6%d0%b8%d0%bc%d0%be%d1%81%d1%82%d1%8c-%d0%b1%d0%be%d0%bb%d0%b3%d0%b0%d1%80%d0%b8%d1%8f/kak-poluchit-pmzh-v-bolgarii/,page
makler-realty.ru,https://makler-realty.ru/page-sitemap.xml,https://makler-realty.ru/%d0%b2%d0%be%d0%bf%d1%80%d0%be%d1%81-%d0%be%d1%82%d0%b2%d0%b5%d1%82-%d0%bd%d0%b5%d0%b4%d0%b2%d0%b8%d0%b6%d0%b8%d0%bc%d0%be%d1%81%d1%82%d1%8c-%d0%b1%d0%be%d0%bb%d0%b3%d0%b0%d1%80%d0%b8%d1%8f/kak-proverit-agentstvo-nedvizhimosti/,page
makler-realty.ru,https://makler-realty.ru/page-sitemap.xml,https://makler-realty.ru/%d0%b2%d0%be%d0%bf%d1%80%d0%be%d1%81-%d0%be%d1%82%d0%b2%d0%b5%d1%82-%d0%bd%d0%b5%d0%b4%d0%b2%d0%b8%d0%b6%d0%b8%d0%bc%d0%be%d1%81%d1%82%d1%8c-%d0%b1%d0%be%d0%bb%d0%b3%d0%b0%d1%80%d0%b8%d1%8f/kakie-v-bolgarii-kommunalnie-platezhi/,page
makler-realty.ru,https://makler-realty.ru/page-sitemap.xml,https://makler-realty.ru/%d0%b2%d0%be%d0%bf%d1%80%d0%be%d1%81-%d0%be%d1%82%d0%b2%d0%b5%d1%82-%d0%bd%d0%b5%d0%b4%d0%b2%d0%b8%d0%b6%d0%b8%d0%bc%d0%be%d1%81%d1%82%d1%8c-%d0%b1%d0%be%d0%bb%d0%b3%d0%b0%d1%80%d0%b8%d1%8f/kupit-nedvizhimost-u-zastroishika-ili-charez-agentstvo-nedvizhimosti/,page
makler-realty.ru,https://makler-realty.ru/page-sitemap.xml,https://makler-realty.ru/%d0%b2%d0%be%d0%bf%d1%80%d0%be%d1%81-%d0%be%d1%82%d0%b2%d0%b5%d1%82-%d0%bd%d0%b5%d0%b4%d0%b2%d0%b8%d0%b6%d0%b8%d0%bc%d0%be%d1%81%d1%82%d1%8c-%d0%b1%d0%be%d0%bb%d0%b3%d0%b0%d1%80%d0%b8%d1%8f/neobhodimie-dokumenti-dlq-pokupki-kvartiri-v-bolgarii/,page
makler-realty.ru,https://makler-realty.ru/page-sitemap.xml,https://makler-realty.ru/%d0%b2%d0%be%d0%bf%d1%80%d0%be%d1%81-%d0%be%d1%82%d0%b2%d0%b5%d1%82-%d0%bd%d0%b5%d0%b4%d0%b2%d0%b8%d0%b6%d0%b8%d0%bc%d0%be%d1%81%d1%82%d1%8c-%d0%b1%d0%be%d0%bb%d0%b3%d0%b0%d1%80%d0%b8%d1%8f/pochemu-nuzhna-firma-dlq-pokupki-doma-v-bolgarii/,page
makler-realty.ru,https://makler-realty.ru/page-sitemap.xml,https://makler-realty.ru/%d0%b2%d0%be%d0%bf%d1%80%d0%be%d1%81-%d0%be%d1%82%d0%b2%d0%b5%d1%82-%d0%bd%d0%b5%d0%b4%d0%b2%d0%b8%d0%b6%d0%b8%d0%bc%d0%be%d1%81%d1%82%d1%8c-%d0%b1%d0%be%d0%bb%d0%b3%d0%b0%d1%80%d0%b8%d1%8f/skolko-vremeni-neobhodimo-dlq-vibora-nedvizhimosti-ipredvaritelnogo-dogovora/,page
makler-realty.ru,https://makler-realty.ru/sitemap-2/,https://makler-realty.ru/%d0%b3%d0%bb%d0%b0%d0%b2%d0%bd%d0%b0%d1%8f/,page
makler-realty.ru,https://makler-realty.ru/page-sitemap.xml,https://makler-realty.ru/%d0%b4%d0%be%d1%81%d1%82%d0%be%d0%bf%d1%80%d0%b8%d0%bc%d0%b5%d1%87%d0%b0%d1%82%d0%b5%d0%bb%d0%bd%d0%be%d1%81%d1%82%d0%b8/,page
makler-realty.ru,https://makler-realty.ru/post-sitemap.xml,https://makler-realty.ru/%d0%ba%d0%b0%d0%ba-%d0%b4%d0%be%d0%b5%d1%85%d0%b0%d1%82%d1%8c-%d0%b8%d0%b7-%d1%81%d0%be%d1%84%d0%b8%d0%b8-%d0%b4%d0%be-%d1%81%d0%b0%d0%bd%d0%b4%d0%b0%d0%bd%d1%81%d0%ba%d0%b8/,post
makler-realty.ru,https://makler-realty.ru/post-sitemap.xml,https://makler-realty.ru/%d0%ba%d0%b8%d0%bd%d0%b5%d0%b7%d0%b8%d1%82%d0%b5%d1%80%d0%b0%d0%bf%d0%b8%d1%8f-%d0%bc%d0%b0%d0%bd%d1%83%d0%b0%d0%bb%d1%8c%d0%bd%d0%b0%d1%8f-%d1%82%d0%b5%d1%80%d0%b0%d0%bf%d0%b8%d1%8f/,post
makler-realty.ru,https://makler-realty.ru/page-sitemap.xml,https://makler-realty.ru/%d0%ba%d0%be%d0%bd%d1%82%d0%b0%d0%ba%d1%82%d0%b8/,page
makler-realty.ru,https://makler-realty.ru/post-sitemap.xml,https://makler-realty.ru/%d0%ba%d1%83%d0%bf%d0%b8%d1%82%d1%8c-%d0%b4%d0%be%d0%bc-%d0%b2-%d1%81%d0%b0%d0%bd%d0%b4%d0%b0%d0%bd%d1%81%d0%ba%d0%b8/,post
makler-realty.ru,https://makler-realty.ru/post-sitemap.xml,https://makler-realty.ru/%d0%ba%d1%83%d0%bf%d0%b8%d1%82%d1%8c-%d0%ba%d0%b2%d0%b0%d1%80%d1%82%d0%b8%d1%80%d1%83-%d0%b2-%d1%81%d0%b0%d0%bd%d0%b4%d0%b0%d0%bd%d1%81%d0%ba%d0%b8/,post
makler-realty.ru,https://makler-realty.ru/post-sitemap.xml,https://makler-realty.ru/%d0%ba%d1%83%d1%80%d1%8c%d0%b5%d1%80%d1%81%d0%ba%d0%b8%d0%b5-%d1%84%d0%b8%d1%80%d0%bc%d1%8b-%d0%b2-%d0%b3%d0%be%d1%80%d0%be%d0%b4%d0%b5-%d1%81%d0%b0%d0%bd%d0%b4%d0%b0%d0%bd%d1%81%d0%ba%d0%b8/,post
makler-realty.ru,https://makler-realty.ru/post-sitemap.xml,https://makler-realty.ru/%d0%bc%d0%b0%d0%ba%d0%b5%d0%b4%d0%be%d0%bd%d0%b8%d1%8f-%d0%be%d0%b1%d0%bb%d0%b5%d0%b3%d1%87%d0%b0%d0%b5%d1%82-%d0%bf%d1%80%d0%b0%d0%b2%d0%b8%d0%bb%d0%b0-%d0%b2%d1%8a%d0%b5%d0%b7%d0%b4%d0%b0/,post
makler-realty.ru,https://makler-realty.ru/post-sitemap.xml,https://makler-realty.ru/%d0%bc%d0%b0%d0%ba%d0%b5%d0%b4%d0%be%d0%bd%d0%b8%d1%8f-%d0%bf%d1%83%d1%81%d1%82%d0%b8%d1%82-%d0%bf%d0%be-%d0%bf%d0%b0%d1%81%d0%bf%d0%be%d1%80%d1%82%d1%83/,post
makler-realty.ru,https://makler-realty.ru/post-sitemap.xml,https://makler-realty.ru/%d0%bd%d0%b0%d1%88%d0%b8-%d0%bb%d1%83%d1%87%d1%88%d0%b8%d0%b5-%d0%bf%d1%80%d0%b5%d0%b4%d0%bb%d0%be%d0%b6%d0%b5%d0%bd%d0%b8%d1%8f-%d0%ba%d0%b2%d0%b0%d1%80%d1%82%d0%b8%d1%80-%d0%b2-%d1%81%d0%b0%d0%bd/,post
makler-realty.ru,https://makler-realty.ru/post-sitemap.xml,https://makler-realty.ru/%d0%bd%d0%b5%d0%b4%d0%b2%d0%b8%d0%b6%d0%b8%d0%bc%d0%be%d1%81%d1%82%d1%8c-%d0%b2-%d0%b1%d0%be%d0%bb%d0%b3%d0%b0%d1%80%d0%b8%d0%b8/,post
makler-realty.ru,https://makler-realty.ru/post-sitemap.xml,https://makler-realty.ru/%d0%bd%d0%b5%d0%b4%d0%b2%d0%b8%d0%b6%d0%b8%d0%bc%d0%be%d1%81%d1%82%d1%8c-%d0%b2-%d1%81%d0%b0%d0%bd%d0%b4%d0%b0%d0%bd%d1%81%d0%ba%d0%b8-%d0%b4%d0%b2%d1%83%d1%88%d0%ba%d0%b8/,post
makler-realty.ru,https://makler-realty.ru/post-sitemap.xml,https://makler-realty.ru/%d0%bd%d0%b5%d0%b4%d0%b2%d0%b8%d0%b6%d0%b8%d0%bc%d0%be%d1%81%d1%82%d1%8c-%d0%b2-%d1%81%d0%b0%d0%bd%d0%b4%d0%b0%d0%bd%d1%81%d0%ba%d0%b8/,post
makler-realty.ru,https://makler-realty.ru/post-sitemap.xml,https://makler-realty.ru/%d0%bd%d0%be%d0%b2%d1%8b%d0%b9-%d1%84%d0%b8%d0%bb%d1%8c%d0%bc-%d0%be-%d0%b2%d0%b0%d0%bd%d0%b3%d0%b5/,post
makler-realty.ru,https://makler-realty.ru/post-sitemap.xml,https://makler-realty.ru/%d0%bd%d0%be%d1%82%d0%b0%d1%80%d0%b8%d1%83%d1%81%d1%8b-%d0%b2-%d0%b3%d0%be%d1%80%d0%be%d0%b4%d0%b5-%d1%81%d0%b0%d0%bd%d0%b4%d0%b0%d0%bd%d1%81%d0%ba%d0%b8/,post
makler-realty.ru,https://makler-realty.ru/post-sitemap.xml,https://makler-realty.ru/%d0%be%d0%b1%d1%89%d0%b0%d1%8f-%d0%bf%d0%bb%d0%be%d1%89%d0%b0%d0%b4%d1%8c-%d0%ba%d0%b2%d0%b0%d1%80%d1%82%d0%b8%d1%80%d1%8b-%d1%87%d1%82%d0%be-%d1%8d%d1%82%d0%be/,post
makler-realty.ru,https://makler-realty.ru/page-sitemap.xml,https://makler-realty.ru/%d0%be%d1%84%d0%be%d1%80%d0%bc%d0%bb%d0%b5%d0%bd%d0%b8%d0%b5-%d1%81%d0%b4%d0%b5%d0%bb%d0%ba%d0%b8-%d0%bd%d0%b5%d0%b4%d0%b2%d0%b8%d0%b6%d0%b8%d0%bc%d0%be%d1%81%d1%82%d1%8c-%d0%b1%d0%be%d0%bb%d0%b3/,page
makler-realty.ru,https://makler-realty.ru/page-sitemap.xml,https://makler-realty.ru/%d0%bf%d0%b0%d1%80%d1%82%d0%bd%d1%8c%d0%be%d1%80%d0%b8/,page
makler-realty.ru,https://makler-realty.ru/post-sitemap.xml,https://makler-realty.ru/%d0%bf%d1%80%d0%b0%d0%b7%d0%b4%d0%bd%d0%b8%d0%ba%d0%b8-%d0%b1%d0%be%d0%bb%d0%b3%d0%b0%d1%80%d0%b8%d0%b8/,post
makler-realty.ru,https://makler-realty.ru/post-sitemap.xml,https://makler-realty.ru/%d0%bf%d1%80%d0%be%d0%b4%d0%b0%d0%b6%d0%b0-%d0%ba%d0%b2%d0%b0%d1%80%d1%82%d0%b8%d1%80-%d1%81%d0%b0%d0%bd%d0%b4%d0%b0%d0%bd%d1%81%d0%ba%d0%b8/,post
makler-realty.ru,https://makler-realty.ru/post-sitemap.xml,https://makler-realty.ru/%d1%80%d1%83%d1%81%d1%81%d0%ba%d0%b8%d0%b5-%d0%b2-%d1%81%d0%b0%d0%bd%d0%b4%d0%b0%d0%bd%d1%81%d0%ba%d0%b8/,post
makler-realty.ru,https://makler-realty.ru/post-sitemap.xml,https://makler-realty.ru/%d1%81%d0%b0%d0%bd%d0%b4%d0%b0%d0%bd%d1%81%d0%ba%d0%b8-%d0%b1%d0%be%d0%bb%d0%b3%d0%b0%d1%80%d0%b8%d1%8f/,post
makler-realty.ru,https://makler-realty.ru/post-sitemap.xml,https://makler-realty.ru/%d1%81%d0%b0%d0%bd%d0%b4%d0%b0%d0%bd%d1%81%d0%ba%d0%b8-%d0%bb%d0%b5%d1%87%d0%b5%d0%bd%d0%b8%d0%b5-%d0%b0%d1%81%d1%82%d0%bc%d1%8b/,post
makler-realty.ru,https://makler-realty.ru/post-sitemap.xml,https://makler-realty.ru/%d1%81%d0%b0%d0%bd%d0%b4%d0%b0%d0%bd%d1%81%d0%ba%d0%b8-%d0%bb%d0%b5%d1%87%d0%b5%d0%bd%d0%b8%d0%b5/,post
makler-realty.ru,https://makler-realty.ru/post-sitemap.xml,https://makler-realty.ru/%d1%81%d0%b0%d0%bd%d0%b4%d0%b0%d0%bd%d1%81%d0%ba%d0%b8-%d0%bb%d1%83%d1%87%d1%88%d0%b8%d0%b9-%d1%81%d0%bf%d0%b0-%d0%ba%d1%83%d1%80%d0%be%d1%80%d1%82-2009-%d0%b3%d0%be%d0%b4%d0%b0/,post
makler-realty.ru,https://makler-realty.ru/post-sitemap.xml,https://makler-realty.ru/%d1%81%d0%b0%d0%bd%d0%b4%d0%b0%d0%bd%d1%81%d0%ba%d0%b8/,post
makler-realty.ru,https://makler-realty.ru/page-sitemap.xml,https://makler-realty.ru/%d1%81%d1%82%d0%b0%d1%82%d1%8c%d0%b8-%d0%be-%d0%b1%d0%be%d0%bb%d0%b3%d0%b0%d1%80%d0%b8%d0%b8/,page
makler-realty.ru,https://makler-realty.ru/page-sitemap.xml,https://makler-realty.ru/%d1%81%d1%82%d1%80%d0%be%d0%b8%d1%82%d0%b5%d0%bb%d1%8c%d1%81%d1%82%d0%b2%d0%be/,page
makler-realty.ru,https://makler-realty.ru/post-sitemap.xml,https://makler-realty.ru/%d1%82%d0%b0%d0%ba%d1%81%d0%b8-%d0%b2-%d1%81%d0%b0%d0%bd%d0%b4%d0%b0%d0%bd%d1%81%d0%ba%d0%b8/,post
makler-realty.ru,https://makler-realty.ru/post-sitemap.xml,https://makler-realty.ru/%d1%82%d0%b0%d0%ba%d1%81%d0%b8-%d0%b8%d0%b7-%d1%81%d0%be%d1%84%d0%b8%d0%b8-%d0%b2-%d1%81%d0%b0%d0%bd%d0%b4%d0%b0%d0%bd%d1%81%d0%ba%d0%b8/,post
makler-realty.ru,https://makler-realty.ru/post-sitemap.xml,https://makler-realty.ru/%d1%82%d1%80%d0%b0%d0%bd%d1%81%d1%84%d0%b5%d1%80-%d1%81%d0%b0%d0%bb%d0%be%d0%bd%d0%b8%d0%ba%d0%b8-%d1%81%d0%b0%d0%bd%d0%b4%d0%b0%d0%bd%d1%81%d0%ba%d0%b8/,post
makler-realty.ru,https://makler-realty.ru/post-sitemap.xml,https://makler-realty.ru/%d1%82%d1%80%d0%b0%d0%bd%d1%81%d1%84%d0%b5%d1%80-%d1%81%d0%be%d1%84%d0%b8%d1%8f-%d0%b1%d0%b0%d0%bd%d1%81%d0%ba%d0%be/,post
makler-realty.ru,https://makler-realty.ru/post-sitemap.xml,https://makler-realty.ru/%d1%83%d0%b1%d0%be%d1%80%d0%ba%d0%b0-%d0%ba%d0%b2%d0%b0%d1%80%d1%82%d0%b8%d1%80-%d1%81%d0%b0%d0%bd%d0%b4%d0%b0%d0%bd%d1%81%d0%ba%d0%b8/,post
makler-realty.ru,https://makler-realty.ru/page-sitemap.xml,https://makler-realty.ru/%d1%83%d1%81%d0%bb%d1%83%d0%b3%d0%b8-%d0%b2-%d1%81%d0%b0%d0%bd%d0%b4%d0%b0%d0%bd%d1%81%d0%ba%d0%b8/,page
makler-realty.ru,https://makler-realty.ru/page-sitemap.xml,https://makler-realty.ru/%d1%83%d1%81%d0%bb%d1%83%d0%b3%d0%b8-%d0%b2-%d1%81%d0%b0%d0%bd%d0%b4%d0%b0%d0%bd%d1%81%d0%ba%d0%b8/%d0%b8%d0%bd%d1%84%d0%be%d1%80%d0%bc%d0%b0%d1%86%d0%b8%d1%8f/,page
makler-realty.ru,https://makler-realty.ru/page-sitemap.xml,https://makler-realty.ru/%d1%83%d1%81%d0%bb%d1%83%d0%b3%d0%b8-%d0%bd%d0%b5%d0%b4%d0%b2%d0%b8%d0%b6%d0%b8%d0%bc%d0%be%d1%81%d1%82%d1%8c-%d0%b1%d0%be%d0%bb%d0%b3%d0%b0%d1%80%d0%b8%d1%8f/,page
makler-realty.ru,https://makler-realty.ru/post-sitemap.xml,https://makler-realty.ru/%d1%87%d1%83%d0%b4%d0%be%d0%b4%d0%b5%d0%b9%d1%81%d1%82%d0%b2%d0%b5%d0%bd%d0%bd%d1%8b%d0%b5-%d0%bc%d0%b5%d1%81%d1%82%d0%b0-%d0%b2-%d0%b1%d0%be%d0%bb%d0%b3%d0%b0%d1%80%d0%b8%d0%b8-%d0%b7%d0%bb%d0%b0/,post
makler-realty.ru,https://makler-realty.ru/post-sitemap.xml,https://makler-realty.ru/%d1%8d%d0%ba%d1%81%d0%ba%d1%83%d1%80%d1%81%d0%b8%d0%b8-%d0%b2-%d0%b3%d0%be%d1%80%d0%be%d0%b4%d0%b5-%d1%81%d0%b0%d0%bd%d0%b4%d0%b0%d0%bd%d1%81%d0%ba%d0%b8/,post
makler-realty.ru,https://makler-realty.ru/page-sitemap.xml,https://makler-realty.ru/%d1%8d%d0%ba%d1%81%d0%ba%d1%83%d1%80%d1%81%d0%b8%d0%b8-%d0%b2-%d1%81%d0%b0%d0%bd%d0%b4%d0%b0%d0%bd%d1%81%d0%ba%d0%b8/,page
makler-realty.ru,https://makler-realty.ru/sitemap-2/,https://makler-realty.ru/balcon/1/,page
makler-realty.ru,https://makler-realty.ru/sitemap-2/,https://makler-realty.ru/balcon/2/,page
makler-realty.ru,https://makler-realty.ru/sitemap-2/,https://makler-realty.ru/balcon/3/,page
makler-realty.ru,https://makler-realty.ru/sitemap-2/,https://makler-realty.ru/balcon/4/,page
makler-realty.ru,https://makler-realty.ru/sitemap-2/,https://makler-realty.ru/bedroom/1/,page
makler-realty.ru,https://makler-realty.ru/sitemap-2/,https://makler-realty.ru/bedroom/2/,page
makler-realty.ru,https://makler-realty.ru/sitemap-2/,https://makler-realty.ru/bedroom/3/,page
makler-realty.ru,https://makler-realty.ru/sitemap-2/,https://makler-realty.ru/bedroom/4/,page
makler-realty.ru,https://makler-realty.ru/sitemap-2/,https://makler-realty.ru/bedroom/5/,page
makler-realty.ru,https://makler-realty.ru/category_type-sitemap.xml,https://makler-realty.ru/category-type/%d1%81%d0%b5%d0%bb%d1%8c%d1%81%d0%ba%d0%be%d1%85%d0%be%d0%b7%d1%8f%d0%b9%d1%81%d1%82%d0%b2%d0%b5%d0%bd%d0%bd%d0%b0%d1%8f-%d0%b7%d0%b5%d0%bc%d0%bb%d1%8f/,taxonomy
makler-realty.ru,https://makler-realty.ru/category_type-sitemap.xml,https://makler-realty.ru/category-type/%d1%83%d1%87%d0%b0%d1%81%d1%82%d0%be%d0%ba-%d0%b7%d0%b5%d0%bc%d0%bb%d0%b8/,taxonomy
makler-realty.ru,https://makler-realty.ru/category_type-sitemap.xml,https://makler-realty.ru/category-type/apartment/,taxonomy
makler-realty.ru,https://makler-realty.ru/category_type-sitemap.xml,https://makler-realty.ru/category-type/commercial-area/,taxonomy
makler-realty.ru,https://makler-realty.ru/category_type-sitemap.xml,https://makler-realty.ru/category-type/dom/,taxonomy
makler-realty.ru,https://makler-realty.ru/category_type-sitemap.xml,https://makler-realty.ru/category-type/elite-realtor/,taxonomy
makler-realty.ru,https://makler-realty.ru/category_type-sitemap.xml,https://makler-realty.ru/category-type/hotel/,taxonomy
makler-realty.ru,https://makler-realty.ru/category_type-sitemap.xml,https://makler-realty.ru/category-type/house-floor/,taxonomy
makler-realty.ru,https://makler-realty.ru/category_type-sitemap.xml,https://makler-realty.ru/category-type/industrial-building/,taxonomy
makler-realty.ru,https://makler-realty.ru/category_type-sitemap.xml,https://makler-realty.ru/category-type/magazin/,taxonomy
makler-realty.ru,https://makler-realty.ru/category_type-sitemap.xml,https://makler-realty.ru/category-type/office-building/,taxonomy
makler-realty.ru,https://makler-realty.ru/category_type-sitemap.xml,https://makler-realty.ru/category-type/office/,taxonomy
makler-realty.ru,https://makler-realty.ru/category_type-sitemap.xml,https://makler-realty.ru/category-type/restaurant/,taxonomy
makler-realty.ru,https://makler-realty.ru/category_type-sitemap.xml,https://makler-realty.ru/category-type/studio/,taxonomy
makler-realty.ru,https://makler-realty.ru/category_type-sitemap.xml,https://makler-realty.ru/category-type/villa/,taxonomy
makler-realty.ru,https://makler-realty.ru/category-sitemap.xml,https://makler-realty.ru/category/%d0%bd%d0%be%d0%b2%d0%b8%d0%bd%d0%b8/,taxonomy
makler-realty.ru,https://makler-realty.ru/category-sitemap.xml,https://makler-realty.ru/category/%d1%81%d1%82%d0%b0%d1%82%d0%b8%d0%b8/,taxonomy
makler-realty.ru,https://makler-realty.ru/category-sitemap.xml,https://makler-realty.ru/category/uncategorized/,taxonomy
makler-realty.ru,https://makler-realty.ru/floors-sitemap.xml,https://makler-realty.ru/floors/1/,taxonomy
makler-realty.ru,https://makler-realty.ru/floors-sitemap.xml,https://makler-realty.ru/floors/2/,taxonomy
makler-realty.ru,https://makler-realty.ru/floors-sitemap.xml,https://makler-realty.ru/floors/3/,taxonomy
makler-realty.ru,https://makler-realty.ru/floors-sitemap.xml,https://makler-realty.ru/floors/4/,taxonomy
makler-realty.ru,https://makler-realty.ru/floors-sitemap.xml,https://makler-realty.ru/floors/5/,taxonomy
makler-realty.ru,https://makler-realty.ru/listings-sitemap.xml,https://makler-realty.ru/listing/,taxonomy
makler-realty.ru,https://makler-realty.ru/listings-sitemap.xml,https://makler-realty.ru/listing/%d0%b0%d0%bf%d0%b0%d1%80%d1%82%d0%b0%d0%bc%d0%b5%d0%bd%d1%82%d1%8b-%d0%b2-%d0%bf%d0%b0%d1%80%d0%ba-%d0%be%d1%82%d0%b5%d0%bb%d0%b5-%d0%bf%d0%b8%d1%80%d0%b8%d0%bd-%d1%81%d0%b0%d0%bd%d0%b4%d0%b0%d0%bd/,listing
makler-realty.ru,https://makler-realty.ru/listings-sitemap.xml,https://makler-realty.ru/listing/%d0%b0%d1%80%d0%b5%d0%bd%d0%b4%d0%b0-%d0%bf%d0%b0%d0%bd%d0%be%d1%80%d0%b0%d0%bc%d0%bd%d0%be%d0%b9-%d0%b4%d0%b2%d1%83%d1%88%d0%ba%d0%b8-%d0%b2-%d1%81%d0%b0%d0%bd%d0%b4%d0%b0%d0%bd%d1%81%d0%ba/,listing
makler-realty.ru,https://makler-realty.ru/listings-sitemap.xml,https://makler-realty.ru/listing/%d0%b1%d0%be%d0%bb%d1%8c%d1%88%d0%be%d0%b9-%d1%83%d1%87%d0%b0%d1%81%d1%82%d0%be%d0%ba-%d0%b7%d0%b4%d0%b0%d0%bd%d0%b8%d1%8f-%d1%81%d0%b0%d0%bd%d0%b4%d0%b0%d0%bd%d1%81%d0%ba%d0%b8/,listing
makler-realty.ru,https://makler-realty.ru/listings-sitemap.xml,https://makler-realty.ru/listing/%d0%b4%d0%be%d0%bc-%d0%b2-%d0%b4%d0%b5%d1%80%d0%b5%d0%b2%d0%bd%d0%b5-%d1%81%d0%bf%d0%b0%d1%82%d0%be%d0%b2%d0%be-%d0%bc%d1%83%d0%bd%d0%b8%d1%86%d0%b8%d0%bf%d0%b0%d0%bb%d0%b8%d1%82%d0%b5%d1%82-%d1%81/,listing
makler-realty.ru,https://makler-realty.ru/listings-sitemap.xml,https://makler-realty.ru/listing/%d0%b4%d0%be%d0%bc-%d0%bd%d0%b0-%d0%bf%d1%80%d0%be%d0%b4%d0%b0%d0%b6%d1%83-%d0%b2-%d1%81%d0%b5%d0%bb%d0%b5-%d0%bf%d0%b5%d1%82%d1%80%d0%be%d0%b2%d0%be-%d0%bc%d1%83%d0%bd%d0%b8%d1%86%d0%b8%d0%bf%d0%b0/,listing
makler-realty.ru,https://makler-realty.ru/listings-sitemap.xml,https://makler-realty.ru/listing/%d0%ba%d0%b2%d0%b0%d1%80%d1%82%d0%b8%d1%80%d0%b0-%d0%bf%d0%b0%d1%80%d0%ba-%d0%be%d1%82%d0%b5%d0%bb%d1%8c-%d0%bf%d0%b8%d1%80%d0%b8%d0%bd-%d1%81%d0%b0%d0%bd%d0%b4%d0%b0%d0%bd%d1%81%d0%ba%d0%b8/,listing
makler-realty.ru,https://makler-realty.ru/listings-sitemap.xml,https://makler-realty.ru/listing/%d0%be%d1%82%d0%b5%d0%bb%d1%8c-%d1%81-%d1%80%d0%b5%d1%81%d1%82%d0%be%d1%80%d0%b0%d0%bd%d0%be%d0%bc-%d0%b2-%d0%b3-%d1%81%d0%b0%d0%bd%d0%b4%d0%b0%d0%bd%d1%81%d0%ba%d0%b8/,listing
makler-realty.ru,https://makler-realty.ru/listings-sitemap.xml,https://makler-realty.ru/listing/%d0%be%d1%84%d0%b8%d1%81-%d0%bd%d0%b0-%d0%bf%d1%80%d0%be%d0%b4%d0%b0%d0%b6%d1%83-%d0%b2-%d1%81%d0%b0%d0%bd%d0%b4%d0%b0%d0%bd%d1%81%d0%ba%d0%b8/,listing
makler-realty.ru,https://makler-realty.ru/listings-sitemap.xml,https://makler-realty.ru/listing/%d0%bf%d1%80%d0%be%d0%b4%d0%b0%d0%b5%d1%82%d1%81%d1%8f-%d0%be%d1%81%d0%be%d0%b1%d0%bd%d1%8f%d0%ba-%d0%b3%d0%be%d1%80%d0%be%d0%b4-%d1%81%d0%b0%d0%bd%d0%b4%d0%b0%d0%bd%d1%81%d0%ba%d0%b8/,listing
makler-realty.ru,https://makler-realty.ru/listings-sitemap.xml,https://makler-realty.ru/listing/%d0%bf%d1%80%d0%be%d0%b4%d0%b0%d0%b5%d1%82%d1%81%d1%8f-%d0%bf%d1%80%d0%be%d0%b8%d0%b7%d0%b2%d0%be%d0%b4%d1%81%d1%82%d0%b2%d0%b5%d0%bd%d0%bd%d0%be%d0%b5-%d0%b7%d0%b4%d0%b0%d0%bd%d0%b8%d0%b5/,listing
makler-realty.ru,https://makler-realty.ru/listings-sitemap.xml,https://makler-realty.ru/listing/%d0%bf%d1%80%d0%be%d0%b4%d0%b0%d0%b5%d1%82%d1%81%d1%8f-%d1%8d%d0%bb%d0%b8%d1%82%d0%bd%d1%8b%d0%b9-%d0%b4%d0%be%d0%bc-%d0%b2-%d1%81%d0%b0%d0%bd%d0%b4%d0%b0%d0%bd%d1%81%d0%ba%d0%b8-%d1%80%d1%8f%d0%b4/,listing
makler-realty.ru,https://makler-realty.ru/listings-sitemap.xml,https://makler-realty.ru/listing/%d0%bf%d1%80%d0%be%d0%b4%d0%b0%d0%b6%d0%b0-%d0%b1%d0%be%d0%bb%d1%8c%d1%88%d0%be%d0%b3%d0%be-%d0%b4%d0%be%d0%bc%d0%b0-%d1%81%d0%b0%d0%bd%d0%b4%d0%b0%d0%bd%d1%81%d0%ba%d0%b8/,listing
makler-realty.ru,https://makler-realty.ru/listings-sitemap.xml,https://makler-realty.ru/listing/%d0%bf%d1%80%d0%be%d0%b4%d0%b0%d0%b6%d0%b0-%d0%b1%d0%be%d0%bb%d1%8c%d1%88%d0%be%d0%b3%d0%be-%d0%bf%d0%b0%d0%bd%d0%be%d1%80%d0%b0%d0%bc%d0%bd%d0%be%d0%b3%d0%be-%d1%83%d1%87%d0%b0%d1%81%d1%82%d0%ba/,listing
makler-realty.ru,https://makler-realty.ru/listings-sitemap.xml,https://makler-realty.ru/listing/%d0%bf%d1%80%d0%be%d0%b4%d0%b0%d0%b6%d0%b0-%d0%b1%d0%be%d0%bb%d1%8c%d1%88%d0%be%d0%b3%d0%be-%d1%83%d1%87%d0%b0%d1%81%d1%82%d0%ba%d0%b0-%d1%80%d1%8f%d0%b4%d0%be%d0%bc-%d1%81-%d0%bc%d0%b8%d0%bd-%d0%b2/,listing
makler-realty.ru,https://makler-realty.ru/listings-sitemap.xml,https://makler-realty.ru/listing/%d0%bf%d1%80%d0%be%d0%b4%d0%b0%d0%b6%d0%b0-%d0%b2%d0%b8%d0%bd%d0%be%d0%b3%d1%80%d0%b0%d0%b4%d0%bd%d0%b8%d0%ba-%d1%81%d0%b0%d0%bd%d0%b4%d0%b0%d0%bd%d1%81%d0%ba%d0%b8-%d0%bc%d0%b5%d1%80%d0%bb%d0%be/,listing
makler-realty.ru,https://makler-realty.ru/listings-sitemap.xml,https://makler-realty.ru/listing/%d0%bf%d1%80%d0%be%d0%b4%d0%b0%d0%b6%d0%b0-%d0%b4%d0%be%d0%bc%d0%b0-%d0%b2-%d0%b2%d0%b8%d0%bd%d0%be%d0%b3%d1%80%d0%b0%d0%b4%d0%b8-%d0%bc%d0%b5%d0%bb%d0%bd%d0%b8%d0%ba/,listing
makler-realty.ru,https://makler-realty.ru/listings-sitemap.xml,https://makler-realty.ru/listing/%d0%bf%d1%80%d0%be%d0%b4%d0%b0%d0%b6%d0%b0-%d0%b4%d0%be%d0%bc%d0%b0-%d0%b2-%d1%81%d0%b0%d0%bd%d0%b4%d0%b0%d0%bd%d1%81%d0%ba%d0%b8-4/,listing
makler-realty.ru,https://makler-realty.ru/listings-sitemap.xml,https://makler-realty.ru/listing/%d0%bf%d1%80%d0%be%d0%b4%d0%b0%d0%b6%d0%b0-%d0%b4%d0%be%d0%bc%d0%b0-%d0%b2-%d1%86%d0%b5%d0%bd%d1%82%d1%80%d0%b5-%d0%b3-%d1%81%d0%b0%d0%bd%d0%b4%d0%b0%d0%bd%d1%81%d0%ba%d0%b8/,listing
makler-realty.ru,https://makler-realty.ru/listings-sitemap.xml,https://makler-realty.ru/listing/%d0%bf%d1%80%d0%be%d0%b4%d0%b0%d0%b6%d0%b0-%d0%b4%d0%be%d0%bc%d0%b0-%d1%81%d0%b0%d0%bd%d0%b4%d0%b0%d0%bd%d1%81%d0%ba%d0%b8/,listing
makler-realty.ru,https://makler-realty.ru/listings-sitemap.xml,https://makler-realty.ru/listing/%d0%bf%d1%80%d0%be%d0%b4%d0%b0%d0%b6%d0%b0-%d0%b4%d0%be%d0%bc%d0%b0-%d1%81-%d0%b2-%d0%b3%d0%be%d1%80%d0%be%d0%b4%d0%b5-%d1%81%d0%b0%d0%bd%d0%b4%d0%b0%d0%bd%d1%81%d0%ba%d0%b8/,listing
makler-realty.ru,https://makler-realty.ru/listings-sitemap.xml,https://makler-realty.ru/listing/%d0%bf%d1%80%d0%be%d0%b4%d0%b0%d0%b6%d0%b0-%d0%ba%d0%b2%d0%b0%d1%80%d1%82%d0%b8%d1%80%d1%8b-%d0%bf%d0%b0%d1%80%d0%ba-%d0%be%d1%82%d0%b5%d0%bb%d1%8c-%d0%bf%d0%b8%d1%80%d0%b8%d0%bd/,listing
makler-realty.ru,https://makler-realty.ru/listings-sitemap.xml,https://makler-realty.ru/listing/%d0%bf%d1%80%d0%be%d0%b4%d0%b0%d0%b6%d0%b0-%d0%bc%d0%b5%d0%b1%d0%bb%d0%b8%d1%80%d0%be%d0%b2%d0%b0%d0%bd%d0%bd%d0%be%d0%b9-%d1%81%d1%82%d1%83%d0%b4%d0%b8%d0%b8-%d0%b2-%d0%b6%d0%b8%d0%bb%d0%be%d0%bc/,listing
makler-realty.ru,https://makler-realty.ru/listings-sitemap.xml,https://makler-realty.ru/listing/%d0%bf%d1%80%d0%be%d0%b4%d0%b0%d0%b6%d0%b0-%d0%bd%d0%b5%d0%b4%d0%b2%d0%b8%d0%b6%d0%b8%d0%bc%d0%be%d1%81%d1%82%d0%b8-%d0%b2-%d0%bb%d0%b5%d0%b2%d1%83%d0%bd%d0%be%d0%b2%d0%be/,listing
makler-realty.ru,https://makler-realty.ru/listings-sitemap.xml,https://makler-realty.ru/listing/%d0%bf%d1%80%d0%be%d0%b4%d0%b0%d0%b6%d0%b0-%d0%bd%d0%b5%d0%b4%d0%b2%d0%b8%d0%b6%d0%b8%d0%bc%d0%be%d1%81%d1%82%d0%b8-%d0%b2-%d1%81%d0%b5%d0%bb%d0%b5-%d0%bb%d0%b0%d1%81%d0%ba%d0%b0%d1%80%d0%b5%d0%b2/,listing
makler-realty.ru,https://makler-realty.ru/listings-sitemap.xml,https://makler-realty.ru/listing/%d0%bf%d1%80%d0%be%d0%b4%d0%b0%d0%b6%d0%b0-%d0%bd%d0%be%d0%b2%d0%be%d1%81%d1%82%d1%80%d0%be%d0%b9%d0%ba%d0%b8-%d0%b2-%d1%81%d0%b0%d0%bd%d0%b4%d0%b0%d0%bd%d1%81%d0%ba%d0%b8/,listing
makler-realty.ru,https://makler-realty.ru/listings-sitemap.xml,https://makler-realty.ru/listing/%d0%bf%d1%80%d0%be%d0%b4%d0%b0%d0%b6%d0%b0-%d0%bf%d1%80%d0%be%d0%b8%d0%b7%d0%b2%d0%be%d0%b4%d1%81%d1%82%d0%b2%d0%b5%d0%bd%d0%bd%d0%be%d0%b9-%d0%b1%d0%b0%d0%b7%d1%8b-%d0%be%d0%ba%d0%be%d0%bb%d0%be/,listing
makler-realty.ru,https://makler-realty.ru/listings-sitemap.xml,https://makler-realty.ru/listing/%d0%bf%d1%80%d0%be%d0%b4%d0%b0%d0%b6%d0%b0-%d1%81%d0%bf%d0%b0-%d0%be%d1%82%d0%b5%d0%bb%d1%8f-%d0%b2-%d0%b3-%d1%81%d0%b0%d0%bd%d0%b4%d0%b0%d0%bd%d1%81%d0%ba%d0%b8/,listing
makler-realty.ru,https://makler-realty.ru/listings-sitemap.xml,https://makler-realty.ru/listing/%d0%bf%d1%80%d0%be%d0%b4%d0%b0%d0%b6%d0%b0-%d1%83%d1%87%d0%b0%d1%81%d1%82%d0%ba%d0%b0-%d0%b2-%d0%bf%d0%be%d1%81%d0%b5%d0%bb%d0%ba%d0%b5-%d0%b4%d0%b5%d1%80%d0%b1%d0%b5%d1%80%d0%b5-%d1%81%d0%b0%d0%bd/,listing
makler-realty.ru,https://makler-realty.ru/listings-sitemap.xml,https://makler-realty.ru/listing/%d0%bf%d1%80%d0%be%d0%b4%d0%b0%d0%b6%d0%b0-%d1%83%d1%87%d0%b0%d1%81%d1%82%d0%ba%d0%b0-%d0%bb%d0%b8%d0%bb%d1%8f%d0%bd%d0%be%d0%b2%d0%be-%d1%81%d0%b0%d0%bd%d0%b4%d0%b0%d0%bd%d1%81%d0%ba%d0%b8/,listing
makler-realty.ru,https://makler-realty.ru/listings-sitemap.xml,https://makler-realty.ru/listing/%d0%bf%d1%80%d0%be%d0%b4%d0%b0%d0%b6%d0%b0-%d1%83%d1%87%d0%b0%d1%81%d1%82%d0%ba%d0%b0-%d0%bd%d0%b0-%d0%bc%d0%b5%d0%b6%d0%b4%d1%83%d0%bd%d0%b0%d1%80%d0%be%d0%b4%d0%bd%d0%be%d0%b9-%d1%82%d1%80%d0%b0/,listing
makler-realty.ru,https://makler-realty.ru/listings-sitemap.xml,https://makler-realty.ru/listing/%d0%bf%d1%80%d0%be%d0%b4%d0%b0%d0%b6%d0%b0-%d1%83%d1%87%d0%b0%d1%81%d1%82%d0%ba%d0%b0-%d1%81-%d0%b2%d0%b8%d0%b4%d0%be%d0%bc-%d0%bd%d0%b0-%d1%81%d0%b0%d0%bd%d0%b4%d0%b0%d0%bd%d1%81%d0%ba%d0%b8/,listing
makler-realty.ru,https://makler-realty.ru/listings-sitemap.xml,https://makler-realty.ru/listing/%d0%bf%d1%80%d0%be%d0%b4%d0%b0%d0%b6%d0%b0-%d1%83%d1%87%d0%b0%d1%81%d1%82%d0%ba%d0%b0-2-%d0%b3%d0%ba%d0%b0-%d0%b2-%d1%80%d0%b0%d0%b9%d0%be%d0%bd%d0%b5-%d0%b3-%d1%81%d0%b0%d0%bd%d0%b4%d0%b0%d0%bd%d1%81/,listing
makler-realty.ru,https://makler-realty.ru/listings-sitemap.xml,https://makler-realty.ru/listing/%d1%80%d0%b5%d1%81%d1%82%d0%be%d1%80%d0%b0%d0%bd-%d1%81-%d0%be%d1%82%d0%b5%d0%bb%d0%b5%d0%bc-%d0%b2-%d0%b3-%d1%81%d0%b0%d0%bd%d0%b4%d0%b0%d0%bd%d1%81%d0%ba%d0%b8/,listing
makler-realty.ru,https://makler-realty.ru/listings-sitemap.xml,https://makler-realty.ru/listing/%d1%81%d0%b4%d0%b0%d0%b5%d1%82%d1%81%d1%8f-%d0%b0%d0%bf%d0%b0%d1%80%d1%82%d0%b0%d0%bc%d0%b5%d0%bd%d1%82-%d0%b2-%d1%86%d0%b5%d0%bd%d1%82%d1%80%d0%b5-%d0%b3%d0%be%d1%80%d0%be%d0%b4%d0%b0-%d1%81%d0%b0-2/,listing
makler-realty.ru,https://makler-realty.ru/listings-sitemap.xml,https://makler-realty.ru/listing/%d1%81%d0%b4%d0%b0%d0%b5%d1%82%d1%81%d1%8f-%d0%b4%d0%be%d0%bc-%d0%b2-%d1%81%d0%b5%d0%bb%d0%b5-%d0%b2%d0%b8%d0%bd%d0%be%d0%b3%d1%80%d0%b0%d0%b4%d0%b8-%d0%bc%d0%b5%d0%bb%d0%bd%d0%b8%d0%ba/,listing
makler-realty.ru,https://makler-realty.ru/listings-sitemap.xml,https://makler-realty.ru/listing/%d1%81%d0%b4%d0%b0%d0%b5%d1%82%d1%81%d1%8f-%d0%bf%d1%80%d0%be%d0%b8%d0%b7%d0%b2%d0%be%d0%b4%d1%81%d1%82%d0%b2%d0%b5%d0%bd%d0%bd%d0%be%d0%b5-%d0%bf%d0%be%d0%bc%d0%b5%d1%89%d0%b5%d0%bd%d0%b8%d0%b5/,listing
makler-realty.ru,https://makler-realty.ru/listings-sitemap.xml,https://makler-realty.ru/listing/%d1%81%d0%b5%d0%bb%d1%8c%d1%85%d0%be%d0%b7-%d0%b7%d0%b5%d0%bc%d0%bb%d1%8f-%d0%b2-%d1%80%d0%b0%d0%b9%d0%be%d0%bd%d0%b5-%d0%b4%d0%b5%d1%80%d0%b5%d0%b2%d0%bd%d0%b8-%d0%bb%d0%b5%d1%88%d0%bd%d0%b8%d1%86/,listing
makler-realty.ru,https://makler-realty.ru/listings-sitemap.xml,https://makler-realty.ru/listing/%d1%82%d0%b5%d0%bf%d0%bb%d0%b8%d1%86%d0%b0-%d0%b2-%d0%b3%d0%be%d1%80%d0%be%d0%b4%d0%b5-%d1%81%d0%b0%d0%bd%d0%b4%d0%b0%d0%bd%d1%81%d0%ba%d0%b8/,listing
makler-realty.ru,https://makler-realty.ru/listings-sitemap.xml,https://makler-realty.ru/listing/%d1%83%d1%87%d0%b0%d1%81%d1%82%d0%be%d0%ba-%d0%b2-%d0%bf%d0%be%d1%81%d0%b5%d0%bb%d0%ba%d0%b5-%d0%bb%d0%b5%d1%88%d0%bd%d0%b8%d1%86%d0%b0-%d1%80%d0%b0%d0%b9%d0%be%d0%bd-%d0%b3%d0%be%d1%80/,listing
makler-realty.ru,https://makler-realty.ru/listings-sitemap.xml,https://makler-realty.ru/listing/%d1%83%d1%87%d0%b0%d1%81%d1%82%d0%be%d0%ba-%d0%b2-%d0%bf%d0%be%d1%81%d0%b5%d0%bb%d0%ba%d0%b5-%d1%81%d1%82%d1%80%d1%83%d0%bc%d1%8f%d0%bd%d0%b8/,listing
makler-realty.ru,https://makler-realty.ru/listings-sitemap.xml,https://makler-realty.ru/listing/%d1%83%d1%87%d0%b0%d1%81%d1%82%d0%be%d0%ba-%d0%bd%d0%b5%d0%b4%d0%b2%d0%b8%d0%b6%d0%b8%d0%bc%d0%be%d1%81%d1%82%d1%8c-%d1%81%d0%b0%d0%bd%d0%b4%d0%b0%d0%bd%d1%81%d0%ba%d0%b8/,listing
makler-realty.ru,https://makler-realty.ru/listings-sitemap.xml,https://makler-realty.ru/listing/%d1%83%d1%87%d0%b0%d1%81%d1%82%d0%be%d0%ba-%d0%bf%d0%be%d0%b4-%d0%b7%d0%b0%d1%81%d1%82%d1%80%d0%be%d0%b9%d0%ba%d1%83-%d0%b2-%d1%81%d0%b0%d0%bd%d0%b4%d0%b0%d0%bd%d1%81%d0%ba%d0%b8/,listing
makler-realty.ru,https://makler-realty.ru/listings-sitemap.xml,https://makler-realty.ru/listing/%d1%83%d1%87%d0%b0%d1%81%d1%82%d0%be%d0%ba-%d0%bf%d0%be%d0%b4-%d0%b7%d0%b0%d1%81%d1%82%d1%80%d0%be%d0%b9%d0%ba%d1%83-%d0%bb%d0%b0%d1%81%d0%ba%d0%b0%d1%80%d0%b5%d0%b2%d0%be/,listing
makler-realty.ru,https://makler-realty.ru/listings-sitemap.xml,https://makler-realty.ru/listing/%d1%83%d1%87%d0%b0%d1%81%d1%82%d0%be%d0%ba-%d0%bf%d0%be%d0%b4-%d1%81%d1%82%d1%80%d0%be%d0%b8%d1%82%d0%b5%d0%bb%d1%8c%d1%81%d1%82%d0%b2%d0%be-%d0%be%d1%82%d0%b5%d0%bb%d1%8f/,listing
makler-realty.ru,https://makler-realty.ru/listings-sitemap.xml,https://makler-realty.ru/listing/%d1%83%d1%87%d0%b0%d1%81%d1%82%d0%be%d0%ba-%d0%bf%d0%be%d0%b4-%d1%81%d1%82%d1%80%d0%be%d0%b8%d1%82%d0%b5%d0%bb%d1%8c%d1%81%d1%82%d0%b2%d0%be-2/,listing
makler-realty.ru,https://makler-realty.ru/listings-sitemap.xml,https://makler-realty.ru/listing/%d1%86%d0%b5%d0%bd%d1%82%d1%80-%d0%bf%d1%80%d0%be%d1%84%d0%b8%d0%bb%d0%b0%d0%ba%d1%82%d0%b8%d0%ba%d0%b8-%d1%80%d0%b5%d0%b0%d0%b1%d0%b8%d0%bb%d0%b8%d1%82%d0%b0%d1%86%d0%b8%d0%b8-%d0%b8-%d0%ba%d0%be/,listing
makler-realty.ru,https://makler-realty.ru/listings-sitemap.xml,https://makler-realty.ru/listing/%d1%8d%d1%82%d0%b0%d0%b6-%d0%b4%d0%be%d0%bc%d0%b0-%d1%81-%d0%b7%d0%b5%d0%bc%d0%b5%d0%bb%d1%8c%d0%bd%d1%8b%d0%bc-%d1%83%d1%87%d0%b0%d1%81%d1%82%d0%ba%d0%be%d0%bc-%d0%b2-%d1%81%d0%b5%d0%bb%d0%b5-%d0%bb/,listing
makler-realty.ru,https://makler-realty.ru/listings-sitemap.xml,https://makler-realty.ru/listing/%d1%8d%d1%82%d0%b0%d0%b6-%d0%b4%d0%be%d0%bc%d0%b0-%d1%81-%d1%83%d1%87%d0%b0%d1%81%d1%82%d0%ba%d0%be%d0%bc-%d0%b2-%d0%b3-%d1%81%d0%b0%d0%bd%d0%b4%d0%b0%d0%bd%d1%81%d0%ba%d0%b8-%d0%bf%d1%80%d0%be/,listing
makler-realty.ru,https://makler-realty.ru/listings-sitemap.xml,https://makler-realty.ru/listing/a%d1%80%d0%b5%d0%bd%d0%b4%d0%b0-%d0%b4%d0%b2%d1%83%d1%85%d0%ba%d0%be%d0%bc%d0%bd%d0%b0%d1%82%d0%bd%d0%be%d0%b9-%d0%ba%d0%b2%d0%b0%d1%80%d1%82%d0%b8%d1%80%d1%8b-%d0%b2-%d0%b3-%d1%81%d0%b0%d0%bd%d0%b4/,listing
makler-realty.ru,https://makler-realty.ru/listings-sitemap.xml,https://makler-realty.ru/listing/arenda-dvuhkomnatnaia-kvartira-garazh-sandanski/,listing
makler-realty.ru,https://makler-realty.ru/listings-sitemap.xml,https://makler-realty.ru/listing/paralia-ofrinio-kvartira/,listing
makler-realty.ru,https://makler-realty.ru/listings-sitemap.xml,https://makler-realty.ru/listing/uchastok-strumiani/,listing
makler-realty.ru,https://makler-realty.ru/location-sitemap.xml,https://makler-realty.ru/location/bulgaria/,taxonomy
makler-realty.ru,https://makler-realty.ru/location-sitemap.xml,https://makler-realty.ru/location/greece-property/,taxonomy
makler-realty.ru,https://makler-realty.ru/page-sitemap.xml,https://makler-realty.ru/o-%d0%ba%d0%be%d0%bc%d0%bf%d0%b0%d0%bd%d0%b8%d0%b8/,page
makler-realty.ru,https://makler-realty.ru/page-sitemap.xml,https://makler-realty.ru/prodat-nedvizhimost-v-bolgarii/,page
makler-realty.ru,https://makler-realty.ru/property-sitemap.xml,https://makler-realty.ru/property/rent/,taxonomy
makler-realty.ru,https://makler-realty.ru/property-sitemap.xml,https://makler-realty.ru/property/sell/,taxonomy
makler-realty.ru,https://makler-realty.ru/resort-sitemap.xml,https://makler-realty.ru/resort/%d0%bc%d0%be%d1%80%d1%81%d0%ba%d0%b8%d0%b5-%d0%ba%d1%83%d1%80%d0%be%d1%80%d1%82%d1%8b-%d0%b1%d0%be%d0%bb%d0%b3%d0%b0%d1%80%d0%b8%d0%b8/,taxonomy
makler-realty.ru,https://makler-realty.ru/resort-sitemap.xml,https://makler-realty.ru/resort/%d0%bd%d0%b5%d0%b4%d0%b2%d0%b8%d0%b6%d0%b8%d0%bc%d0%be%d1%81%d1%82%d1%8c-%d0%b2-%d0%b1%d0%b0%d0%bd%d1%81%d0%ba%d0%be/,taxonomy
makler-realty.ru,https://makler-realty.ru/resort-sitemap.xml,https://makler-realty.ru/resort/%d0%bd%d0%b5%d0%b4%d0%b2%d0%b8%d0%b6%d0%b8%d0%bc%d0%be%d1%81%d1%82%d1%8c-%d0%b2-%d0%bc%d0%b5%d0%bb%d0%bd%d0%b8%d0%ba/,taxonomy
makler-realty.ru,https://makler-realty.ru/resort-sitemap.xml,https://makler-realty.ru/resort/%d0%bd%d0%b5%d0%b4%d0%b2%d0%b8%d0%b6%d0%b8%d0%bc%d0%be%d1%81%d1%82%d1%8c-%d0%b2-%d1%81%d0%b0%d0%bd%d0%b4%d0%b0%d0%bd%d1%81%d0%ba%d0%b8/,taxonomy
makler-realty.ru,https://makler-realty.ru/resort-sitemap.xml,https://makler-realty.ru/resort/%d0%bf%d0%b0%d1%80%d0%b0%d0%bb%d0%b8%d1%8f-%d0%be%d1%84%d1%80%d0%b8%d0%bd%d0%b8%d0%be/,taxonomy
makler-realty.ru,https://makler-realty.ru/resort-sitemap.xml,https://makler-realty.ru/resort/other/,taxonomy
makler-realty.ru,https://makler-realty.ru/resort-sitemap.xml,https://makler-realty.ru/resort/skiing-resort/,taxonomy
makler-realty.ru,https://makler-realty.ru/resort-sitemap.xml,https://makler-realty.ru/resort/spa-resorts/,taxonomy
makler-realty.ru,https://makler-realty.ru/post-sitemap.xml,https://makler-realty.ru/sandanski-%d1%81%d0%b0%d0%bd%d0%b4%d0%b0%d0%bd%d1%81%d0%ba%d0%b8/,post
makler-realty.ru,https://makler-realty.ru/page-sitemap.xml,https://makler-realty.ru/search/,page
makler-realty.ru,https://makler-realty.ru/post_tag-sitemap.xml,https://makler-realty.ru/tag/%d0%ba%d1%83%d1%80%d1%8c%d0%b5%d1%80%d1%8b/,taxonomy
makler-realty.ru,https://makler-realty.ru/post_tag-sitemap.xml,https://makler-realty.ru/tag/%d0%bb%d0%b5%d1%87%d0%b5%d0%bd%d0%b8%d0%b5/,taxonomy
makler-realty.ru,https://makler-realty.ru/post_tag-sitemap.xml,https://makler-realty.ru/tag/%d0%bc%d0%b0%d0%ba%d0%b5%d0%b4%d0%be%d0%bd%d0%b8%d1%8f/,taxonomy
makler-realty.ru,https://makler-realty.ru/post_tag-sitemap.xml,https://makler-realty.ru/tag/%d0%bd%d0%b5%d0%b4%d0%b2%d0%b8%d0%b6%d0%b8%d0%bc%d0%be%d1%81%d1%82%d1%8c/,taxonomy
makler-realty.ru,https://makler-realty.ru/post_tag-sitemap.xml,https://makler-realty.ru/tag/%d1%80%d1%83%d1%81%d1%81%d0%ba%d0%b8%d0%b5/,taxonomy
makler-realty.ru,https://makler-realty.ru/post_tag-sitemap.xml,https://makler-realty.ru/tag/%d1%81%d0%b0%d0%bd%d0%b4%d0%b0%d0%bd%d1%81%d0%ba%d0%b8-2/,taxonomy
makler-realty.ru,https://makler-realty.ru/post_tag-sitemap.xml,https://makler-realty.ru/tag/657/,taxonomy
makler-realty.ru,https://makler-realty.ru/post_tag-sitemap.xml,https://makler-realty.ru/tag/658/,taxonomy
makler-realty.ru,https://makler-realty.ru/post_tag-sitemap.xml,https://makler-realty.ru/tag/659/,taxonomy
makler-realty.ru,https://makler-realty.ru/type-sitemap.xml,https://makler-realty.ru/type/%d0%bf%d1%80%d0%be%d0%b4%d0%b0%d0%bd/,taxonomy
makler-realty.ru,https://makler-realty.ru/type-sitemap.xml,https://makler-realty.ru/type/featured/,taxonomy
makler-realty.ru,https://makler-realty.ru/type-sitemap.xml,https://makler-realty.ru/type/front/,taxonomy
makler-realty.ru,https://makler-realty.ru/type-sitemap.xml,https://makler-realty.ru/type/reduced/,taxonomy
