old_url,url_type,post_date,post_modified,word_count,title_ru,topic,recommendation,suggested_new_path,confidence,reason,red_flags
https://makler-realty.com/вопрос-ответ-недвижимость-болгария/,page,2013-10-19 17:49:43,2014-12-03 09:58:39,2789,Вопрос-ответ,faq,migrate_guide,/ru/guides/faq-nedvizhimost-bolgariya,high,"Полный русский FAQ по покупке недвижимости в Болгарии (15 вопросов, 2568 слов) — ядро будущего раздела guides и цель слияния для всех 16 дочерних FAQ-страниц (16 .ru + сам .com-хаб).",юр. факты устарели: запрет на землю для иностранных физлиц не действует для граждан ЕС/ЕЭЗ; правила ВНЖ/ПМЖ/гражданства изменились (инвестиционное гражданство отменено в 2022); суммы и процедуры требуют проверки перед публикацией
https://makler-realty.ru,page,2013-07-05 16:40:12,2016-07-10 12:50:17,976,Главная,listing_like,410,,high,"Корневой URL старого сайта, тело страницы собрано конструктором и пустое — это не гайд.",решение о редиректе главной принимается вне этого триажа (AGENTS: не выдумывать предположения о редиректах главной и поиска); meta рекламирует Солнечный берег и Поморие
https://makler-realty.ru/,page,2013-07-05 16:40:12,2016-07-10 12:50:17,976,Главная,listing_like,410,,high,"Тот же корневой URL со слешем, дубль корневого URL https://makler-realty.ru.",дубль https://makler-realty.ru; решение о редиректе главной вне этого триажа; meta рекламирует морские курорты
https://makler-realty.ru/аптеки-в-г-сандански/,post,2013-11-28 20:34:24,2013-11-28 20:40:51,967,Аптеки в г.Сандански,sandanski_pirin,410,,medium,"Справочник аптек и оптик Сандански 2013 года — телефоны и часы работы за 12 лет устарели, справочник не является гайдом.","данные 2013 г. (адреса, телефоны, режим работы) не верифицированы"
https://makler-realty.ru/болгария-глазами-переселенцев/,post,2013-08-27 10:59:52,2014-11-04 15:53:08,3801,Болгария глазами переселенцев,sandanski_pirin,migrate_guide,/ru/guides/bolgariya-glazami-pereselentsev,medium,"Очерк переселенца о жизни в Пиринской Македонии (3474 слова) — самый объёмный небанальный текст о регионе, точное попадание в тему Пирин.",автор текста не указан — проверить права перед публикацией; бытовые детали и цены 2011-2013 гг.
https://makler-realty.ru/болгария-глазами-переселенцев1/,post,2013-08-26 16:11:09,2014-11-04 15:53:40,1980,Болгария глазами переселенцев-продолжение1,sandanski_pirin,merge_into_existing_guide,/ru/guides/bolgariya-glazami-pereselentsev,medium,"Вторая часть того же очерка (1630 слов) — самостоятельной ценности как отдельная страница не имеет, склеивается в один длинный гайд.",цель создаётся из https://makler-realty.ru/болгария-глазами-переселенцев/ — 301 включать после публикации; цены в левах 2012-2013 гг.; авторство не указано
https://makler-realty.ru/болгарская-кухня/,post,2013-08-25 06:27:40,2014-11-04 15:52:10,2750,Болгария глазами переселенцев-болгарская кухня,sandanski_pirin,merge_into_existing_guide,/ru/guides/bolgariya-glazami-pereselentsev,medium,"Третья часть очерка (болгарская кухня, 2458 слов) — тот же автор и та же серия, место в сводном гайде, а не отдельной страницей.",цель создаётся из https://makler-realty.ru/болгария-глазами-переселенцев/; тема кухни — периферия для раздела о недвижимости; авторство не указано
https://makler-realty.ru/ванга-тайна-дара-болгарской-ясновиде/,post,2011-10-04 10:57:02,2014-03-16 11:38:38,30931,Ванга.Тайна дара болгарской ясновидещей.,sandanski_pirin,410,,high,"Полный текст книги Надежды Димовой о Ванге (30 878 слов) — чужое произведение, опубликованное целиком.",нарушение авторских прав: книга третьего лица размещена полностью; публиковать и редиректить нельзя
https://makler-realty.ru/ввоз-валюты-в-болгарию/,post,2014-12-03 10:05:54,2018-03-25 16:46:43,438,Ввоз валюты в Болгарию,legal_tax,merge_into_existing_guide,/ru/guides/faq-nedvizhimost-bolgariya,high,81 слово о ввозе наличных — дословный пункт 15 сводного FAQ (совпадение 100%).,дубль блока в /ru/guides/faq-nedvizhimost-bolgariya; лимит 10 000 € проверить после перехода Болгарии на евро
https://makler-realty.ru/внимание-черные-риэлторы-в-сандански/,post,2012-04-27 09:24:24,2014-05-13 18:45:37,979,Внимание! Черные риэлторы в Сандански,buying_process,migrate_guide,/ru/guides/chernye-rieltory-sandanski,medium,"Разбор мошеннических схем при покупке недвижимости в Сандански — уникальный, точно в теме проверки сделки и защиты покупателя.",текст 2012-2013 гг.; резкие обвинения в адрес неназванных лиц требуют юридической вычитки перед публикацией
https://makler-realty.ru/вопрос-ответ-недвижимость-болгария/,page,2013-10-19 17:49:43,2016-06-16 08:09:36,566,Вопрос-ответ,faq,merge_into_existing_guide,/ru/guides/faq-nedvizhimost-bolgariya,high,Русское оглавление FAQ (221 слово) — содержательно вложено в сводный FAQ на .com.,оглавление без собственного контента
https://makler-realty.ru/вопрос-ответ-недвижимость-болгария/как-выбрать-агентство-недвижимости/,page,2016-06-15 17:47:33,2016-06-16 07:50:20,463,Как выбрать агентство недвижимости,buying_process,merge_into_existing_guide,/ru/guides/faq-nedvizhimost-bolgariya,high,Ответ о крупных и мелких агентствах (109 слов) — дословный фрагмент сводного FAQ.,совпадение с /ru/guides/faq-nedvizhimost-bolgariya 100%
https://makler-realty.ru/вопрос-ответ-недвижимость-болгария/chto-takoe-bulstat/,page,2016-06-15 17:37:44,2016-06-29 10:25:11,495,Что такое булстат?,legal_tax,merge_into_existing_guide,/ru/guides/faq-nedvizhimost-bolgariya,high,Ответ о регистрации БУЛСТАТ (141 слово) — дословный фрагмент сводного FAQ.,совпадение 100%; 7-дневный срок регистрации и состав услуги требуют проверки
https://makler-realty.ru/вопрос-ответ-недвижимость-болгария/kak-dolgo-oformlqetsq-nedwizhimost-v-sobstvenost/,page,2016-06-15 16:54:51,2016-06-16 07:16:29,485,Как долго оформляется в собственность выбранная нами недвижимость в Болгарии?,buying_process,merge_into_existing_guide,/ru/guides/faq-nedvizhimost-bolgariya,high,Ответ о сроках оформления собственности (140 слов) — дословный фрагмент сводного FAQ.,совпадение 100%
https://makler-realty.ru/вопрос-ответ-недвижимость-болгария/kak-dolgo-oformlqetsq-notarialnij-akt/,page,2016-06-15 16:57:13,2016-06-16 07:20:15,470,Как долго оформляется Нотариальный акт?,buying_process,merge_into_existing_guide,/ru/guides/faq-nedvizhimost-bolgariya,high,Ответ о сроках оформления нотариального акта (121 слово) — дословный фрагмент сводного FAQ.,"совпадение 100%; обещание «гарантируем чистоту сделки» — маркетинговое утверждение, требует правки"
https://makler-realty.ru/вопрос-ответ-недвижимость-болгария/kak-kupit-i-zaregistrirovat-avto-v-bolgarii/,page,2016-06-15 17:13:54,2016-06-16 07:22:18,528,Как купить и зарегистрировать автомобиль в Болгарии,legal_tax,merge_into_existing_guide,/ru/guides/faq-nedvizhimost-bolgariya,high,Ответ о покупке и регистрации автомобиля (181 слово) — дословный фрагмент сводного FAQ.,совпадение 100%; утверждение о невозможности регистрации авто на физлицо-иностранца устарело и требует юридической проверки
https://makler-realty.ru/вопрос-ответ-недвижимость-болгария/kak-otnosqtsq-bolgari-k-inostrantsam/,page,2016-06-15 17:35:50,2016-06-16 07:29:17,491,Как болгары относятся к иностранцам?,faq,merge_into_existing_guide,/ru/guides/faq-nedvizhimost-bolgariya,high,Ответ об отношении болгар к иностранцам (140 слов) — дословный фрагмент сводного FAQ.,совпадение 100%; оценочные обобщения о нации стоит смягчить
https://makler-realty.ru/вопрос-ответ-недвижимость-болгария/kak-polichit-vnzh-v-bolgarii/,page,2016-06-15 17:26:02,2016-06-29 10:28:25,630,Как получить ВНЖ в Болгарии,residence_visa,merge_into_existing_guide,/ru/guides/faq-nedvizhimost-bolgariya,high,Основания для ВНЖ (281 слово) — дословный фрагмент сводного FAQ.,совпадение 100%; перечень оснований по ЗЧРБ редакции ~2016 г. — не публиковать без сверки с действующим законом
https://makler-realty.ru/вопрос-ответ-недвижимость-болгария/kak-poluchit-grazhdanstvo-bolgarii/,page,2016-06-15 17:34:15,2016-06-16 07:28:48,994,Как получить гражданство Болгарии,residence_visa,merge_into_existing_guide,/ru/guides/faq-nedvizhimost-bolgariya,medium,"Самый объёмный ответ FAQ о гражданстве (645 слов) — дословный фрагмент сводного FAQ, отдельной страницей не нужен.","совпадение 100%; инвестиционное гражданство отменено в 2022 г., сроки и этапы устарели — возможно, блок придётся удалить, а не переносить"
https://makler-realty.ru/вопрос-ответ-недвижимость-болгария/kak-poluchit-pmzh-v-bolgarii/,page,2016-06-15 17:28:04,2016-06-16 07:27:00,508,Как получить ПМЖ в Болгарии,residence_visa,merge_into_existing_guide,/ru/guides/faq-nedvizhimost-bolgariya,high,Основания для ПМЖ (158 слов) — дословный фрагмент сводного FAQ.,совпадение 100%; перечень оснований требует сверки с действующей редакцией закона
https://makler-realty.ru/вопрос-ответ-недвижимость-болгария/kak-proverit-agentstvo-nedvizhimosti/,page,2016-06-15 17:43:36,2016-06-16 07:35:37,524,Как проверить агентство недвижимости,buying_process,merge_into_existing_guide,/ru/guides/faq-nedvizhimost-bolgariya,high,"Как проверить агентство в Търговски регистър (159 слов) — дословный фрагмент сводного FAQ, полезная процедурная мелочь.",совпадение 100%; ссылку на public.brra.bg проверить на живучесть
https://makler-realty.ru/вопрос-ответ-недвижимость-болгария/kakie-v-bolgarii-kommunalnie-platezhi/,page,2016-06-15 17:07:51,2016-06-29 10:26:24,462,Какие е Болгарии коммунальные платежи,legal_tax,merge_into_existing_guide,/ru/guides/faq-nedvizhimost-bolgariya,high,Ежегодные расходы на квартиру (109 слов) — дословный фрагмент сводного FAQ.,совпадение 100%; такса поддержки 5-10 €/м²/год — цифры 2016 г.
https://makler-realty.ru/вопрос-ответ-недвижимость-болгария/kupit-nedvizhimost-u-zastroishika-ili-charez-agentstvo-nedvizhimosti/,page,2016-06-15 17:40:41,2016-06-16 07:32:00,640,Купить недвижимость у застройщика или через агентство недвижимости,buying_process,merge_into_existing_guide,/ru/guides/faq-nedvizhimost-bolgariya,high,Застройщик против агентства (294 слова) — дословный фрагмент сводного FAQ.,совпадение 100%; текст откровенно рекламирует услуги агентства
https://makler-realty.ru/вопрос-ответ-недвижимость-болгария/neobhodimie-dokumenti-dlq-pokupki-kvartiri-v-bolgarii/,page,2016-06-15 17:21:56,2016-06-16 07:25:15,468,Необходимые документы для покупки квартиры или дома в Болгарии,buying_process,merge_into_existing_guide,/ru/guides/faq-nedvizhimost-bolgariya,high,Документы для покупки квартиры или дома (120 слов) — дословный фрагмент сводного FAQ.,совпадение 100%; требование фирмы для покупки дома с землёй неверно для граждан ЕС/ЕЭЗ
https://makler-realty.ru/вопрос-ответ-недвижимость-болгария/pochemu-nuzhna-firma-dlq-pokupki-doma-v-bolgarii/,page,2016-06-15 17:17:22,2016-06-16 07:23:37,556,"Почему я должен регистрировать компанию, что бы купить дом в Болгарии?",legal_tax,merge_into_existing_guide,/ru/guides/faq-nedvizhimost-bolgariya,high,Зачем регистрировать фирму для покупки дома (208 слов) — дословный фрагмент сводного FAQ.,"совпадение 100%; «иностранное физическое лицо не может быть собственником земли» — устаревшая формулировка, для граждан ЕС/ЕЭЗ ограничение снято"
https://makler-realty.ru/вопрос-ответ-недвижимость-болгария/skolko-vremeni-neobhodimo-dlq-vibora-nedvizhimosti-ipredvaritelnogo-dogovora/,page,2016-06-15 16:50:57,2016-06-16 07:15:44,488,Сколько времени необходимо для выбора недвижимости и оформления предварительного договора,buying_process,merge_into_existing_guide,/ru/guides/faq-nedvizhimost-bolgariya,high,Сколько времени занимает выбор объекта и предварительный договор (138 слов) — дословный фрагмент сводного FAQ.,совпадение 100%
https://makler-realty.ru/главная/,page,2013-07-05 16:40:12,2016-07-10 12:50:17,976,Главная,listing_like,410,,high,"Каноническая главная старого сайта, тело пустое (конструктор) — не гайд.",решение о редиректе главной вне этого триажа (AGENTS); meta позиционирует агентство через морские курорты Солнечный берег и Поморие
https://makler-realty.ru/достопримечателности/,page,2014-05-23 21:15:26,2016-07-14 13:51:00,1559,Достопримечательности,sandanski_pirin,migrate_guide,/ru/guides/dostoprimechatelnosti-sandanski-melnik,high,"Достопримечательности региона: Мелник, Роженский монастырь, Рильский монастырь (1206 слов) — прямое попадание в тему Сандански/Мелник/Пирин.",исторические факты стоит перепроверить; сводится с расписанием и прайсом экскурсий (/экскурсии-в-городе-сандански/ и /экскурсии-в-сандански/)
https://makler-realty.ru/как-доехать-из-софии-до-сандански/,post,2012-11-14 15:17:55,2016-06-26 10:32:36,551,Как доехать из Софии до Сандански?!,sandanski_pirin,migrate_guide,/ru/guides/kak-dobratsya-do-sandanski,medium,"Практический маршрут София — Сандански (автобус, такси) — полезный сервисный гайд и якорь для слияния двух трансферных страниц.",цены такси 70-130 € и номера софийских автобусов 2012 г.; расписание «последний автобус в 18:00» требует проверки
https://makler-realty.ru/кинезитерапия-мануальная-терапия/,post,2013-11-29 10:59:59,2014-11-04 16:01:44,378,Кинезитерапия / Мануальная терапия в городе Сандански,sandanski_pirin,410,,high,"20 слов: имя, адрес и телефон одного массажиста — контентной ценности нет.",тонкая страница; персональные контакты третьего лица 2013 г.
https://makler-realty.ru/контакти/,page,2013-08-26 18:45:41,2018-07-26 06:32:20,384,Контакты,promo_thin,merge_into_existing_guide,/ru/contact,high,"Контактная страница — не гайд, но у неё есть точный эквивалент на новом сайте.","301 на не-гайд (существующая страница контактов); meta рекламирует Солнечный берег, Святой Влас, Поморие, Созополь"
https://makler-realty.ru/купить-дом-в-сандански/,post,2013-11-12 10:08:15,2025-10-08 06:40:48,650,Купить дом в Сандански,sandanski_pirin,merge_into_existing_guide,/ru/locations/sandanski,medium,"Разбор ценовых сегментов домов в Сандански — полезная рамка, но цены и подборка объектов принадлежат странице локации, а не отдельному гайду.",цены 30 000 / 40 000 / 100 000 € — 2013 г.; утверждение о сносе и застройке без разрешений требует юридической проверки
https://makler-realty.ru/купить-квартиру-в-сандански/,post,2012-06-12 10:03:07,2014-11-03 20:45:11,771,Купить квартиру в Сандански,sandanski_pirin,merge_into_existing_guide,/ru/locations/sandanski,medium,"Разбор ценовых сегментов квартир в Сандански — та же логика, содержимое просится в страницу локации.",цены 380-500 €/м² — 2012 г.; текст позиционирует Сандански через «120 км от Средиземного моря» — противоречит правилу не подавать Сандански как морское направление
https://makler-realty.ru/курьерские-фирмы-в-городе-сандански/,post,2013-11-28 20:13:38,2013-11-28 20:13:38,502,Курьерские фирмы в городе Сандански,sandanski_pirin,410,,high,"Справочник курьерских служб Сандански 2013 года (145 слов) — устаревшие адреса и телефоны, не гайд.",данные 2013 г.
https://makler-realty.ru/македония-облегчает-правила-въезда/,post,2011-11-27 10:42:27,2013-11-27 10:43:36,533,Македония облегчает правила въезда,other_region,410,,high,"Новость 2011 года о визовом режиме Македонии — не про регион, не про сделку, безнадёжно устарела.",новость от 23.02.2011; описанный режим давно не действует
https://makler-realty.ru/македония-пустит-по-паспорту/,post,2011-02-27 10:43:47,2013-11-27 10:45:07,1028,Македония пустит по паспорту,other_region,410,,high,Перепечатка новости 2011 года о безвизовом въезде в Македонию — чужой материал и мёртвая фактура.,новость 2011 г.; похоже на перепечатку СМИ без указания источника
https://makler-realty.ru/наши-лучшие-предложения-квартир-в-сан/,post,2012-02-29 09:46:22,2013-11-27 09:48:47,771,Наши лучшие предложения квартир в Сандански,listing_like,410,,high,"Подборка конкретных квартир с ценами 2012 года — это витрина объявлений, а не гайд.",цены 26 000-71 000 € 2012 г.; объекты давно проданы
https://makler-realty.ru/недвижимость-в-болгарии/,post,2016-07-08 15:21:17,2025-04-17 06:36:57,1124,Недвижимость в Болгарии,promo_thin,410,,medium,"«Несколько причин купить недвижимость в Болгарии» — рекламный текст общего характера, завершающийся продажей черноморских курортов.","внизу блок «Быстрые ссылки … морские курорты»: Солнечный берег, Святой Влас, Созополь; «лев жёстко привязан к евро» и цены на бензин устарели"
https://makler-realty.ru/недвижимость-в-сандански-двушки/,post,2013-04-27 09:37:18,2025-04-17 06:41:41,468,Недвижимость в Сандански. Двухкомнатные квартиры,listing_like,410,,high,Список двухкомнатных квартир с ценами (121 слово) — витрина объявлений.,цены 33 000-50 000 € 2013 г.; объекты недоступны
https://makler-realty.ru/недвижимость-в-сандански/,post,2013-08-22 09:58:28,2016-06-13 15:49:16,551,Недвижимость в Сандански,sandanski_pirin,merge_into_existing_guide,/ru/locations/sandanski,medium,"Обзорный текст о рынке Сандански (207 слов) — тонкий категорийный текст, его место на странице локации.",упоминает Варну и Бургас как ориентиры спроса; «с начала этого года» без года — текст 2013 г.
https://makler-realty.ru/новый-фильм-о-ванге/,post,2012-10-27 09:33:35,2014-03-16 11:40:28,524,Новый фильм о Ванге,other_region,410,,high,Новость 2012 года о съёмках сериала о Ванге — устаревший инфоповод с рекламой экскурсий.,новость 2012 г.; указан старый адрес офиса (ул. Первого мая 32)
https://makler-realty.ru/нотариусы-в-городе-сандански/,post,2011-11-28 19:58:43,2014-11-06 22:28:43,516,Нотариусы в городе Сандански,sandanski_pirin,410,,medium,"Список нотариусов Санданского районного суда (166 слов) — процедурно релевантно, но это справочник с контактами 2011-2014 гг.",данные нотариусов 2011-2014 гг.; при переносе нужен свежий список из Нотариальной камеры
https://makler-realty.ru/общая-площадь-квартиры-что-это/,post,2011-02-27 10:45:22,2013-11-27 19:18:25,600,"""Общая площадь квартиры"" - что это?",buying_process,migrate_guide,/ru/guides/obshchaya-ploshchad-kvartiry,high,"Объяснение разницы между застроенной и общей площадью (идеальные части) — вечнозелёный процедурный текст, которого нет ни в одном другом материале.",процент общих частей 8-12% (в апарт-отелях 15-20%) стоит перепроверить
https://makler-realty.ru/оформление-сделки-недвижимость-болг/,page,2013-08-26 18:43:51,2016-07-14 13:56:39,871,Порядок оформления,buying_process,migrate_guide,/ru/guides/poryadok-oformleniya-sdelki,high,"Пошаговый порядок сделки: депозит, предварительный договор, нотариальный акт, БУЛСТАТ, декларация в муниципалитете — базовый процедурный гайд раздела.","нотариальная такса 3,5-5% и фиксированные цены услуг (100 €, 500 €, 50 €) устарели; «иностранные физлица не имеют права быть собственниками земли» неверно для граждан ЕС/ЕЭЗ"
https://makler-realty.ru/партньори/,page,2013-08-26 18:45:17,2023-12-20 07:35:53,388,Партнеры,promo_thin,410,,high,33 слова с призывом стать представителем компании в России и Украине — рекламная заглушка.,тонкая страница; призыв к партнёрству неактуален
https://makler-realty.ru/праздники-болгарии/,post,2013-11-04 10:57:40,2014-11-04 15:59:18,1036,Праздники Болгарии,other_region,410,,medium,Календарь болгарских праздников (757 слов) — общестрановая культурная справка вне тем раздела о покупке недвижимости.,перечень праздников не сверен с действующим календарём выходных
https://makler-realty.ru/продажа-квартир-сандански/,post,2011-04-18 10:39:55,2015-03-06 13:19:12,522,Продажа квартир Сандански,sandanski_pirin,merge_into_existing_guide,/ru/locations/sandanski,medium,Тонкий текст о продаже квартир в Сандански (167 слов) — курортное описание дублирует страницу локации.,"расстояние до Софии указано и как 166 км, и как 160 км в одном тексте"
https://makler-realty.ru/русские-в-сандански/,post,2011-04-27 10:29:04,2013-11-27 10:39:20,977,Русские в Сандански,sandanski_pirin,merge_into_existing_guide,/ru/guides/sandanski-klimat-i-lechenie,medium,"Развёрнутое описание бальнеологии и климата Сандански (612 слов) — сильный материал, но по теме совпадает со сводным гайдом о климате и лечении.",цель создаётся из https://makler-realty.ru/sandanski-сандански/; медицинские утверждения о лечении астмы требуют осторожных формулировок
https://makler-realty.ru/сандански-болгария/,post,2013-04-27 10:19:01,2016-06-13 17:39:03,1759,Сандански Болгария,sandanski_pirin,merge_into_existing_guide,/ru/guides/doroga-sofiya-sandanski,high,"Путевой очерк София — Сандански (1421 слово), на 97% совпадающий с более новой версией того же текста.",почти полный дубль https://makler-realty.ru/сандански/ (Жаккар 0.97); вступление противопоставляет Чёрное и Эгейское моря
https://makler-realty.ru/сандански-лечение-астмы/,post,2013-11-09 10:58:24,2016-06-26 10:08:10,823,Город Сандански. Лечение Бронхиальной астмы.,sandanski_pirin,merge_into_existing_guide,/ru/guides/sandanski-klimat-i-lechenie,medium,"Личный отзыв о лечении астмы в Сандански (469 слов) — живой материал, но тематически это часть гайда о климате и лечении.","цель создаётся из https://makler-realty.ru/sandanski-сандански/; «Средиземное море всего в 100 км» — морское позиционирование Сандански; перечисляет Варну, Бургас, Поморие, Солнечный Берег, Несебр; медицинские заявления требуют оговорок"
https://makler-realty.ru/сандански-лечение/,post,2011-04-27 10:22:13,2016-07-14 13:29:53,543,Сандански лечение,sandanski_pirin,merge_into_existing_guide,/ru/guides/sandanski-klimat-i-lechenie,medium,Перечень показаний бальнеолечения в Сандански (184 слова) — фактурный блок для сводного гайда о климате и лечении.,"цель создаётся из https://makler-realty.ru/sandanski-сандански/; списки заболеваний — медицинские утверждения, нужна юридическая и медицинская вычитка"
https://makler-realty.ru/сандански-лучший-спа-курорт-2009-года/,post,2010-08-27 10:41:42,2014-01-18 20:21:57,513,Сандански – лучший СПА-курорт 2009 года.,sandanski_pirin,410,,high,Новость 2010 года о звании «лучший СПА-курорт 2009» (161 слово) — инфоповод шестнадцатилетней давности.,новость 2010 г. о награде 2009 г.
https://makler-realty.ru/сандански/,post,2016-07-30 10:50:12,2025-04-17 06:38:51,1801,Сандански Болгария,sandanski_pirin,migrate_guide,/ru/guides/doroga-sofiya-sandanski,high,"Лучшая версия путевого очерка София — Сандански (1459 слов, правился в 2025) — сильный региональный контент о Струме, Рило-Пиринском крае и самом городе.","первый абзац противопоставляет Сандански Чёрному морю и ведёт «в сторону моря» — переписать, чтобы не подавать Сандански как морское направление; упоминает Варну, Бургас, Золотые пески"
https://makler-realty.ru/статьи-о-болгарии/,page,2013-10-19 17:51:40,2014-01-13 19:43:06,547,Статьи,promo_thin,410,,high,Страница-рубрикатор «Статьи» с обрывком чужого очерка (196 слов) — навигационная заглушка.,тонкая страница-индекс; текст обрывается на середине
https://makler-realty.ru/строительство/,page,2013-10-19 17:47:22,2013-11-14 14:50:48,597,Строительство,promo_thin,410,,medium,"Описание строительных и отделочных услуг агентства (245 слов) — коммерческое предложение, а не гайд.",услуги и подрядчики 2013 г. не подтверждены
https://makler-realty.ru/такси-в-сандански/,post,2013-11-29 10:32:52,2014-07-30 12:53:25,475,Такси в Сандански,sandanski_pirin,410,,high,Список такси Сандански с тарифами 2013 года (125 слов) — устаревший справочник.,тарифы 0.80-0.87 лв./км 2013 г.; переход на евро с 2026 обесценивает цены в левах
https://makler-realty.ru/такси-из-софии-в-сандански/,post,2013-11-14 14:57:46,2025-04-17 06:39:53,504,Трансфер София Сандански,sandanski_pirin,merge_into_existing_guide,/ru/guides/kak-dobratsya-do-sandanski,medium,"Страница трансфера София — Сандански (159 слов) — на 80% совпадает с двумя другими трансферными страницами, место в едином гайде «как добраться».",цель создаётся из https://makler-realty.ru/как-доехать-из-софии-до-сандански/; цена 95 € — 2013 г.; сильное совпадение с /трансфер-салоники-сандански/ и /трансфер-софия-банско/
https://makler-realty.ru/трансфер-салоники-сандански/,post,2013-11-14 15:11:49,2023-12-20 07:27:00,515,Трансфер из аэропорта Салоники до города Сандански,sandanski_pirin,merge_into_existing_guide,/ru/guides/kak-dobratsya-do-sandanski,medium,"Страница трансфера Салоники — Сандански (162 слова) — тот же шаблон, склеивается в общий гайд «как добраться».",цель создаётся из https://makler-realty.ru/как-доехать-из-софии-до-сандански/; цена 120 € — 2013 г.; шаблонный дубль https://makler-realty.ru/такси-из-софии-в-сандански/
https://makler-realty.ru/трансфер-софия-банско/,post,2013-11-14 17:23:41,2023-02-24 07:25:39,476,Трансфер София Банско,other_region,410,,high,"Трансфер София — Банско: Банско вне зоны интереса нового сайта, а страница дополнительно продаёт черноморские трансферы.",блок ссылок «Трансфер Бургас — Солнечный берег» и «Трансфер Бургас — Святой Влас»; цены 100/140 € 2013 г.
https://makler-realty.ru/уборка-квартир-сандански/,post,2013-06-04 09:20:15,2016-06-13 16:25:48,471,Уборка квартир и домов в Сандански,promo_thin,410,,high,Прайс на уборку квартир (112 слов) — коммерческая заглушка с ценами в левах 2013 года.,цены 1-7 лв. 2013 г.; подрядчик «Сити Клийнинг» не подтверждён
https://makler-realty.ru/услуги-в-сандански/,page,2013-07-13 18:17:42,2014-04-28 17:14:48,389,г.Сандански. Услуги.,promo_thin,410,,high,"Страница-индекс «Услуги в Сандански» из семи ссылок (38 слов) — навигация, а не контент.",тонкая страница; все семь целей ссылок рекомендованы к 410
https://makler-realty.ru/услуги-в-сандански/информация/,page,2013-10-19 17:57:03,2013-11-14 14:46:05,613,Информация,other_region,410,,medium,Общая справка о географии Болгарии (269 слов) — общестрановой текст без связи с регионом и сделкой.,хвалит пляжи с «Синим флагом» — морское позиционирование; данные не сверены
https://makler-realty.ru/услуги-недвижимость-болгария/,page,2013-08-26 18:45:28,2023-12-20 07:36:57,562,Услуги,promo_thin,410,,high,"Прайс-лист услуг агентства (212 слов) — коммерческий документ, который должен жить в CMS, а не гайдом.",цены 100-500 € и комиссия 3% — редакция 2013-2023 гг.; публиковать только после подтверждения брокером
https://makler-realty.ru/чудодейственные-места-в-болгарии-зла/,post,2013-11-08 10:49:39,2014-11-03 21:11:45,1726,Чудодейственные места в Болгарии! Деревня Златолист.,sandanski_pirin,migrate_guide,/ru/guides/zlatolist-prepodobnaya-stoyna,high,Очерк о деревне Златолист и преподобной Стойне (1411 слов) — уникальный краеведческий материал о ближайших окрестностях Сандански и Мелника.,маршрут описан по трассе Е-79 до постройки автомагистрали Струма; часть фактов о храме требует сверки
https://makler-realty.ru/экскурсии-в-городе-сандански/,post,2013-11-30 17:53:57,2014-01-09 17:47:53,646,Экскурсии в городе Сандански,sandanski_pirin,merge_into_existing_guide,/ru/guides/dostoprimechatelnosti-sandanski-melnik,medium,"Расписание экскурсий по Рожену, Мелнику, Рупите и Рильскому монастырю (291 слово) — фактура для гайда о достопримечательностях.",цель создаётся из https://makler-realty.ru/достопримечателности/; расписание по дням недели 2013 г. недействительно
https://makler-realty.ru/экскурсии-в-сандански/,page,2013-10-19 17:46:10,2014-05-24 06:03:05,620,Экскурсии,sandanski_pirin,merge_into_existing_guide,/ru/guides/dostoprimechatelnosti-sandanski-melnik,medium,"Прайс экскурсий по региону (272 слова) — те же объекты, что и в гайде о достопримечательностях.","цель создаётся из https://makler-realty.ru/достопримечателности/; цены 10-150 BGN 2014 г., плюс переход Болгарии на евро"
https://makler-realty.ru/balcon/1/,page,,,466,,listing_like,410,,high,"Страница фасетного фильтра каталога (балкон, стр. 1) — в дампе WordPress ей не соответствует ни один пост.","фасет каталога, не контент; поисковая выдача нового сайта noindex и не может быть целью редиректа"
https://makler-realty.ru/balcon/2/,page,,,429,,listing_like,410,,high,"Страница фасетного фильтра каталога (балкон, стр. 2).","фасет каталога, не контент"
https://makler-realty.ru/balcon/3/,page,,,367,,listing_like,410,,high,"Страница фасетного фильтра каталога (балкон, стр. 3).","фасет каталога, не контент"
https://makler-realty.ru/balcon/4/,page,,,384,,listing_like,410,,high,"Страница фасетного фильтра каталога (балкон, стр. 4).","фасет каталога, не контент"
https://makler-realty.ru/bedroom/1/,page,,,387,,listing_like,410,,high,"Страница фасетного фильтра каталога (спальни, стр. 1).","фасет каталога, не контент"
https://makler-realty.ru/bedroom/2/,page,,,460,,listing_like,410,,high,"Страница фасетного фильтра каталога (спальни, стр. 2).","фасет каталога, не контент"
https://makler-realty.ru/bedroom/3/,page,,,446,,listing_like,410,,high,"Страница фасетного фильтра каталога (спальни, стр. 3).","фасет каталога, не контент"
https://makler-realty.ru/bedroom/4/,page,,,386,,listing_like,410,,high,"Страница фасетного фильтра каталога (спальни, стр. 4).","фасет каталога, не контент"
https://makler-realty.ru/bedroom/5/,page,,,397,,listing_like,410,,high,"Страница фасетного фильтра каталога (спальни, стр. 5).","фасет каталога, не контент"
https://makler-realty.ru/o-компании/,page,2013-08-26 18:43:17,2016-07-14 13:55:26,584,О компании,promo_thin,410,,high,"Страница «О компании» (240 слов) — самопрезентация агентства, на новом сайте эквивалента нет.","meta рекламирует Солнечный берег, Несебр, Созополь; обещания «огромная база данных, высочайший профессионализм» — рекламные утверждения"
https://makler-realty.ru/prodat-nedvizhimost-v-bolgarii/,page,2016-08-09 08:41:05,2016-09-30 11:17:28,353,Добавить объект,listing_like,merge_into_existing_guide,/ru/sell,high,"Форма «Добавить объект» (тело пустое, только шорткод) — точный эквивалент на новом сайте есть.",301 на не-гайд (существующая страница продавца); собственного текста у страницы нет
https://makler-realty.ru/sandanski-сандански/,post,2013-11-10 10:54:12,2016-06-26 09:50:07,1037,Сандански. Город в котором легко дышать,sandanski_pirin,migrate_guide,/ru/guides/sandanski-klimat-i-lechenie,high,"Лучший текст о географии, климате и бальнеологии Сандански (698 слов) — становится якорным гайдом, в который сливаются три смежные страницы.",«ожидается принятие Болгарии в шенгенскую зону» — Болгария в Шенгене с 2025; медицинские утверждения требуют осторожных формулировок
https://makler-realty.ru/search/,page,2013-07-17 20:00:33,2014-01-13 19:42:29,361,Поиск недвижимости в Болгарии,listing_like,410,,high,Страница поиска старого сайта (только шорткоды поисковой формы) — контента нет.,страница поиска нового сайта noindex и по условию задачи никогда не может быть целью редиректа; решение по /search/ вне этого триажа (AGENTS)
