listing_id,target_path,source_locale,source_domain,issues,title,location,price_eur,bedrooms,public_gallery_assets,missing_alt_text_assets,review_gated_assets,facts_reviewer,media_reviewer,review_notes,editor_path
MS-CRAWL-0001,/bg/imoti/MS-CRAWL-0001,bg,makler-realty.com,missing_price|missing_bedrooms|missing_description|media_review_pending|missing_alt_text|tour_review_pending,"Авторемонтна работилница, мотел и ведомствена бензиностанция – дългосрочен наем!",Sandanski,,,19,18,16,,,,/admin/listings/edit?listingId=MS-CRAWL-0001
MS-CRAWL-0002,/bg/imoti/MS-CRAWL-0002,bg,makler-realty.com,missing_price|missing_bedrooms|missing_description|media_review_pending|missing_alt_text|tour_review_pending,Апартаменти в парка на Сандански. Затворен комплекс,Sandanski,,,4,3,16,,,,/admin/listings/edit?listingId=MS-CRAWL-0002
MS-CRAWL-0003,/bg/imoti/MS-CRAWL-0003,bg,makler-realty.com,missing_price|missing_bedrooms|missing_description|media_review_pending|missing_alt_text|tour_review_pending,Тристаен апартамент под наем в Сандански + паркомясто,Sandanski,,,16,6,16,,,,/admin/listings/edit?listingId=MS-CRAWL-0003
MS-CRAWL-0004,/bg/imoti/MS-CRAWL-0004,bg,makler-realty.com,missing_price|missing_bedrooms|missing_description|media_review_pending|missing_alt_text|tour_review_pending,"Апартамент под наем, ул.Банска 2, гр.Сандански",Sandanski,,,10,9,16,,,,/admin/listings/edit?listingId=MS-CRAWL-0004
MS-CRAWL-0005,/bg/imoti/MS-CRAWL-0005,bg,makler-realty.com,missing_price|missing_bedrooms|missing_description|media_review_pending|missing_alt_text|tour_review_pending,Апартамент под наем в гр.Сандански,Sandanski,,,10,9,16,,,,/admin/listings/edit?listingId=MS-CRAWL-0005
MS-CRAWL-0006,/bg/imoti/MS-CRAWL-0006,bg,makler-realty.com,missing_price|missing_bedrooms|media_review_pending|missing_alt_text|thin_public_gallery|tour_review_pending,Дава под наем промишлена сграда в Сандански,Sandanski,,,2,2,16,,,,/admin/listings/edit?listingId=MS-CRAWL-0006
MS-CRAWL-0007,/bg/imoti/MS-CRAWL-0007,bg,makler-realty.com,missing_price|missing_bedrooms|missing_description|media_review_pending|missing_alt_text|tour_review_pending,Продава двустаен апартамент в гр.Сандански,Sandanski,,,8,2,16,,,,/admin/listings/edit?listingId=MS-CRAWL-0007
MS-CRAWL-0008,/bg/imoti/MS-CRAWL-0008,bg,makler-realty.com,missing_price|missing_bedrooms|missing_description|media_review_pending|missing_alt_text|tour_review_pending,Двустаен апартамент в центъра на Сандански – наем,Sandanski,,,19,11,16,,,,/admin/listings/edit?listingId=MS-CRAWL-0008
MS-CRAWL-0009,/bg/imoti/MS-CRAWL-0009,bg,makler-realty.com,missing_price|missing_bedrooms|missing_description|media_review_pending|missing_alt_text|tour_review_pending,Двустаен апартамент под наем в парка на Сандански,Sandanski,,,10,9,16,,,,/admin/listings/edit?listingId=MS-CRAWL-0009
MS-CRAWL-0010,/bg/imoti/MS-CRAWL-0010,bg,makler-realty.com,missing_price|missing_bedrooms|missing_description|media_review_pending|missing_alt_text|tour_review_pending,Двустаен апартамент в идеалния център на гр. Сандански,Sandanski,,,18,17,16,,,,/admin/listings/edit?listingId=MS-CRAWL-0010
MS-CRAWL-0011,/bg/imoti/MS-CRAWL-0011,bg,makler-realty.com,missing_price|missing_bedrooms|missing_description|media_review_pending|missing_alt_text|tour_review_pending,Дългосрочен наем в Парк Хотел Пирин – гр.Сандански,Sandanski,,,22,15,16,,,,/admin/listings/edit?listingId=MS-CRAWL-0011
MS-CRAWL-0012,/bg/imoti/MS-CRAWL-0012,bg,makler-realty.com,missing_price|missing_bedrooms|missing_description|media_review_pending|missing_alt_text|tour_review_pending,Инвестиционен проект в Сандански – хотел ресторант,Sandanski,,,3,2,16,,,,/admin/listings/edit?listingId=MS-CRAWL-0012
MS-CRAWL-0013,/bg/imoti/MS-CRAWL-0013,bg,makler-realty.com,missing_price|missing_bedrooms|missing_location|media_review_pending|missing_alt_text|tour_review_pending,Къща за продажба в с. Хотово – имот с парцел и отличен потенциал,,,,8,6,16,,,,/admin/listings/edit?listingId=MS-CRAWL-0013
MS-CRAWL-0014,/bg/imoti/MS-CRAWL-0014,bg,makler-realty.com,missing_price|missing_bedrooms|missing_description|media_review_pending|missing_alt_text|tour_review_pending,Наем – Двустаен апартамент в гр.Сандански,Sandanski,,,7,6,16,,,,/admin/listings/edit?listingId=MS-CRAWL-0014
MS-CRAWL-0015,/bg/imoti/MS-CRAWL-0015,bg,makler-realty.com,missing_price|missing_bedrooms|missing_description|media_review_pending|missing_alt_text|tour_review_pending,Нова къща под наем в с.Микрево,Sandanski,,,23,22,16,,,,/admin/listings/edit?listingId=MS-CRAWL-0015
MS-CRAWL-0016,/bg/imoti/MS-CRAWL-0016,bg,makler-realty.com,missing_price|missing_bedrooms|missing_description|media_review_pending|missing_alt_text|tour_review_pending,Новостроящи се къщи в с.Джигурово,Sandanski,,,22,17,16,,,,/admin/listings/edit?listingId=MS-CRAWL-0016
MS-CRAWL-0017,/bg/imoti/MS-CRAWL-0017,bg,makler-realty.com,missing_price|missing_bedrooms|missing_description|media_review_pending|missing_alt_text|tour_review_pending,Нов двустаен апартамент в гр.Сандански – продажба,Sandanski,,,13,3,16,,,,/admin/listings/edit?listingId=MS-CRAWL-0017
MS-CRAWL-0018,/bg/imoti/MS-CRAWL-0018,bg,makler-realty.com,missing_price|missing_bedrooms|missing_description|media_review_pending|missing_alt_text|tour_review_pending,Оборудвана оранжерия в гр.Сандански,Sandanski,,,30,28,16,,,,/admin/listings/edit?listingId=MS-CRAWL-0018
MS-CRAWL-0019,/bg/imoti/MS-CRAWL-0019,bg,makler-realty.com,missing_price|missing_bedrooms|missing_description|media_review_pending|missing_alt_text|tour_review_pending,Офиси/магазини под наем в гр.Сандански,Sandanski,,,15,14,16,,,,/admin/listings/edit?listingId=MS-CRAWL-0019
MS-CRAWL-0020,/bg/imoti/MS-CRAWL-0020,bg,makler-realty.com,missing_price|missing_bedrooms|missing_description|media_review_pending|missing_alt_text|tour_review_pending,Офис под наем в центъра на гр.Сандански,Sandanski,,,5,4,16,,,,/admin/listings/edit?listingId=MS-CRAWL-0020
MS-CRAWL-0021,/bg/imoti/MS-CRAWL-0021,bg,makler-realty.com,missing_price|missing_bedrooms|missing_description|media_review_pending|missing_alt_text|tour_review_pending,Панорамен двустаен апартамент с гараж – паркова зона,Sandanski,,,28,27,16,,,,/admin/listings/edit?listingId=MS-CRAWL-0021
MS-CRAWL-0022,/bg/imoti/MS-CRAWL-0022,bg,makler-realty.com,missing_price|missing_bedrooms|missing_description|media_review_pending|missing_alt_text|tour_review_pending,Дава под наем производствено помещение в Сандански,Sandanski,,,15,8,16,,,,/admin/listings/edit?listingId=MS-CRAWL-0022
MS-CRAWL-0023,/bg/imoti/MS-CRAWL-0023,bg,makler-realty.com,missing_price|missing_bedrooms|media_review_pending|missing_alt_text|tour_review_pending,Прекрасна къща в близост до СПА курорт Сандански,Sandanski,,,15,12,16,,,,/admin/listings/edit?listingId=MS-CRAWL-0023
MS-CRAWL-0024,/bg/imoti/MS-CRAWL-0024,bg,makler-realty.com,missing_price|missing_bedrooms|missing_description|media_review_pending|missing_alt_text|tour_review_pending,Продава апартамент в Солун,Sandanski,,,12,11,16,,,,/admin/listings/edit?listingId=MS-CRAWL-0024
MS-CRAWL-0025,/bg/imoti/MS-CRAWL-0025,bg,makler-realty.com,missing_price|missing_bedrooms|missing_description|media_review_pending|missing_alt_text|tour_review_pending,Продава вила в Пирин планина,Sandanski,,,21,19,16,,,,/admin/listings/edit?listingId=MS-CRAWL-0025
MS-CRAWL-0026,/bg/imoti/MS-CRAWL-0026,bg,makler-realty.com,missing_price|missing_bedrooms|missing_description|media_review_pending|missing_alt_text|tour_review_pending,Продава голяма къща в близост до гр.Сандански,Sandanski,,,15,14,16,,,,/admin/listings/edit?listingId=MS-CRAWL-0026
MS-CRAWL-0027,/bg/imoti/MS-CRAWL-0027,bg,makler-realty.com,missing_price|missing_bedrooms|missing_description|media_review_pending|missing_alt_text|tour_review_pending,Продава двустаен апартамент в гр.Сандански,Sandanski,,,8,2,16,,,,/admin/listings/edit?listingId=MS-CRAWL-0027
MS-CRAWL-0028,/bg/imoti/MS-CRAWL-0028,bg,makler-realty.com,missing_price|missing_bedrooms|missing_description|media_review_pending|missing_alt_text|tour_review_pending,Продава двустаен апартамент в центъра на гр.Сандански,Sandanski,,,15,14,16,,,,/admin/listings/edit?listingId=MS-CRAWL-0028
MS-CRAWL-0029,/bg/imoti/MS-CRAWL-0029,bg,makler-realty.com,missing_price|missing_bedrooms|missing_description|media_review_pending|missing_alt_text|tour_review_pending,Продава едностаен апартамент/студио в центъра на Сандански,Sandanski,,,9,8,16,,,,/admin/listings/edit?listingId=MS-CRAWL-0029
MS-CRAWL-0030,/bg/imoti/MS-CRAWL-0030,bg,makler-realty.com,missing_price|missing_bedrooms|missing_description|media_review_pending|missing_alt_text|tour_review_pending,Продава едностаен апартамент,Sandanski,,,10,9,16,,,,/admin/listings/edit?listingId=MS-CRAWL-0030
MS-CRAWL-0031,/bg/imoti/MS-CRAWL-0031,bg,makler-realty.com,missing_price|missing_bedrooms|missing_description|media_review_pending|missing_alt_text|tour_review_pending,Продава етаж от къща в гр.Сандански,Sandanski,,,13,12,16,,,,/admin/listings/edit?listingId=MS-CRAWL-0031
MS-CRAWL-0032,/bg/imoti/MS-CRAWL-0032,bg,makler-realty.com,missing_price|missing_bedrooms|missing_description|media_review_pending|missing_alt_text|tour_review_pending,Продава етаж от къща в Сандански,Sandanski,,,7,5,16,,,,/admin/listings/edit?listingId=MS-CRAWL-0032
MS-CRAWL-0033,/bg/imoti/MS-CRAWL-0033,bg,makler-realty.com,missing_price|missing_bedrooms|missing_description|media_review_pending|missing_alt_text|tour_review_pending,Продава етаж от къща в с.Поленица,Sandanski,,,14,13,16,,,,/admin/listings/edit?listingId=MS-CRAWL-0033
MS-CRAWL-0034,/bg/imoti/MS-CRAWL-0034,bg,makler-realty.com,missing_price|missing_bedrooms|missing_description|media_review_pending|missing_alt_text|tour_review_pending,Продава етаж от къща в широкия център на гр.Сандански,Sandanski,,,9,8,16,,,,/admin/listings/edit?listingId=MS-CRAWL-0034
MS-CRAWL-0035,/bg/imoti/MS-CRAWL-0035,bg,makler-realty.com,missing_price|missing_bedrooms|missing_description|media_review_pending|missing_alt_text|tour_review_pending,Продава етаж от къща с парцел в с.Левуново,Sandanski,,,14,9,16,,,,/admin/listings/edit?listingId=MS-CRAWL-0035
MS-CRAWL-0036,/bg/imoti/MS-CRAWL-0036,bg,makler-realty.com,missing_price|missing_bedrooms|missing_description|media_review_pending|missing_alt_text|tour_review_pending,Продава земеделска земя – с.Джигурово,Sandanski,,,6,5,16,,,,/admin/listings/edit?listingId=MS-CRAWL-0036
MS-CRAWL-0037,/bg/imoti/MS-CRAWL-0037,bg,makler-realty.com,missing_price|missing_bedrooms|missing_description|media_review_pending|missing_alt_text|tour_review_pending,Продава земя на Е79 в Сандански,Sandanski,,,12,7,17,,,,/admin/listings/edit?listingId=MS-CRAWL-0037
MS-CRAWL-0038,/bg/imoti/MS-CRAWL-0038,bg,makler-realty.com,missing_price|missing_bedrooms|missing_description|media_review_pending|missing_alt_text|tour_review_pending,Продава имение в района на гр. Сандански,Sandanski,,,45,44,16,,,,/admin/listings/edit?listingId=MS-CRAWL-0038
MS-CRAWL-0039,/bg/imoti/MS-CRAWL-0039,bg,makler-realty.com,missing_price|missing_bedrooms|missing_description|media_review_pending|missing_alt_text|tour_review_pending,"Продава имот в м.Ранковец, гр.Сандански",Sandanski,,,4,3,16,,,,/admin/listings/edit?listingId=MS-CRAWL-0039
MS-CRAWL-0040,/bg/imoti/MS-CRAWL-0040,bg,makler-realty.com,missing_price|missing_bedrooms|missing_description|media_review_pending|missing_alt_text|tour_review_pending,Продава имот в с.Ласкарево,Sandanski,,,4,2,16,,,,/admin/listings/edit?listingId=MS-CRAWL-0040
MS-CRAWL-0041,/bg/imoti/MS-CRAWL-0041,bg,makler-realty.com,missing_price|missing_bedrooms|missing_description|media_review_pending|missing_alt_text|tour_review_pending,Продава имот в центъра на с.Левуново,Sandanski,,,8,7,16,,,,/admin/listings/edit?listingId=MS-CRAWL-0041
MS-CRAWL-0042,/bg/imoti/MS-CRAWL-0042,bg,makler-realty.com,missing_price|missing_bedrooms|missing_description|media_review_pending|missing_alt_text|tour_review_pending,Продава имот на гл.път Е79 в гр.Сандански,Sandanski,,,9,8,16,,,,/admin/listings/edit?listingId=MS-CRAWL-0042
MS-CRAWL-0043,/bg/imoti/MS-CRAWL-0043,bg,makler-realty.com,missing_price|missing_bedrooms|missing_description|media_review_pending|missing_alt_text|tour_review_pending,"Продава къща в Гърция, Еретрия – Котрони",Sandanski,,,17,10,16,,,,/admin/listings/edit?listingId=MS-CRAWL-0043
MS-CRAWL-0044,/bg/imoti/MS-CRAWL-0044,bg,makler-realty.com,missing_price|missing_bedrooms|missing_description|media_review_pending|missing_alt_text|tour_review_pending,Продава къща в с. Кулата,Sandanski,,,6,5,16,,,,/admin/listings/edit?listingId=MS-CRAWL-0044
MS-CRAWL-0045,/bg/imoti/MS-CRAWL-0045,bg,makler-realty.com,missing_price|missing_bedrooms|missing_description|media_review_pending|missing_alt_text|tour_review_pending,Продава къща в с.Пирин,Sandanski,,,12,9,16,,,,/admin/listings/edit?listingId=MS-CRAWL-0045
MS-CRAWL-0046,/bg/imoti/MS-CRAWL-0046,bg,makler-realty.com,missing_price|missing_bedrooms|missing_description|media_review_pending|missing_alt_text|tour_review_pending,Продава къща в с.Поленица,Sandanski,,,11,10,16,,,,/admin/listings/edit?listingId=MS-CRAWL-0046
MS-CRAWL-0047,/bg/imoti/MS-CRAWL-0047,bg,makler-realty.com,missing_price|missing_bedrooms|missing_description|media_review_pending|missing_alt_text|tour_review_pending,"Продава къща в с. Спатово, община Сандански",Sandanski,,,10,9,16,,,,/admin/listings/edit?listingId=MS-CRAWL-0047
MS-CRAWL-0048,/bg/imoti/MS-CRAWL-0048,bg,makler-realty.com,missing_price|missing_bedrooms|missing_description|media_review_pending|missing_alt_text|tour_review_pending,Продава къща в с.Цапарево,Sandanski,,,17,16,16,,,,/admin/listings/edit?listingId=MS-CRAWL-0048
MS-CRAWL-0049,/bg/imoti/MS-CRAWL-0049,bg,makler-realty.com,missing_price|missing_bedrooms|missing_description|media_review_pending|missing_alt_text|thin_public_gallery|tour_review_pending,Продава къща с двор в гр.Сандански,Sandanski,,,2,2,16,,,,/admin/listings/edit?listingId=MS-CRAWL-0049
MS-CRAWL-0050,/bg/imoti/MS-CRAWL-0050,bg,makler-realty.com,missing_price|missing_bedrooms|missing_description|media_review_pending|missing_alt_text|tour_review_pending,"Продава мезонет в Халкидики, р-н Елани Сани",Sandanski,,,12,11,16,,,,/admin/listings/edit?listingId=MS-CRAWL-0050
MS-CRAWL-0051,/bg/imoti/MS-CRAWL-0051,bg,makler-realty.com,missing_price|missing_bedrooms|missing_description|media_review_pending|missing_alt_text|tour_review_pending,Продава нова къща в община Сандански,Sandanski,,,12,11,16,,,,/admin/listings/edit?listingId=MS-CRAWL-0051
MS-CRAWL-0052,/bg/imoti/MS-CRAWL-0052,bg,makler-realty.com,missing_price|missing_bedrooms|missing_description|media_review_pending|missing_alt_text|tour_review_pending,Продава оранжерия в Сандански,Sandanski,,,14,2,16,,,,/admin/listings/edit?listingId=MS-CRAWL-0052
MS-CRAWL-0053,/bg/imoti/MS-CRAWL-0053,bg,makler-realty.com,missing_price|missing_bedrooms|missing_description|media_review_pending|missing_alt_text|tour_review_pending,Продава офис в Сандански,Sandanski,,,6,5,16,,,,/admin/listings/edit?listingId=MS-CRAWL-0053
MS-CRAWL-0054,/bg/imoti/MS-CRAWL-0054,bg,makler-realty.com,missing_price|missing_bedrooms|missing_description|media_review_pending|missing_alt_text|tour_review_pending,Продава панорамен двустаен апартамент в Сандански,Sandanski,,,18,12,16,,,,/admin/listings/edit?listingId=MS-CRAWL-0054
MS-CRAWL-0055,/bg/imoti/MS-CRAWL-0055,bg,makler-realty.com,missing_price|missing_bedrooms|missing_description|media_review_pending|missing_alt_text|tour_review_pending,Продава парцел в Сандански,Sandanski,,,8,7,16,,,,/admin/listings/edit?listingId=MS-CRAWL-0055
MS-CRAWL-0056,/bg/imoti/MS-CRAWL-0056,bg,makler-realty.com,missing_price|missing_bedrooms|missing_description|media_review_pending|missing_alt_text|tour_review_pending,Продава парцел в Сандански,Sandanski,,,4,2,16,,,,/admin/listings/edit?listingId=MS-CRAWL-0056
MS-CRAWL-0057,/bg/imoti/MS-CRAWL-0057,bg,makler-realty.com,missing_price|missing_bedrooms|missing_description|media_review_pending|missing_alt_text|tour_review_pending,Продава парцел в с.Микрево,Sandanski,,,6,5,16,,,,/admin/listings/edit?listingId=MS-CRAWL-0057
MS-CRAWL-0058,/bg/imoti/MS-CRAWL-0058,bg,makler-realty.com,missing_price|missing_bedrooms|missing_description|media_review_pending|missing_alt_text|tour_review_pending,Продава парцел в с.Поленица,Sandanski,,,6,2,16,,,,/admin/listings/edit?listingId=MS-CRAWL-0058
MS-CRAWL-0059,/bg/imoti/MS-CRAWL-0059,bg,makler-realty.com,missing_price|missing_bedrooms|media_review_pending|missing_alt_text|tour_review_pending,Продава парцел в с.Хотово,Sandanski,,,6,4,16,,,,/admin/listings/edit?listingId=MS-CRAWL-0059
MS-CRAWL-0060,/bg/imoti/MS-CRAWL-0060,bg,makler-realty.com,missing_price|missing_bedrooms|missing_description|media_review_pending|missing_alt_text|tour_review_pending,Продава парцел за строителство в Сандански,Sandanski,,,6,5,16,,,,/admin/listings/edit?listingId=MS-CRAWL-0060
MS-CRAWL-0061,/bg/imoti/MS-CRAWL-0061,bg,makler-realty.com,missing_price|missing_bedrooms|missing_description|media_review_pending|missing_alt_text|tour_review_pending,Продава парцел за строителство в с.Струмяни,Sandanski,,,18,9,16,,,,/admin/listings/edit?listingId=MS-CRAWL-0061
MS-CRAWL-0062,/bg/imoti/MS-CRAWL-0062,bg,makler-realty.com,missing_price|missing_bedrooms|missing_description|media_review_pending|missing_alt_text|tour_review_pending,Продава промишлени халета в близост до гр.Сандански,Sandanski,,,16,8,16,,,,/admin/listings/edit?listingId=MS-CRAWL-0062
MS-CRAWL-0063,/bg/imoti/MS-CRAWL-0063,bg,makler-realty.com,missing_price|missing_bedrooms|missing_description|media_review_pending|missing_alt_text|tour_review_pending,"Продава се вила в с. Игралище, община Струмяни",Sandanski,,,7,6,16,,,,/admin/listings/edit?listingId=MS-CRAWL-0063
MS-CRAWL-0064,/bg/imoti/MS-CRAWL-0064,bg,makler-realty.com,missing_price|missing_bedrooms|missing_location|missing_description|media_review_pending|missing_alt_text|tour_review_pending,Продава стара къща в с.Хотово,,,,5,3,16,,,,/admin/listings/edit?listingId=MS-CRAWL-0064
MS-CRAWL-0065,/bg/imoti/MS-CRAWL-0065,bg,makler-realty.com,missing_price|missing_bedrooms|missing_description|media_review_pending|missing_alt_text|tour_review_pending,Продава обзаведено студио в Сапфир Резиденс Банско,Sandanski,,,12,5,16,,,,/admin/listings/edit?listingId=MS-CRAWL-0065
MS-CRAWL-0066,/bg/imoti/MS-CRAWL-0066,bg,makler-realty.com,missing_price|missing_bedrooms|missing_description|media_review_pending|missing_alt_text|tour_review_pending,"Продава тристаен апартамент в Паралия Офринио, Гърция",Sandanski,,,26,15,16,,,,/admin/listings/edit?listingId=MS-CRAWL-0066
MS-CRAWL-0067,/bg/imoti/MS-CRAWL-0067,bg,makler-realty.com,missing_price|missing_bedrooms|missing_description|media_review_pending|missing_alt_text|tour_review_pending,Продава тристаен апартамент в центъра на гр.Сандански,Sandanski,,,10,7,16,,,,/admin/listings/edit?listingId=MS-CRAWL-0067
MS-CRAWL-0068,/bg/imoti/MS-CRAWL-0068,bg,makler-realty.com,missing_price|missing_bedrooms|missing_description|media_review_pending|missing_alt_text|thin_public_gallery|tour_review_pending,Продава 15дка земя в района на с.Капатово,Sandanski,,,2,2,16,,,,/admin/listings/edit?listingId=MS-CRAWL-0068
MS-CRAWL-0069,/bg/imoti/MS-CRAWL-0069,bg,makler-realty.com,missing_price|missing_bedrooms|missing_description|media_review_pending|missing_alt_text|tour_review_pending,Продава 8дка земя в землището на с.Лешница,Sandanski,,,5,3,16,,,,/admin/listings/edit?listingId=MS-CRAWL-0069
MS-CRAWL-0070,/bg/imoti/MS-CRAWL-0070,bg,makler-realty.com,missing_price|missing_bedrooms|media_review_pending|missing_alt_text|thin_public_gallery|tour_review_pending,Продава бизнес сграда в центъра на Петрич,Petrich,,,2,2,16,,,,/admin/listings/edit?listingId=MS-CRAWL-0070
MS-CRAWL-0071,/bg/imoti/MS-CRAWL-0071,bg,makler-realty.com,missing_price|missing_bedrooms|missing_location|media_review_pending|missing_alt_text|tour_review_pending,Продажба на 38дка земя в близост до минерална вода,,,,6,4,16,,,,/admin/listings/edit?listingId=MS-CRAWL-0071
MS-CRAWL-0072,/bg/imoti/MS-CRAWL-0072,bg,makler-realty.com,missing_price|missing_bedrooms|missing_description|media_review_pending|missing_alt_text|tour_review_pending,"Продажба на апартаменти в Логари, Гърция",Sandanski,,,10,5,16,,,,/admin/listings/edit?listingId=MS-CRAWL-0072
MS-CRAWL-0073,/bg/imoti/MS-CRAWL-0073,bg,makler-realty.com,missing_price|missing_bedrooms|media_review_pending|missing_alt_text|tour_review_pending,Продажба на апартаменти в гр.Сандански,Sandanski,,,8,5,16,,,,/admin/listings/edit?listingId=MS-CRAWL-0073
MS-CRAWL-0074,/bg/imoti/MS-CRAWL-0074,bg,makler-realty.com,missing_price|missing_bedrooms|missing_description|media_review_pending|missing_alt_text|tour_review_pending,Продажба на луксозна къща в гр. Сандански,Sandanski,,,24,13,16,,,,/admin/listings/edit?listingId=MS-CRAWL-0074
MS-CRAWL-0075,/bg/imoti/MS-CRAWL-0075,bg,makler-realty.com,missing_price|missing_bedrooms|missing_description|media_review_pending|missing_alt_text|tour_review_pending,Продажба на магазин в гр.Благоевград,Sandanski,,,20,19,16,,,,/admin/listings/edit?listingId=MS-CRAWL-0075
MS-3000,/bg/imoti/MS-3000,bg,makler-realty.com,missing_price|missing_bedrooms|missing_description|media_review_pending|missing_alt_text|tour_review_pending,Продажба на парцел в Струмяни – 3000 кв.м,Sandanski,,,7,6,16,,,,/admin/listings/edit?listingId=MS-3000
MS-CRAWL-0077,/bg/imoti/MS-CRAWL-0077,bg,makler-realty.com,missing_price|missing_bedrooms|missing_description|media_review_pending|missing_alt_text|tour_review_pending,Светъл южен апартамент до парка на гр. Сандански,Sandanski,,,11,10,16,,,,/admin/listings/edit?listingId=MS-CRAWL-0077
MS-CRAWL-0078,/bg/imoti/MS-CRAWL-0078,bg,makler-realty.com,missing_price|missing_bedrooms|missing_description|media_review_pending|missing_alt_text|tour_review_pending,Продажба на тристаен апартамент в гр.Сандански,Sandanski,,,11,4,16,,,,/admin/listings/edit?listingId=MS-CRAWL-0078
MS-CRAWL-0079,/bg/imoti/MS-CRAWL-0079,bg,makler-realty.com,missing_price|missing_bedrooms|missing_description|media_review_pending|missing_alt_text|tour_review_pending,Тристаен апартамент в центъра на гр.Сандански,Sandanski,,,19,18,16,,,,/admin/listings/edit?listingId=MS-CRAWL-0079
MS-CRAWL-0080,/bg/imoti/MS-CRAWL-0080,bg,makler-realty.com,missing_price|missing_bedrooms|media_review_pending|missing_alt_text|tour_review_pending,Тристаен апартамент под наем в с.Поленица,Sandanski,,,28,27,16,,,,/admin/listings/edit?listingId=MS-CRAWL-0080
MS-CRAWL-0081,/bg/imoti/MS-CRAWL-0081,bg,makler-realty.com,missing_price|missing_bedrooms|media_review_pending|missing_alt_text|tour_review_pending,Недвижими имоти в Сандански. Продава парцел в с.Струмяни,Sandanski,,,8,4,16,,,,/admin/listings/edit?listingId=MS-CRAWL-0081
MS-CRAWL-0082,/bg/imoti/MS-CRAWL-0082,bg,makler-realty.com,missing_price|missing_bedrooms|media_review_pending|missing_alt_text|thin_public_gallery|tour_review_pending,Стопански двор,Sandanski,,,2,2,16,,,,/admin/listings/edit?listingId=MS-CRAWL-0082
MS-CRAWL-0083,/bg/imoti/MS-CRAWL-0083,bg,makler-realty.com,missing_price|missing_bedrooms|missing_description|media_review_pending|missing_alt_text|tour_review_pending,"Център за профилактика, рехабилитация и разкрасителни процедури",Sandanski,,,18,17,16,,,,/admin/listings/edit?listingId=MS-CRAWL-0083
MS-CRAWL-0084,/bg/imoti/MS-CRAWL-0084,bg,makler-realty.com,missing_price|missing_bedrooms|missing_description|media_review_pending|missing_alt_text|tour_review_pending,Тристаен апартамент в Сандански,Sandanski,,,18,17,16,,,,/admin/listings/edit?listingId=MS-CRAWL-0084
MS-CRAWL-0085,/bg/imoti/MS-CRAWL-0085,bg,makler-realty.com,missing_price|missing_bedrooms|missing_description|media_review_pending|missing_alt_text|tour_review_pending,Двустаен апартамент в Сандански. Наем,Sandanski,,,10,9,16,,,,/admin/listings/edit?listingId=MS-CRAWL-0085
MS-CRAWL-0086,/bg/imoti/MS-CRAWL-0086,bg,makler-realty.com,missing_price|missing_bedrooms|media_review_pending|missing_alt_text|tour_review_pending,Продава апартаменти в Парк Хотел Пирин,Sandanski,,,13,3,16,,,,/admin/listings/edit?listingId=MS-CRAWL-0086
MS-CRAWL-0087,/bg/imoti/MS-CRAWL-0087,bg,makler-realty.com,missing_price|missing_bedrooms|media_review_pending|missing_alt_text|tour_review_pending,Продава земя и сгради в близост до Сандански,Sandanski,,,10,6,16,,,,/admin/listings/edit?listingId=MS-CRAWL-0087
MS-CRAWL-0088,/bg/imoti/MS-CRAWL-0088,bg,makler-realty.com,missing_price|missing_bedrooms|missing_description|media_review_pending|missing_alt_text|tour_review_pending,Продава парцел в Сандански,Sandanski,,,5,2,16,,,,/admin/listings/edit?listingId=MS-CRAWL-0088
MS-CRAWL-0089,/bg/imoti/MS-CRAWL-0089,bg,makler-realty.com,missing_price|missing_bedrooms|missing_description|media_review_pending|missing_alt_text|tour_review_pending,Продава двустаен апартамент в ПАРК ХОТЕЛ ПИРИН САНДАНСКИ,Sandanski,,,18,4,16,,,,/admin/listings/edit?listingId=MS-CRAWL-0089
MS-CRAWL-0090,/bg/imoti/MS-CRAWL-0090,bg,makler-realty.com,missing_price|missing_bedrooms|missing_description|media_review_pending|missing_alt_text|tour_review_pending,"Апартамент на първа линия в Пасалимани, Пиреус -Гърция",Sandanski,,,50,49,16,,,,/admin/listings/edit?listingId=MS-CRAWL-0090
MS-CRAWL-0091,/bg/imoti/MS-CRAWL-0091,bg,makler-realty.com,missing_price|missing_bedrooms|missing_description|media_review_pending|missing_alt_text|tour_review_pending,"Продава къща в с.Виногради, 3 км от Мелник",Sandanski,,,14,9,16,,,,/admin/listings/edit?listingId=MS-CRAWL-0091
MS-CRAWL-0092,/bg/imoti/MS-CRAWL-0092,bg,makler-realty.com,missing_price|missing_bedrooms|missing_description|media_review_pending|missing_alt_text|tour_review_pending,Продава къща в парка на Сандански,Sandanski,,,18,13,16,,,,/admin/listings/edit?listingId=MS-CRAWL-0092
MS-CRAWL-0093,/bg/imoti/MS-CRAWL-0093,bg,makler-realty.com,missing_price|missing_bedrooms|missing_description|media_review_pending|missing_alt_text|tour_review_pending,Продава къща в с. Лешница,Sandanski,,,9,6,16,,,,/admin/listings/edit?listingId=MS-CRAWL-0093
MS-CRAWL-0094,/bg/imoti/MS-CRAWL-0094,bg,makler-realty.com,missing_price|missing_bedrooms|missing_description|media_review_pending|missing_alt_text|tour_review_pending,Индустриална сграда под наем в Петрич,Sandanski,,,6,2,16,,,,/admin/listings/edit?listingId=MS-CRAWL-0094
MS-CRAWL-0095,/bg/imoti/MS-CRAWL-0095,bg,makler-realty.com,missing_price|missing_bedrooms|missing_description|media_review_pending|missing_alt_text|tour_review_pending,Продава индустриална сграда. Община Петрич,Sandanski,,,11,3,16,,,,/admin/listings/edit?listingId=MS-CRAWL-0095
MS-CRAWL-0096,/bg/imoti/MS-CRAWL-0096,bg,makler-realty.com,missing_price|missing_bedrooms|missing_description|media_review_pending|missing_alt_text|tour_review_pending,Индустриална сграда под наем,Sandanski,,,12,11,16,,,,/admin/listings/edit?listingId=MS-CRAWL-0096
MS-CRAWL-0097,/bg/imoti/MS-CRAWL-0097,bg,makler-realty.com,missing_price|missing_bedrooms|missing_description|media_review_pending|missing_alt_text|tour_review_pending,Индустриално помещение под наем в гр.Петрич,Sandanski,,,6,3,16,,,,/admin/listings/edit?listingId=MS-CRAWL-0097
MS-CRAWL-0098,/bg/imoti/MS-CRAWL-0098,bg,makler-realty.com,missing_price|missing_bedrooms|missing_description|media_review_pending|missing_alt_text|tour_review_pending,Продава индустриална база около Сандански,Sandanski,,,12,11,16,,,,/admin/listings/edit?listingId=MS-CRAWL-0098
MS-CRAWL-0099,/bg/imoti/MS-CRAWL-0099,bg,makler-realty.com,missing_price|missing_bedrooms|missing_description|media_review_pending|missing_alt_text|tour_review_pending,Продава луксозна къща в Сандански,Sandanski,,,24,7,16,,,,/admin/listings/edit?listingId=MS-CRAWL-0099
MS-CRAWL-0100,/bg/imoti/MS-CRAWL-0100,bg,makler-realty.com,missing_price|missing_bedrooms|missing_description|media_review_pending|missing_alt_text|tour_review_pending,Двустаен луксозен апартамент под наем в Сандански,Sandanski,,,12,11,16,,,,/admin/listings/edit?listingId=MS-CRAWL-0100
MS-CRAWL-0101,/bg/imoti/MS-CRAWL-0101,bg,makler-realty.com,missing_price|missing_bedrooms|missing_description|media_review_pending|missing_alt_text|tour_review_pending,Двустаен апартамент под наем в Сандански,Sandanski,,,21,4,16,,,,/admin/listings/edit?listingId=MS-CRAWL-0101
MS-CRAWL-0102,/bg/imoti/MS-CRAWL-0102,bg,makler-realty.com,missing_price|missing_bedrooms|missing_description|media_review_pending|missing_alt_text|tour_review_pending,Двустаен апартамент в парка на гр.Сандански,Sandanski,,,16,8,16,,,,/admin/listings/edit?listingId=MS-CRAWL-0102
MS-CRAWL-0103,/bg/imoti/MS-CRAWL-0103,bg,makler-realty.com,missing_price|missing_bedrooms|missing_description|media_review_pending|missing_alt_text|tour_review_pending,"Продава мезонет на ул.Пирин, гр.Сандански",Sandanski,,,11,10,16,,,,/admin/listings/edit?listingId=MS-CRAWL-0103
MS-CRAWL-0104,/bg/imoti/MS-CRAWL-0104,bg,makler-realty.com,missing_price|missing_bedrooms|missing_description|media_review_pending|missing_alt_text|tour_review_pending,"Продава имение в Гърция, гр.Нафлио",Sandanski,,,61,60,16,,,,/admin/listings/edit?listingId=MS-CRAWL-0104
MS-CRAWL-0105,/bg/imoti/MS-CRAWL-0105,bg,makler-realty.com,missing_price|missing_bedrooms|missing_description|media_review_pending|missing_alt_text|tour_review_pending,Продава СПА Хотел в гр.Сандански,Sandanski,,,32,8,16,,,,/admin/listings/edit?listingId=MS-CRAWL-0105
MS-CRAWL-0106,/bg/imoti/MS-CRAWL-0106,bg,makler-realty.com,missing_price|missing_bedrooms|missing_description|media_review_pending|missing_alt_text|tour_review_pending,Едностаен апартамент под наем,Sandanski,,,16,9,16,,,,/admin/listings/edit?listingId=MS-CRAWL-0106
MS-CRAWL-0107,/bg/imoti/MS-CRAWL-0107,bg,makler-realty.com,missing_price|missing_bedrooms|missing_description|media_review_pending|missing_alt_text|tour_review_pending,"Продава тристаен апартамент в комплек “Арена 1”, Св.Влас",Sandanski,,,16,14,16,,,,/admin/listings/edit?listingId=MS-CRAWL-0107
MS-CRAWL-0108,/bg/imoti/MS-CRAWL-0108,bg,makler-realty.com,missing_price|missing_bedrooms|missing_description|media_review_pending|missing_alt_text|tour_review_pending,Продава вила в Малешевска планина,Sandanski,,,8,3,16,,,,/admin/listings/edit?listingId=MS-CRAWL-0108
MS-CRAWL-0109,/bg/imoti/MS-CRAWL-0109,bg,makler-realty.com,missing_price|missing_bedrooms|missing_description|media_review_pending|missing_alt_text|tour_review_pending,Двустаен апартамент под наем в Сандански,Sandanski,,,19,13,16,,,,/admin/listings/edit?listingId=MS-CRAWL-0109
MS-CRAWL-0110,/bg/imoti/MS-CRAWL-0110,bg,makler-realty.com,missing_price|missing_bedrooms|missing_description|media_review_pending|missing_alt_text|tour_review_pending,Апартамент под наем в комплекс Медите,Sandanski,,,13,5,16,,,,/admin/listings/edit?listingId=MS-CRAWL-0110
MS-CRAWL-0111,/bg/imoti/MS-CRAWL-0111,bg,makler-realty.com,missing_price|missing_bedrooms|missing_location|media_review_pending|missing_alt_text|tour_review_pending,Продава работещ бизнес – производство на пелети,,,,24,4,16,,,,/admin/listings/edit?listingId=MS-CRAWL-0111
MS-CRAWL-0112,/bg/imoti/MS-CRAWL-0112,bg,makler-realty.com,missing_price|missing_bedrooms|missing_description|media_review_pending|missing_alt_text|tour_review_pending,Земеделска земя в землището на с.Джигурово,Sandanski,,,3,2,16,,,,/admin/listings/edit?listingId=MS-CRAWL-0112
MS-CRAWL-0113,/bg/imoti/MS-CRAWL-0113,bg,makler-realty.com,missing_price|missing_bedrooms|missing_description|media_review_pending|missing_alt_text|tour_review_pending,Продава тристаен апартамент в Парк Хотел Пирин,Sandanski,,,22,15,16,,,,/admin/listings/edit?listingId=MS-CRAWL-0113
MS-CRAWL-0114,/ru/properties/MS-CRAWL-0114,ru,makler-realty.ru,missing_price|missing_bedrooms|media_review_pending|missing_alt_text|tour_review_pending,Апартаменты в Парк отеле Пирин — г.Сандански,Sandanski,,,21,11,12,,,,/admin/listings/edit?listingId=MS-CRAWL-0114
MS-CRAWL-0115,/ru/properties/MS-CRAWL-0115,ru,makler-realty.ru,missing_price|missing_bedrooms|missing_description|media_review_pending|missing_alt_text|tour_review_pending,Аренда панорамной двушки в Сандански,Sandanski,,,25,24,12,,,,/admin/listings/edit?listingId=MS-CRAWL-0115
MS-CRAWL-0116,/ru/properties/MS-CRAWL-0116,ru,makler-realty.ru,missing_price|missing_bedrooms|media_review_pending|missing_alt_text|tour_review_pending,Земля и здания на продажу недалеко от Сандански,Sandanski,,,18,17,12,,,,/admin/listings/edit?listingId=MS-CRAWL-0116
MS-CRAWL-0117,/ru/properties/MS-CRAWL-0117,ru,makler-realty.ru,missing_price|missing_bedrooms|missing_description|media_review_pending|missing_alt_text|tour_review_pending,"Дом в деревне Спатово, муниципалитет Сандански",Sandanski,,,18,17,12,,,,/admin/listings/edit?listingId=MS-CRAWL-0117
MS-CRAWL-0118,/ru/properties/MS-CRAWL-0118,ru,makler-realty.ru,missing_price|missing_bedrooms|missing_description|media_review_pending|missing_alt_text|tour_review_pending,"Дом на продажу в селе Петрово, муниципалитет Сандански",Sandanski,,,20,19,12,,,,/admin/listings/edit?listingId=MS-CRAWL-0118
MS-CRAWL-0119,/ru/properties/MS-CRAWL-0119,ru,makler-realty.ru,missing_price|missing_bedrooms|media_review_pending|missing_alt_text|tour_review_pending,Трехкомнатная квартира в Парк Отеле Пирин — Сандански,Sandanski,,,30,16,12,,,,/admin/listings/edit?listingId=MS-CRAWL-0119
MS-CRAWL-0120,/ru/properties/MS-CRAWL-0120,ru,makler-realty.ru,missing_price|missing_bedrooms|media_review_pending|missing_alt_text|tour_review_pending,Продажа отеля с рестораном в г.Сандански,Sandanski,,,33,24,12,,,,/admin/listings/edit?listingId=MS-CRAWL-0120
MS-CRAWL-0121,/ru/properties/MS-CRAWL-0121,ru,makler-realty.ru,missing_price|missing_bedrooms|missing_description|media_review_pending|missing_alt_text|tour_review_pending,Офис на продажу в Сандански,Sandanski,,,10,10,12,,,,/admin/listings/edit?listingId=MS-CRAWL-0121
MS-CRAWL-0122,/ru/properties/MS-CRAWL-0122,ru,makler-realty.ru,missing_price|missing_bedrooms|missing_description|media_review_pending|missing_alt_text|tour_review_pending,Продается особняк в районе города Сандански,Sandanski,,,52,19,12,,,,/admin/listings/edit?listingId=MS-CRAWL-0122
MS-CRAWL-0123,/ru/properties/MS-CRAWL-0123,ru,makler-realty.ru,missing_price|missing_bedrooms|media_review_pending|missing_alt_text|tour_review_pending,Продается производственное здание oколо г. Петрич,Petrich,,,19,18,12,,,,/admin/listings/edit?listingId=MS-CRAWL-0123
MS-CRAWL-0124,/ru/properties/MS-CRAWL-0124,ru,makler-realty.ru,missing_price|missing_bedrooms|media_review_pending|missing_alt_text|tour_review_pending,Продается элитный дом в Сандански,Sandanski,,,32,15,12,,,,/admin/listings/edit?listingId=MS-CRAWL-0124
MS-CRAWL-0125,/ru/properties/MS-CRAWL-0125,ru,makler-realty.ru,missing_price|missing_bedrooms|missing_description|media_review_pending|missing_alt_text|tour_review_pending,Продажа большого дома недалеко от города Сандански,Sandanski,,,23,22,12,,,,/admin/listings/edit?listingId=MS-CRAWL-0125
MS-CRAWL-0126,/ru/properties/MS-CRAWL-0126,ru,makler-realty.ru,missing_price|missing_bedrooms|missing_description|media_review_pending|missing_alt_text|tour_review_pending,"Продажа большого, панорамного участка в Сандански",Sandanski,,,13,10,12,,,,/admin/listings/edit?listingId=MS-CRAWL-0126
MS-CRAWL-0127,/ru/properties/MS-CRAWL-0127,ru,makler-realty.ru,missing_price|missing_bedrooms|media_review_pending|missing_alt_text|tour_review_pending,Продажа большого участка рядом с мин.водой,Sandanski,,,14,12,12,,,,/admin/listings/edit?listingId=MS-CRAWL-0127
MS-CRAWL-0128,/ru/properties/MS-CRAWL-0128,ru,makler-realty.ru,missing_price|missing_bedrooms|media_review_pending|missing_alt_text|tour_review_pending,Продажа виноградника рядом с Сандански. Сорт Мерло,Sandanski,,,17,11,12,,,,/admin/listings/edit?listingId=MS-CRAWL-0128
MS-CRAWL-0129,/ru/properties/MS-CRAWL-0129,ru,makler-realty.ru,missing_price|missing_bedrooms|media_review_pending|missing_alt_text|tour_review_pending,Продажа дома в поселке Виногради ( Мелник),Sandanski,,,23,15,12,,,,/admin/listings/edit?listingId=MS-CRAWL-0129
MS-CRAWL-0130,/ru/properties/MS-CRAWL-0130,ru,makler-realty.ru,missing_price|missing_bedrooms|media_review_pending|missing_alt_text|tour_review_pending,Продажа дома в Сандански,Sandanski,,,21,16,12,,,,/admin/listings/edit?listingId=MS-CRAWL-0130
MS-CRAWL-0131,/ru/properties/MS-CRAWL-0131,ru,makler-realty.ru,missing_price|missing_bedrooms|media_review_pending|missing_alt_text|tour_review_pending,Продажа дома в центре г. Сандански,Sandanski,,,20,19,12,,,,/admin/listings/edit?listingId=MS-CRAWL-0131
MS-CRAWL-0132,/ru/properties/MS-CRAWL-0132,ru,makler-realty.ru,missing_price|missing_bedrooms|missing_description|media_review_pending|missing_alt_text|tour_review_pending,Продажа дома рядом со СПА-курортом Сандански,Sandanski,,,23,22,12,,,,/admin/listings/edit?listingId=MS-CRAWL-0132
MS-CRAWL-0133,/ru/properties/MS-CRAWL-0133,ru,makler-realty.ru,missing_price|missing_bedrooms|missing_description|media_review_pending|missing_alt_text|tour_review_pending,Продажа дома с участком в городе Сандански,Sandanski,,,10,10,12,,,,/admin/listings/edit?listingId=MS-CRAWL-0133
MS-CRAWL-0134,/ru/properties/MS-CRAWL-0134,ru,makler-realty.ru,missing_price|missing_bedrooms|media_review_pending|missing_alt_text|tour_review_pending,Продажа двухкомнатной квартиры в Парк Oтеле Пирин в Сандански,Sandanski,,,18,10,12,,,,/admin/listings/edit?listingId=MS-CRAWL-0134
MS-CRAWL-0135,/ru/properties/MS-CRAWL-0135,ru,makler-realty.ru,missing_price|missing_bedrooms|missing_description|media_review_pending|missing_alt_text|tour_review_pending,Продажа меблированной студии в жилом комплексе Сапфир в Банско,Sandanski,,,20,10,12,,,,/admin/listings/edit?listingId=MS-CRAWL-0135
MS-CRAWL-0136,/ru/properties/MS-CRAWL-0136,ru,makler-realty.ru,missing_price|missing_bedrooms|missing_description|media_review_pending|missing_alt_text|tour_review_pending,"Продажа недвижимости в центре села Левуново, Сандански",Sandanski,,,15,12,12,,,,/admin/listings/edit?listingId=MS-CRAWL-0136
MS-CRAWL-0137,/ru/properties/MS-CRAWL-0137,ru,makler-realty.ru,missing_price|missing_bedrooms|missing_description|media_review_pending|missing_alt_text|tour_review_pending,"Продажа недвижимости в селе Ласкарево, г.Сандански",Sandanski,,,12,11,12,,,,/admin/listings/edit?listingId=MS-CRAWL-0137
MS-CRAWL-0138,/ru/properties/MS-CRAWL-0138,ru,makler-realty.ru,missing_price|missing_bedrooms|missing_description|media_review_pending|missing_alt_text|tour_review_pending,Продажа новостройки в Сандански,Sandanski,,,15,10,12,,,,/admin/listings/edit?listingId=MS-CRAWL-0138
MS-CRAWL-0139,/ru/properties/MS-CRAWL-0139,ru,makler-realty.ru,missing_price|missing_bedrooms|media_review_pending|missing_alt_text|tour_review_pending,Продажа производственной базы около Сандански,Sandanski,,,15,14,12,,,,/admin/listings/edit?listingId=MS-CRAWL-0139
MS-CRAWL-0140,/ru/properties/MS-CRAWL-0140,ru,makler-realty.ru,missing_price|missing_bedrooms|missing_description|media_review_pending|missing_alt_text|tour_review_pending,Продажа СПА Отеля в г.Сандански,Sandanski,,,39,23,12,,,,/admin/listings/edit?listingId=MS-CRAWL-0140
MS-CRAWL-0141,/ru/properties/MS-CRAWL-0141,ru,makler-realty.ru,missing_price|missing_bedrooms|media_review_pending|missing_alt_text|tour_review_pending,"Продажа участка в поселке Дербере, Сандански",Sandanski,,,16,11,12,,,,/admin/listings/edit?listingId=MS-CRAWL-0141
MS-CRAWL-0142,/ru/properties/MS-CRAWL-0142,ru,makler-realty.ru,missing_price|missing_bedrooms|missing_description|media_review_pending|missing_alt_text|tour_review_pending,Продажа участка со старым домом в поселке Лиляново — 6 км от г.Сандански,Sandanski,,,18,17,12,,,,/admin/listings/edit?listingId=MS-CRAWL-0142
MS-CRAWL-0143,/ru/properties/MS-CRAWL-0143,ru,makler-realty.ru,missing_price|missing_bedrooms|missing_description|media_review_pending|missing_alt_text|tour_review_pending,Продажа участка на международной трассе София — Салоники,Sandanski,,,19,10,13,,,,/admin/listings/edit?listingId=MS-CRAWL-0143
MS-CRAWL-0144,/ru/properties/MS-CRAWL-0144,ru,makler-realty.ru,missing_price|missing_bedrooms|missing_description|media_review_pending|missing_alt_text|tour_review_pending,Продажа участка с видом на Сандански,Sandanski,,,14,13,12,,,,/admin/listings/edit?listingId=MS-CRAWL-0144
MS-CRAWL-0145,/ru/properties/MS-CRAWL-0145,ru,makler-realty.ru,missing_price|missing_bedrooms|media_review_pending|missing_alt_text|tour_review_pending,Продажа участка 2 гка в районе г.Сандански,Sandanski,,,10,10,12,,,,/admin/listings/edit?listingId=MS-CRAWL-0145
MS-CRAWL-0146,/ru/properties/MS-CRAWL-0146,ru,makler-realty.ru,missing_price|missing_bedrooms|media_review_pending|missing_alt_text|tour_review_pending,Продажа ресторана с отелем в г.Сандански,Sandanski,,,10,10,12,,,,/admin/listings/edit?listingId=MS-CRAWL-0146
MS-CRAWL-0147,/ru/properties/MS-CRAWL-0147,ru,makler-realty.ru,missing_price|missing_bedrooms|media_review_pending|missing_alt_text|tour_review_pending,Посуточная аренда в центре города Сандански,Sandanski,,,24,14,12,,,,/admin/listings/edit?listingId=MS-CRAWL-0147
MS-CRAWL-0148,/ru/properties/MS-CRAWL-0148,ru,makler-realty.ru,missing_price|missing_bedrooms|media_review_pending|missing_alt_text|tour_review_pending,"Сдается дом в селе Виногради, 3 км от Мельника",Sandanski,,,23,15,12,,,,/admin/listings/edit?listingId=MS-CRAWL-0148
MS-CRAWL-0149,/ru/properties/MS-CRAWL-0149,ru,makler-realty.ru,missing_price|missing_bedrooms|missing_description|media_review_pending|missing_alt_text|tour_review_pending,Сдается производственное помещение в Сандански,Sandanski,,,22,12,12,,,,/admin/listings/edit?listingId=MS-CRAWL-0149
MS-CRAWL-0150,/ru/properties/MS-CRAWL-0150,ru,makler-realty.ru,missing_price|missing_bedrooms|missing_description|media_review_pending|missing_alt_text|tour_review_pending,"Сельхоз земля в районе деревни Лешница, Сандански",Sandanski,,,14,13,12,,,,/admin/listings/edit?listingId=MS-CRAWL-0150
MS-CRAWL-0151,/ru/properties/MS-CRAWL-0151,ru,makler-realty.ru,missing_price|missing_bedrooms|media_review_pending|missing_alt_text|tour_review_pending,Продается теплица в городе Сандански,Sandanski,,,15,12,12,,,,/admin/listings/edit?listingId=MS-CRAWL-0151
MS-CRAWL-0152,/ru/properties/MS-CRAWL-0152,ru,makler-realty.ru,missing_price|missing_bedrooms|media_review_pending|missing_alt_text|tour_review_pending,Участок в поселке Лешница — район города Сандански,Sandanski,,,16,15,12,,,,/admin/listings/edit?listingId=MS-CRAWL-0152
MS-CRAWL-0153,/ru/properties/MS-CRAWL-0153,ru,makler-realty.ru,missing_price|missing_bedrooms|media_review_pending|missing_alt_text|tour_review_pending,Участок в поселке Струмяни. Недвижимость в районе Сандански,Sandanski,,,16,12,12,,,,/admin/listings/edit?listingId=MS-CRAWL-0153
MS-CRAWL-0154,/ru/properties/MS-CRAWL-0154,ru,makler-realty.ru,missing_price|missing_bedrooms|media_review_pending|missing_alt_text|tour_review_pending,Продажа участка в поселке Струмяни. Недвижимость в районе Сандански,Sandanski,,,20,11,12,,,,/admin/listings/edit?listingId=MS-CRAWL-0154
MS-CRAWL-0155,/ru/properties/MS-CRAWL-0155,ru,makler-realty.ru,missing_price|missing_bedrooms|media_review_pending|missing_alt_text|tour_review_pending,Участок под застройку в Сандански,Sandanski,,,12,11,12,,,,/admin/listings/edit?listingId=MS-CRAWL-0155
MS-CRAWL-0156,/ru/properties/MS-CRAWL-0156,ru,makler-realty.ru,missing_price|missing_bedrooms|media_review_pending|missing_alt_text|tour_review_pending,Участок под застройку в поселке Ласкарево / Сандански,Sandanski,,,16,10,12,,,,/admin/listings/edit?listingId=MS-CRAWL-0156
MS-CRAWL-0157,/ru/properties/MS-CRAWL-0157,ru,makler-realty.ru,missing_price|missing_bedrooms|media_review_pending|missing_alt_text|tour_review_pending,Участок под строительство отеля,Sandanski,,,12,11,12,,,,/admin/listings/edit?listingId=MS-CRAWL-0157
MS-CRAWL-0158,/ru/properties/MS-CRAWL-0158,ru,makler-realty.ru,missing_price|missing_bedrooms|missing_location|media_review_pending|missing_alt_text|tour_review_pending,Участок под строительство,,,,16,15,12,,,,/admin/listings/edit?listingId=MS-CRAWL-0158
MS-CRAWL-0159,/ru/properties/MS-CRAWL-0159,ru,makler-realty.ru,missing_price|missing_bedrooms|media_review_pending|missing_alt_text|tour_review_pending,"Центр профилактики, реабилитации и косметических процедур — продажа",Sandanski,,,25,24,12,,,,/admin/listings/edit?listingId=MS-CRAWL-0159
MS-CRAWL-0160,/ru/properties/MS-CRAWL-0160,ru,makler-realty.ru,missing_price|missing_bedrooms|missing_description|media_review_pending|missing_alt_text|tour_review_pending,"Этаж дома с земельным участком в селе Левуново, Сандански",Sandanski,,,17,12,12,,,,/admin/listings/edit?listingId=MS-CRAWL-0160
MS-CRAWL-0161,/ru/properties/MS-CRAWL-0161,ru,makler-realty.ru,missing_price|missing_bedrooms|missing_description|media_review_pending|missing_alt_text|tour_review_pending,Этаж дома с участком в г.Сандански — продажа,Sandanski,,,15,14,12,,,,/admin/listings/edit?listingId=MS-CRAWL-0161
MS-CRAWL-0162,/ru/properties/MS-CRAWL-0162,ru,makler-realty.ru,missing_price|missing_bedrooms|missing_description|media_review_pending|missing_alt_text|tour_review_pending,Aренда двухкомнатной квартиры в г.Сандански,Sandanski,,,29,10,12,,,,/admin/listings/edit?listingId=MS-CRAWL-0162
MS-CRAWL-0163,/ru/properties/MS-CRAWL-0163,ru,makler-realty.ru,missing_price|missing_bedrooms|media_review_pending|missing_alt_text|tour_review_pending,Большая двухкомнатная квартира в аренду в Сандански + гараж,Sandanski,,,24,20,12,,,,/admin/listings/edit?listingId=MS-CRAWL-0163
MS-CRAWL-0164,/ru/properties/MS-CRAWL-0164,ru,makler-realty.ru,missing_price|missing_bedrooms|missing_description|media_review_pending|missing_alt_text|tour_review_pending,"Продажа трехкомнатной квартиры в Паралия Офринио, Греция",Sandanski,,,29,28,12,,,,/admin/listings/edit?listingId=MS-CRAWL-0164
MS-CRAWL-0165,/ru/properties/MS-CRAWL-0165,ru,makler-realty.ru,missing_price|missing_bedrooms|media_review_pending|missing_alt_text|tour_review_pending,Продажа участка в Струмяни. Недвижимость в Сандански,Sandanski,,,21,15,12,,,,/admin/listings/edit?listingId=MS-CRAWL-0165
