old_url,target_path,target_listing_id,target_locale,source_domain,review_status,same_content_checklist,equivalent_content,reviewer,approved_at,reason
https://makler-realty.com/listing/%d0%b0%d0%b2%d1%82%d0%be%d1%80%d0%b5%d0%bc%d0%be%d0%bd%d1%82%d0%bd%d0%b0-%d1%80%d0%b0%d0%b1%d0%be%d1%82%d0%b8%d0%bb%d0%bd%d0%b8%d1%86%d0%b0-%d0%bc%d0%be%d1%82%d0%b5%d0%bb-%d0%b8-%d0%b2%d0%b5%d0%b4/,/bg/imoti/MS-CRAWL-0001,MS-CRAWL-0001,bg,makler-realty.com,pending_same_content_review,Confirm old URL and target listing describe the same property; no homepage or search fallback.,false,,,Review same-content listing route before setting equivalent_content true.
https://makler-realty.com/listing/%d0%b0%d0%bf%d0%b0%d1%80%d1%82%d0%b0%d0%bc%d0%b5%d0%bd%d1%82%d0%b8-%d0%bf%d0%b0%d1%80%d0%ba-%d1%81%d0%b0%d0%bd%d0%b4%d0%b0%d0%bd%d1%81%d0%ba%d0%b8-%d0%ba%d0%be%d0%bc%d0%bf%d0%bb%d0%b5%d0%ba%d1%81/,/bg/imoti/MS-CRAWL-0002,MS-CRAWL-0002,bg,makler-realty.com,pending_same_content_review,Confirm old URL and target listing describe the same property; no homepage or search fallback.,false,,,Review same-content listing route before setting equivalent_content true.
https://makler-realty.com/listing/%d0%b0%d0%bf%d0%b0%d1%80%d1%82%d0%b0%d0%bc%d0%b5%d0%bd%d1%82-%d0%bd%d0%b0%d0%b5%d0%bc-%d1%81%d0%b0%d0%bd%d0%b4%d0%b0%d0%bd%d1%81%d0%ba%d0%b8-%d0%bf%d0%b0%d1%80%d0%ba/,/bg/imoti/MS-CRAWL-0003,MS-CRAWL-0003,bg,makler-realty.com,pending_same_content_review,Confirm old URL and target listing describe the same property; no homepage or search fallback.,false,,,Review same-content listing route before setting equivalent_content true.
https://makler-realty.com/listing/%d0%b0%d0%bf%d0%b0%d1%80%d1%82%d0%b0%d0%bc%d0%b5%d0%bd%d1%82-%d0%bf%d0%be%d0%b4-%d0%bd%d0%b0%d0%b5%d0%bc-%d0%b1%d0%b0%d0%bd%d1%81%d0%ba%d0%b0-2-%d1%81%d0%b0%d0%bd%d0%b4%d0%b0%d0%bd%d1%81%d0%ba%d0%b8/,/bg/imoti/MS-CRAWL-0004,MS-CRAWL-0004,bg,makler-realty.com,pending_same_content_review,Confirm old URL and target listing describe the same property; no homepage or search fallback.,false,,,Review same-content listing route before setting equivalent_content true.
https://makler-realty.com/listing/%d0%b0%d0%bf%d0%b0%d1%80%d1%82%d0%b0%d0%bc%d0%b5%d0%bd%d1%82-%d0%bf%d0%be%d0%b4-%d0%bd%d0%b0%d0%b5%d0%bc-%d0%b2-%d0%b3%d1%80-%d1%81%d0%b0%d0%bd%d0%b4%d0%b0%d0%bd%d1%81%d0%ba%d0%b8/,/bg/imoti/MS-CRAWL-0005,MS-CRAWL-0005,bg,makler-realty.com,pending_same_content_review,Confirm old URL and target listing describe the same property; no homepage or search fallback.,false,,,Review same-content listing route before setting equivalent_content true.
https://makler-realty.com/listing/%d0%b0%d1%80%d0%b5%d0%bd%d0%b4%d0%b0-%d0%bf%d1%80%d0%be%d0%bc%d1%8b%d1%88%d0%bb%d0%b5%d0%bd%d0%bd%d0%be%d0%b3%d0%be-%d0%bf%d0%be%d0%bc%d0%b5%d1%89%d0%b5%d0%bd%d0%b8%d1%8f-%d0%b2-%d1%81%d0%b0%d0%bd/,/bg/imoti/MS-CRAWL-0006,MS-CRAWL-0006,bg,makler-realty.com,pending_same_content_review,Confirm old URL and target listing describe the same property; no homepage or search fallback.,false,,,Review same-content listing route before setting equivalent_content true.
https://makler-realty.com/listing/%d0%b4%d0%b2%d1%83%d1%81%d1%82%d0%b0%d0%b5%d0%bd-%d0%b0%d0%bf%d0%b0%d1%80%d1%82%d0%b0%d0%bc%d0%b5%d0%bd%d1%82-%d0%b2-%d1%81%d0%b0%d0%bd%d0%b4%d0%b0%d0%bd%d1%81%d0%ba%d0%b8/,/bg/imoti/MS-CRAWL-0007,MS-CRAWL-0007,bg,makler-realty.com,pending_same_content_review,Confirm old URL and target listing describe the same property; no homepage or search fallback.,false,,,Review same-content listing route before setting equivalent_content true.
https://makler-realty.com/listing/%d0%b4%d0%b2%d1%83%d1%81%d1%82%d0%b0%d0%b5%d0%bd-%d0%b0%d0%bf%d0%b0%d1%80%d1%82%d0%b0%d0%bc%d0%b5%d0%bd%d1%82-%d0%b2-%d1%86%d0%b5%d0%bd%d1%82%d1%8a%d1%80%d0%b0-%d0%bd%d0%b0-%d1%81%d0%b0%d0%bd%d0%b4/,/bg/imoti/MS-CRAWL-0008,MS-CRAWL-0008,bg,makler-realty.com,pending_same_content_review,Confirm old URL and target listing describe the same property; no homepage or search fallback.,false,,,Review same-content listing route before setting equivalent_content true.
https://makler-realty.com/listing/%d0%b4%d0%b2%d1%83%d1%81%d1%82%d0%b0%d0%b5%d0%bd-%d0%b0%d0%bf%d0%b0%d1%80%d1%82%d0%b0%d0%bc%d0%b5%d0%bd%d1%82-%d0%bf%d0%be%d0%b4-%d0%bd%d0%b0%d0%b5%d0%bc-%d0%b2-%d0%bf%d0%b0%d1%80%d0%ba%d0%b0-%d0%bd/,/bg/imoti/MS-CRAWL-0009,MS-CRAWL-0009,bg,makler-realty.com,pending_same_content_review,Confirm old URL and target listing describe the same property; no homepage or search fallback.,false,,,Review same-content listing route before setting equivalent_content true.
https://makler-realty.com/listing/%d0%b4%d0%b2%d1%83%d1%81%d1%82%d0%b0%d0%b5%d0%bd-%d0%b0%d0%bf%d0%b0%d1%80%d1%82%d0%b0%d0%bc%d0%b5%d0%bd%d1%82-%d1%86%d0%b5%d0%bd%d1%82%d1%8a%d1%80-%d1%81%d0%b0%d0%bd%d0%b4%d0%b0%d0%bd%d1%81%d0%ba/,/bg/imoti/MS-CRAWL-0010,MS-CRAWL-0010,bg,makler-realty.com,pending_same_content_review,Confirm old URL and target listing describe the same property; no homepage or search fallback.,false,,,Review same-content listing route before setting equivalent_content true.
https://makler-realty.com/listing/%d0%b4%d1%8a%d0%bb%d0%b3%d0%be%d1%81%d1%80%d0%be%d1%87%d0%b5%d0%bd-%d0%bd%d0%b0%d0%b5%d0%bc-%d0%b2-%d0%bf%d0%b0%d1%80%d0%ba-%d1%85%d0%be%d1%82%d0%b5%d0%bb-%d0%bf%d0%b8%d1%80%d0%b8%d0%bd-%d0%b3%d1%80/,/bg/imoti/MS-CRAWL-0011,MS-CRAWL-0011,bg,makler-realty.com,pending_same_content_review,Confirm old URL and target listing describe the same property; no homepage or search fallback.,false,,,Review same-content listing route before setting equivalent_content true.
https://makler-realty.com/listing/%d0%b8%d0%bd%d0%b2%d0%b5%d1%81%d1%82%d0%b8%d1%86%d0%b8%d0%be%d0%bd%d0%b5%d0%bd-%d0%bf%d1%80%d0%be%d0%b5%d0%ba%d1%82-%d0%b2-%d1%81%d0%b0%d0%bd%d0%b4%d0%b0%d0%bd%d1%81%d0%ba%d0%b8/,/bg/imoti/MS-CRAWL-0012,MS-CRAWL-0012,bg,makler-realty.com,pending_same_content_review,Confirm old URL and target listing describe the same property; no homepage or search fallback.,false,,,Review same-content listing route before setting equivalent_content true.
https://makler-realty.com/listing/%d0%ba%d1%8a%d1%89%d0%b0-%d0%b7%d0%b0-%d0%bf%d1%80%d0%be%d0%b4%d0%b0%d0%b6%d0%b1%d0%b0-%d0%b2-%d1%81-%d1%85%d0%be%d1%82%d0%be%d0%b2%d0%be-%d0%b8%d0%bc%d0%be%d1%82-%d1%81-%d0%bf%d0%b0%d1%80/,/bg/imoti/MS-CRAWL-0013,MS-CRAWL-0013,bg,makler-realty.com,pending_same_content_review,Confirm old URL and target listing describe the same property; no homepage or search fallback.,false,,,Review same-content listing route before setting equivalent_content true.
https://makler-realty.com/listing/%d0%bd%d0%b0%d0%b5%d0%bc-%d0%b4%d0%b2%d1%83%d1%81%d1%82%d0%b0%d0%b5%d0%bd-%d0%b0%d0%bf%d0%b0%d1%80%d1%82%d0%b0%d0%bc%d0%b5%d0%bd%d1%82-%d0%b2-%d1%81%d0%b0%d0%bd%d0%b4%d0%b0%d0%bd%d1%81%d0%ba%d0%b8/,/bg/imoti/MS-CRAWL-0014,MS-CRAWL-0014,bg,makler-realty.com,pending_same_content_review,Confirm old URL and target listing describe the same property; no homepage or search fallback.,false,,,Review same-content listing route before setting equivalent_content true.
https://makler-realty.com/listing/%d0%bd%d0%be%d0%b2%d0%b0-%d0%ba%d1%8a%d1%89%d0%b0-%d0%bf%d0%be%d0%b4-%d0%bd%d0%b0%d0%b5%d0%bc-%d0%b2-%d1%81-%d0%bc%d0%b8%d0%ba%d1%80%d0%b5%d0%b2%d0%be/,/bg/imoti/MS-CRAWL-0015,MS-CRAWL-0015,bg,makler-realty.com,pending_same_content_review,Confirm old URL and target listing describe the same property; no homepage or search fallback.,false,,,Review same-content listing route before setting equivalent_content true.
https://makler-realty.com/listing/%d0%bd%d0%be%d0%b2%d0%be%d1%81%d1%82%d1%80%d0%be%d1%8f%d1%89%d0%b8-%d1%81%d0%b5-%d0%ba%d1%8a%d1%89%d0%b8-%d0%b2-%d1%81-%d0%b4%d0%b6%d0%b8%d0%b3%d1%83%d1%80%d0%be%d0%b2%d0%be/,/bg/imoti/MS-CRAWL-0016,MS-CRAWL-0016,bg,makler-realty.com,pending_same_content_review,Confirm old URL and target listing describe the same property; no homepage or search fallback.,false,,,Review same-content listing route before setting equivalent_content true.
https://makler-realty.com/listing/%d0%bd%d0%be%d0%b2-%d0%b4%d0%b2%d1%83%d1%81%d1%82%d0%b0%d0%b5%d0%bd-%d0%b0%d0%bf%d0%b0%d1%80%d1%82%d0%b0%d0%bc%d0%b5%d0%bd%d1%82-%d0%b2-%d0%b3%d1%80-%d1%81%d0%b0%d0%bd%d0%b4%d0%b0%d0%bd%d1%81%d0%ba/,/bg/imoti/MS-CRAWL-0017,MS-CRAWL-0017,bg,makler-realty.com,pending_same_content_review,Confirm old URL and target listing describe the same property; no homepage or search fallback.,false,,,Review same-content listing route before setting equivalent_content true.
https://makler-realty.com/listing/%d0%be%d0%b1%d0%be%d1%80%d1%83%d0%b4%d0%b2%d0%b0%d0%bd%d0%b0-%d0%be%d1%80%d0%b0%d0%bd%d0%b6%d0%b5%d1%80%d0%b8%d1%8f-%d0%b2-%d0%b3%d1%80-%d1%81%d0%b0%d0%bd%d0%b4%d0%b0%d0%bd%d1%81%d0%ba%d0%b8/,/bg/imoti/MS-CRAWL-0018,MS-CRAWL-0018,bg,makler-realty.com,pending_same_content_review,Confirm old URL and target listing describe the same property; no homepage or search fallback.,false,,,Review same-content listing route before setting equivalent_content true.
https://makler-realty.com/listing/%d0%be%d1%84%d0%b8%d1%81%d0%b8%d0%bc%d0%b0%d0%b3%d0%b0%d0%b7%d0%b8%d0%bd%d0%b8-%d0%bf%d0%be%d0%b4-%d0%bd%d0%b0%d0%b5%d0%bc-%d0%b2-%d0%b3%d1%80-%d1%81%d0%b0%d0%bd%d0%b4%d0%b0%d0%bd%d1%81%d0%ba%d0%b8/,/bg/imoti/MS-CRAWL-0019,MS-CRAWL-0019,bg,makler-realty.com,pending_same_content_review,Confirm old URL and target listing describe the same property; no homepage or search fallback.,false,,,Review same-content listing route before setting equivalent_content true.
https://makler-realty.com/listing/%d0%be%d1%84%d0%b8%d1%81-%d0%bf%d0%be%d0%b4-%d0%bd%d0%b0%d0%b5%d0%bc-%d0%b2-%d1%86%d0%b5%d0%bd%d1%82%d1%8a%d1%80%d0%b0-%d0%bd%d0%b0-%d0%b3%d1%80-%d1%81%d0%b0%d0%bd%d0%b4%d0%b0%d0%bd%d1%81%d0%ba%d0%b8/,/bg/imoti/MS-CRAWL-0020,MS-CRAWL-0020,bg,makler-realty.com,pending_same_content_review,Confirm old URL and target listing describe the same property; no homepage or search fallback.,false,,,Review same-content listing route before setting equivalent_content true.
https://makler-realty.com/listing/%d0%bf%d0%b0%d0%bd%d0%be%d1%80%d0%b0%d0%bc%d0%b5%d0%bd-%d0%b4%d0%b2%d1%83%d1%81%d1%82%d0%b0%d0%b5%d0%bd-%d0%b0%d0%bf%d0%b0%d1%80%d1%82%d0%b0%d0%bc%d0%b5%d0%bd%d1%82-%d1%81-%d0%b3%d0%b0%d1%80%d0%b0/,/bg/imoti/MS-CRAWL-0021,MS-CRAWL-0021,bg,makler-realty.com,pending_same_content_review,Confirm old URL and target listing describe the same property; no homepage or search fallback.,false,,,Review same-content listing route before setting equivalent_content true.
https://makler-realty.com/listing/%d0%bf%d0%be%d0%b4-%d0%bd%d0%b0%d0%b5%d0%bc-%d0%bf%d1%80%d0%be%d0%b8%d0%b7%d0%b2%d0%be%d0%b4%d1%81%d1%82%d0%b2%d0%b5%d0%bd%d0%be-%d0%bf%d0%be%d0%bc%d0%b5%d1%89%d0%b5%d0%bd%d0%b8%d0%b5/,/bg/imoti/MS-CRAWL-0022,MS-CRAWL-0022,bg,makler-realty.com,pending_same_content_review,Confirm old URL and target listing describe the same property; no homepage or search fallback.,false,,,Review same-content listing route before setting equivalent_content true.
https://makler-realty.com/listing/%d0%bf%d1%80%d0%b5%d0%ba%d1%80%d0%b0%d1%81%d0%bd%d0%b0-%d0%ba%d1%8a%d1%89%d0%b0-%d0%b2-%d0%b1%d0%bb%d0%b8%d0%b7%d0%be%d1%81%d1%82-%d0%b4%d0%be-%d1%81%d0%b0%d0%bd%d0%b4%d0%b0%d0%bd%d1%81%d0%ba%d0%b8/,/bg/imoti/MS-CRAWL-0023,MS-CRAWL-0023,bg,makler-realty.com,pending_same_content_review,Confirm old URL and target listing describe the same property; no homepage or search fallback.,false,,,Review same-content listing route before setting equivalent_content true.
https://makler-realty.com/listing/%d0%bf%d1%80%d0%be%d0%b4%d0%b0%d0%b2%d0%b0-%d0%b0%d0%bf%d0%b0%d1%80%d1%82%d0%b0%d0%bc%d0%b5%d0%bd%d1%82-%d0%b2-%d1%81%d0%be%d0%bb%d1%83%d0%bd/,/bg/imoti/MS-CRAWL-0024,MS-CRAWL-0024,bg,makler-realty.com,pending_same_content_review,Confirm old URL and target listing describe the same property; no homepage or search fallback.,false,,,Review same-content listing route before setting equivalent_content true.
https://makler-realty.com/listing/%d0%bf%d1%80%d0%be%d0%b4%d0%b0%d0%b2%d0%b0-%d0%b2%d0%b8%d0%bb%d0%b0-%d0%b2-%d0%bf%d0%b8%d1%80%d0%b8%d0%bd-%d0%bf%d0%bb%d0%b0%d0%bd%d0%b8%d0%bd%d0%b0/,/bg/imoti/MS-CRAWL-0025,MS-CRAWL-0025,bg,makler-realty.com,pending_same_content_review,Confirm old URL and target listing describe the same property; no homepage or search fallback.,false,,,Review same-content listing route before setting equivalent_content true.
https://makler-realty.com/listing/%d0%bf%d1%80%d0%be%d0%b4%d0%b0%d0%b2%d0%b0-%d0%b3%d0%be%d0%bb%d1%8f%d0%bc%d0%b0-%d0%ba%d1%8a%d1%89%d0%b0-%d0%b2-%d1%81%d0%b0%d0%bd%d0%b4%d0%b0%d0%bd%d1%81%d0%ba%d0%b8/,/bg/imoti/MS-CRAWL-0026,MS-CRAWL-0026,bg,makler-realty.com,pending_same_content_review,Confirm old URL and target listing describe the same property; no homepage or search fallback.,false,,,Review same-content listing route before setting equivalent_content true.
https://makler-realty.com/listing/%d0%bf%d1%80%d0%be%d0%b4%d0%b0%d0%b2%d0%b0-%d0%b4%d0%b2%d1%83%d1%81%d1%82%d0%b0%d0%b5%d0%bd-%d0%b0%d0%bf%d0%b0%d1%80%d1%82%d0%b0%d0%bc%d0%b5%d0%bd%d1%82-%d0%b2-%d0%b3%d1%80-%d1%81%d0%b0%d0%bd%d0%b4/,/bg/imoti/MS-CRAWL-0027,MS-CRAWL-0027,bg,makler-realty.com,pending_same_content_review,Confirm old URL and target listing describe the same property; no homepage or search fallback.,false,,,Review same-content listing route before setting equivalent_content true.
https://makler-realty.com/listing/%d0%bf%d1%80%d0%be%d0%b4%d0%b0%d0%b2%d0%b0-%d0%b4%d0%b2%d1%83%d1%81%d1%82%d0%b0%d0%b5%d0%bd-%d0%b0%d0%bf%d0%b0%d1%80%d1%82%d0%b0%d0%bc%d0%b5%d0%bd%d1%82-%d0%b2-%d1%86%d0%b5%d0%bd%d1%82%d1%8a%d1%80/,/bg/imoti/MS-CRAWL-0028,MS-CRAWL-0028,bg,makler-realty.com,pending_same_content_review,Confirm old URL and target listing describe the same property; no homepage or search fallback.,false,,,Review same-content listing route before setting equivalent_content true.
https://makler-realty.com/listing/%d0%bf%d1%80%d0%be%d0%b4%d0%b0%d0%b2%d0%b0-%d0%b5%d0%b4%d0%bd%d0%be%d1%81%d1%82%d0%b0%d0%b5%d0%bd-%d0%b0%d0%bf%d0%b0%d1%80%d1%82%d0%b0%d0%bc%d0%b5%d0%bd%d1%82%d1%81%d1%82%d1%83%d0%b4%d0%b8%d0%be/,/bg/imoti/MS-CRAWL-0029,MS-CRAWL-0029,bg,makler-realty.com,pending_same_content_review,Confirm old URL and target listing describe the same property; no homepage or search fallback.,false,,,Review same-content listing route before setting equivalent_content true.
https://makler-realty.com/listing/%d0%bf%d1%80%d0%be%d0%b4%d0%b0%d0%b2%d0%b0-%d0%b5%d0%b4%d0%bd%d0%be%d1%81%d1%82%d0%b0%d0%b5%d0%bd-%d0%b0%d0%bf%d0%b0%d1%80%d1%82%d0%b0%d0%bc%d0%b5%d0%bd%d1%82/,/bg/imoti/MS-CRAWL-0030,MS-CRAWL-0030,bg,makler-realty.com,pending_same_content_review,Confirm old URL and target listing describe the same property; no homepage or search fallback.,false,,,Review same-content listing route before setting equivalent_content true.
https://makler-realty.com/listing/%d0%bf%d1%80%d0%be%d0%b4%d0%b0%d0%b2%d0%b0-%d0%b5%d1%82%d0%b0%d0%b6-%d0%be%d1%82-%d0%ba%d1%8a%d1%89%d0%b0-%d0%b2-%d0%b3%d1%80-%d1%81%d0%b0%d0%bd%d0%b4%d0%b0%d0%bd%d1%81%d0%ba%d0%b8/,/bg/imoti/MS-CRAWL-0031,MS-CRAWL-0031,bg,makler-realty.com,pending_same_content_review,Confirm old URL and target listing describe the same property; no homepage or search fallback.,false,,,Review same-content listing route before setting equivalent_content true.
https://makler-realty.com/listing/%d0%bf%d1%80%d0%be%d0%b4%d0%b0%d0%b2%d0%b0-%d0%b5%d1%82%d0%b0%d0%b6-%d0%be%d1%82-%d0%ba%d1%8a%d1%89%d0%b0-%d0%b2-%d1%81%d0%b0%d0%bd%d0%b4%d0%b0%d0%bd%d1%81%d0%ba%d0%b8/,/bg/imoti/MS-CRAWL-0032,MS-CRAWL-0032,bg,makler-realty.com,pending_same_content_review,Confirm old URL and target listing describe the same property; no homepage or search fallback.,false,,,Review same-content listing route before setting equivalent_content true.
https://makler-realty.com/listing/%d0%bf%d1%80%d0%be%d0%b4%d0%b0%d0%b2%d0%b0-%d0%b5%d1%82%d0%b0%d0%b6-%d0%be%d1%82-%d0%ba%d1%8a%d1%89%d0%b0-%d0%b2-%d1%81-%d0%bf%d0%be%d0%bb%d0%b5%d0%bd%d0%b8%d1%86%d0%b0/,/bg/imoti/MS-CRAWL-0033,MS-CRAWL-0033,bg,makler-realty.com,pending_same_content_review,Confirm old URL and target listing describe the same property; no homepage or search fallback.,false,,,Review same-content listing route before setting equivalent_content true.
https://makler-realty.com/listing/%d0%bf%d1%80%d0%be%d0%b4%d0%b0%d0%b2%d0%b0-%d0%b5%d1%82%d0%b0%d0%b6-%d0%be%d1%82-%d0%ba%d1%8a%d1%89%d0%b0-%d0%b2-%d1%88%d0%b8%d1%80%d0%be%d0%ba%d0%b8%d1%8f-%d1%86%d0%b5%d0%bd%d1%82%d1%8a%d1%80-%d0%bd/,/bg/imoti/MS-CRAWL-0034,MS-CRAWL-0034,bg,makler-realty.com,pending_same_content_review,Confirm old URL and target listing describe the same property; no homepage or search fallback.,false,,,Review same-content listing route before setting equivalent_content true.
https://makler-realty.com/listing/%d0%bf%d1%80%d0%be%d0%b4%d0%b0%d0%b2%d0%b0-%d0%b5%d1%82%d0%b0%d0%b6-%d0%be%d1%82-%d0%ba%d1%8a%d1%89%d0%b0-%d1%81-%d0%bf%d0%b0%d1%80%d1%86%d0%b5%d0%bb-%d0%b2-%d1%81-%d0%bb%d0%b5%d0%b2%d1%83%d0%bd%d0%be/,/bg/imoti/MS-CRAWL-0035,MS-CRAWL-0035,bg,makler-realty.com,pending_same_content_review,Confirm old URL and target listing describe the same property; no homepage or search fallback.,false,,,Review same-content listing route before setting equivalent_content true.
https://makler-realty.com/listing/%d0%bf%d1%80%d0%be%d0%b4%d0%b0%d0%b2%d0%b0-%d0%b7%d0%b5%d0%bc%d0%b5%d0%b4%d0%b5%d0%bb%d1%81%d0%ba%d0%b0-%d0%b7%d0%b5%d0%bc%d1%8f-%d1%81-%d0%b4%d0%b6%d0%b8%d0%b3%d1%83%d1%80%d0%be%d0%b2%d0%be/,/bg/imoti/MS-CRAWL-0036,MS-CRAWL-0036,bg,makler-realty.com,pending_same_content_review,Confirm old URL and target listing describe the same property; no homepage or search fallback.,false,,,Review same-content listing route before setting equivalent_content true.
https://makler-realty.com/listing/%d0%bf%d1%80%d0%be%d0%b4%d0%b0%d0%b2%d0%b0-%d0%b7%d0%b5%d0%bc%d1%8f-%d0%bd%d0%b0-%d0%b579-%d0%b2-%d1%81%d0%b0%d0%bd%d0%b4%d0%b0%d0%bd%d1%81%d0%ba%d0%b8/,/bg/imoti/MS-CRAWL-0037,MS-CRAWL-0037,bg,makler-realty.com,pending_same_content_review,Confirm old URL and target listing describe the same property; no homepage or search fallback.,false,,,Review same-content listing route before setting equivalent_content true.
https://makler-realty.com/listing/%d0%bf%d1%80%d0%be%d0%b4%d0%b0%d0%b2%d0%b0-%d0%b8%d0%bc%d0%b5%d0%bd%d0%b8%d0%b5-%d0%b2-%d0%b3%d1%80-%d1%81%d0%b0%d0%bd%d0%b4%d0%b0%d0%bd%d1%81%d0%ba%d0%b8/,/bg/imoti/MS-CRAWL-0038,MS-CRAWL-0038,bg,makler-realty.com,pending_same_content_review,Confirm old URL and target listing describe the same property; no homepage or search fallback.,false,,,Review same-content listing route before setting equivalent_content true.
https://makler-realty.com/listing/%d0%bf%d1%80%d0%be%d0%b4%d0%b0%d0%b2%d0%b0-%d0%b8%d0%bc%d0%be%d1%82-%d0%b2-%d0%bc-%d1%80%d0%b0%d0%bd%d0%ba%d0%be%d0%b2%d0%b5%d1%86-%d0%b3%d1%80-%d1%81%d0%b0%d0%bd%d0%b4%d0%b0%d0%bd%d1%81%d0%ba%d0%b8/,/bg/imoti/MS-CRAWL-0039,MS-CRAWL-0039,bg,makler-realty.com,pending_same_content_review,Confirm old URL and target listing describe the same property; no homepage or search fallback.,false,,,Review same-content listing route before setting equivalent_content true.
https://makler-realty.com/listing/%d0%bf%d1%80%d0%be%d0%b4%d0%b0%d0%b2%d0%b0-%d0%b8%d0%bc%d0%be%d1%82-%d0%b2-%d1%81-%d0%bb%d0%b0%d1%81%d0%ba%d0%b0%d1%80%d0%b5%d0%b2%d0%be/,/bg/imoti/MS-CRAWL-0040,MS-CRAWL-0040,bg,makler-realty.com,pending_same_content_review,Confirm old URL and target listing describe the same property; no homepage or search fallback.,false,,,Review same-content listing route before setting equivalent_content true.
https://makler-realty.com/listing/%d0%bf%d1%80%d0%be%d0%b4%d0%b0%d0%b2%d0%b0-%d0%b8%d0%bc%d0%be%d1%82-%d0%b2-%d1%86%d0%b5%d0%bd%d1%82%d1%8a%d1%80%d0%b0-%d0%bd%d0%b0-%d1%81-%d0%bb%d0%b5%d0%b2%d1%83%d0%bd%d0%be%d0%b2%d0%be/,/bg/imoti/MS-CRAWL-0041,MS-CRAWL-0041,bg,makler-realty.com,pending_same_content_review,Confirm old URL and target listing describe the same property; no homepage or search fallback.,false,,,Review same-content listing route before setting equivalent_content true.
https://makler-realty.com/listing/%d0%bf%d1%80%d0%be%d0%b4%d0%b0%d0%b2%d0%b0-%d0%b8%d0%bc%d0%be%d1%82-%d0%bd%d0%b0-%d0%b3%d0%bb-%d0%bf%d1%8a%d1%82-%d0%b579-%d0%b2-%d0%b3%d1%80-%d1%81%d0%b0%d0%bd%d0%b4%d0%b0%d0%bd%d1%81%d0%ba%d0%b8/,/bg/imoti/MS-CRAWL-0042,MS-CRAWL-0042,bg,makler-realty.com,pending_same_content_review,Confirm old URL and target listing describe the same property; no homepage or search fallback.,false,,,Review same-content listing route before setting equivalent_content true.
https://makler-realty.com/listing/%d0%bf%d1%80%d0%be%d0%b4%d0%b0%d0%b2%d0%b0-%d0%ba%d1%8a%d1%89%d0%b0-%d0%b2-%d0%b3%d1%8a%d1%80%d1%86%d0%b8%d1%8f-%d0%b5%d1%80%d0%b5%d1%82%d1%80%d0%b8%d1%8f-%d0%ba%d0%be%d1%82%d1%80%d0%be%d0%bd%d0%b8/,/bg/imoti/MS-CRAWL-0043,MS-CRAWL-0043,bg,makler-realty.com,pending_same_content_review,Confirm old URL and target listing describe the same property; no homepage or search fallback.,false,,,Review same-content listing route before setting equivalent_content true.
https://makler-realty.com/listing/%d0%bf%d1%80%d0%be%d0%b4%d0%b0%d0%b2%d0%b0-%d0%ba%d1%8a%d1%89%d0%b0-%d0%b2-%d1%81-%d0%ba%d1%83%d0%bb%d0%b0%d1%82%d0%b0/,/bg/imoti/MS-CRAWL-0044,MS-CRAWL-0044,bg,makler-realty.com,pending_same_content_review,Confirm old URL and target listing describe the same property; no homepage or search fallback.,false,,,Review same-content listing route before setting equivalent_content true.
https://makler-realty.com/listing/%d0%bf%d1%80%d0%be%d0%b4%d0%b0%d0%b2%d0%b0-%d0%ba%d1%8a%d1%89%d0%b0-%d0%b2-%d1%81-%d0%bf%d0%b8%d1%80%d0%b8%d0%bd/,/bg/imoti/MS-CRAWL-0045,MS-CRAWL-0045,bg,makler-realty.com,pending_same_content_review,Confirm old URL and target listing describe the same property; no homepage or search fallback.,false,,,Review same-content listing route before setting equivalent_content true.
https://makler-realty.com/listing/%d0%bf%d1%80%d0%be%d0%b4%d0%b0%d0%b2%d0%b0-%d0%ba%d1%8a%d1%89%d0%b0-%d0%b2-%d1%81-%d0%bf%d0%be%d0%bb%d0%b5%d0%bd%d0%b8%d1%86%d0%b0/,/bg/imoti/MS-CRAWL-0046,MS-CRAWL-0046,bg,makler-realty.com,pending_same_content_review,Confirm old URL and target listing describe the same property; no homepage or search fallback.,false,,,Review same-content listing route before setting equivalent_content true.
https://makler-realty.com/listing/%d0%bf%d1%80%d0%be%d0%b4%d0%b0%d0%b2%d0%b0-%d0%ba%d1%8a%d1%89%d0%b0-%d0%b2-%d1%81-%d1%81%d0%bf%d0%b0%d1%82%d0%be%d0%b2%d0%be-%d0%be%d0%b1%d1%89%d0%b8%d0%bd%d0%b0-%d1%81%d0%b0%d0%bd%d0%b4%d0%b0%d0%bd/,/bg/imoti/MS-CRAWL-0047,MS-CRAWL-0047,bg,makler-realty.com,pending_same_content_review,Confirm old URL and target listing describe the same property; no homepage or search fallback.,false,,,Review same-content listing route before setting equivalent_content true.
https://makler-realty.com/listing/%d0%bf%d1%80%d0%be%d0%b4%d0%b0%d0%b2%d0%b0-%d0%ba%d1%8a%d1%89%d0%b0-%d0%b2-%d1%81-%d1%86%d0%b0%d0%bf%d0%b0%d1%80%d0%b5%d0%b2%d0%be/,/bg/imoti/MS-CRAWL-0048,MS-CRAWL-0048,bg,makler-realty.com,pending_same_content_review,Confirm old URL and target listing describe the same property; no homepage or search fallback.,false,,,Review same-content listing route before setting equivalent_content true.
https://makler-realty.com/listing/%d0%bf%d1%80%d0%be%d0%b4%d0%b0%d0%b2%d0%b0-%d0%ba%d1%8a%d1%89%d0%b0-%d1%81-%d0%b4%d0%b2%d0%be%d1%80-%d0%b2-%d0%b3%d1%80-%d1%81%d0%b0%d0%bd%d0%b4%d0%b0%d0%bd%d1%81%d0%ba%d0%b8/,/bg/imoti/MS-CRAWL-0049,MS-CRAWL-0049,bg,makler-realty.com,pending_same_content_review,Confirm old URL and target listing describe the same property; no homepage or search fallback.,false,,,Review same-content listing route before setting equivalent_content true.
https://makler-realty.com/listing/%d0%bf%d1%80%d0%be%d0%b4%d0%b0%d0%b2%d0%b0-%d0%bc%d0%b5%d0%b7%d0%be%d0%bd%d0%b5%d1%82-%d0%b2-%d1%85%d0%b0%d0%bb%d0%ba%d0%b8%d0%b4%d0%b8%d0%ba%d0%b8-%d1%80-%d0%bd-%d0%b5%d0%bb%d0%b0%d0%bd%d0%b8-%d1%81/,/bg/imoti/MS-CRAWL-0050,MS-CRAWL-0050,bg,makler-realty.com,pending_same_content_review,Confirm old URL and target listing describe the same property; no homepage or search fallback.,false,,,Review same-content listing route before setting equivalent_content true.
https://makler-realty.com/listing/%d0%bf%d1%80%d0%be%d0%b4%d0%b0%d0%b2%d0%b0-%d0%bd%d0%be%d0%b2%d0%b0-%d0%ba%d1%8a%d1%89%d0%b0-%d0%b2-%d0%be%d0%b1%d1%89%d0%b8%d0%bd%d0%b0-%d1%81%d0%b0%d0%bd%d0%b4%d0%b0%d0%bd%d1%81%d0%ba%d0%b8/,/bg/imoti/MS-CRAWL-0051,MS-CRAWL-0051,bg,makler-realty.com,pending_same_content_review,Confirm old URL and target listing describe the same property; no homepage or search fallback.,false,,,Review same-content listing route before setting equivalent_content true.
https://makler-realty.com/listing/%d0%bf%d1%80%d0%be%d0%b4%d0%b0%d0%b2%d0%b0-%d0%be%d1%80%d0%b0%d0%bd%d0%b6%d0%b5%d1%80%d0%b8%d1%8f-%d0%b2-%d1%81%d0%b0%d0%bd%d0%b4%d0%b0%d0%bd%d1%81%d0%ba%d0%b8/,/bg/imoti/MS-CRAWL-0052,MS-CRAWL-0052,bg,makler-realty.com,pending_same_content_review,Confirm old URL and target listing describe the same property; no homepage or search fallback.,false,,,Review same-content listing route before setting equivalent_content true.
https://makler-realty.com/listing/%d0%bf%d1%80%d0%be%d0%b4%d0%b0%d0%b2%d0%b0-%d0%be%d1%84%d0%b8%d1%81-%d0%b2-%d1%81%d0%b0%d0%bd%d0%b4%d0%b0%d0%bd%d1%81%d0%ba%d0%b8/,/bg/imoti/MS-CRAWL-0053,MS-CRAWL-0053,bg,makler-realty.com,pending_same_content_review,Confirm old URL and target listing describe the same property; no homepage or search fallback.,false,,,Review same-content listing route before setting equivalent_content true.
https://makler-realty.com/listing/%d0%bf%d1%80%d0%be%d0%b4%d0%b0%d0%b2%d0%b0-%d0%bf%d0%b0%d0%bd%d0%be%d1%80%d0%b0%d0%bc%d0%b5%d0%bd-%d0%b4%d0%b2%d1%83%d1%81%d1%82%d0%b0%d0%b5%d0%bd-%d0%b0%d0%bf%d0%b0%d1%80%d1%82%d0%b0%d0%bc%d0%b5/,/bg/imoti/MS-CRAWL-0054,MS-CRAWL-0054,bg,makler-realty.com,pending_same_content_review,Confirm old URL and target listing describe the same property; no homepage or search fallback.,false,,,Review same-content listing route before setting equivalent_content true.
https://makler-realty.com/listing/%d0%bf%d1%80%d0%be%d0%b4%d0%b0%d0%b2%d0%b0-%d0%bf%d0%b0%d1%80%d1%86%d0%b5%d0%bb-%d0%b2-%d1%81%d0%b0%d0%bd%d0%b4%d0%b0%d0%bd%d1%81%d0%ba%d0%b8-2/,/bg/imoti/MS-CRAWL-0055,MS-CRAWL-0055,bg,makler-realty.com,pending_same_content_review,Confirm old URL and target listing describe the same property; no homepage or search fallback.,false,,,Review same-content listing route before setting equivalent_content true.
https://makler-realty.com/listing/%d0%bf%d1%80%d0%be%d0%b4%d0%b0%d0%b2%d0%b0-%d0%bf%d0%b0%d1%80%d1%86%d0%b5%d0%bb-%d0%b2-%d1%81%d0%b0%d0%bd%d0%b4%d0%b0%d0%bd%d1%81%d0%ba%d0%b8/,/bg/imoti/MS-CRAWL-0056,MS-CRAWL-0056,bg,makler-realty.com,pending_same_content_review,Confirm old URL and target listing describe the same property; no homepage or search fallback.,false,,,Review same-content listing route before setting equivalent_content true.
https://makler-realty.com/listing/%d0%bf%d1%80%d0%be%d0%b4%d0%b0%d0%b2%d0%b0-%d0%bf%d0%b0%d1%80%d1%86%d0%b5%d0%bb-%d0%b2-%d1%81-%d0%bc%d0%b8%d0%ba%d1%80%d0%b5%d0%b2%d0%be/,/bg/imoti/MS-CRAWL-0057,MS-CRAWL-0057,bg,makler-realty.com,pending_same_content_review,Confirm old URL and target listing describe the same property; no homepage or search fallback.,false,,,Review same-content listing route before setting equivalent_content true.
https://makler-realty.com/listing/%d0%bf%d1%80%d0%be%d0%b4%d0%b0%d0%b2%d0%b0-%d0%bf%d0%b0%d1%80%d1%86%d0%b5%d0%bb-%d0%b2-%d1%81-%d0%bf%d0%be%d0%bb%d0%b5%d0%bd%d0%b8%d1%86%d0%b0/,/bg/imoti/MS-CRAWL-0058,MS-CRAWL-0058,bg,makler-realty.com,pending_same_content_review,Confirm old URL and target listing describe the same property; no homepage or search fallback.,false,,,Review same-content listing route before setting equivalent_content true.
https://makler-realty.com/listing/%d0%bf%d1%80%d0%be%d0%b4%d0%b0%d0%b2%d0%b0-%d0%bf%d0%b0%d1%80%d1%86%d0%b5%d0%bb-%d0%b2-%d1%81-%d1%85%d0%be%d1%82%d0%be%d0%b2%d0%be/,/bg/imoti/MS-CRAWL-0059,MS-CRAWL-0059,bg,makler-realty.com,pending_same_content_review,Confirm old URL and target listing describe the same property; no homepage or search fallback.,false,,,Review same-content listing route before setting equivalent_content true.
https://makler-realty.com/listing/%d0%bf%d1%80%d0%be%d0%b4%d0%b0%d0%b2%d0%b0-%d0%bf%d0%b0%d1%80%d1%86%d0%b5%d0%bb-%d0%b7%d0%b0-%d1%81%d1%82%d1%80%d0%be%d0%b8%d1%82%d0%b5%d0%bb%d1%81%d1%82%d0%b2%d0%be-%d0%b2-%d1%81%d0%b0%d0%bd%d0%b4/,/bg/imoti/MS-CRAWL-0060,MS-CRAWL-0060,bg,makler-realty.com,pending_same_content_review,Confirm old URL and target listing describe the same property; no homepage or search fallback.,false,,,Review same-content listing route before setting equivalent_content true.
https://makler-realty.com/listing/%d0%bf%d1%80%d0%be%d0%b4%d0%b0%d0%b2%d0%b0-%d0%bf%d0%b0%d1%80%d1%86%d0%b5%d0%bb-%d1%81%d1%82%d1%80%d0%be%d0%b8%d1%82%d0%b5%d0%bb%d1%81%d1%82%d0%b2%d0%be-%d1%81%d1%82%d1%80%d1%83%d0%bc%d1%8f%d0%bd/,/bg/imoti/MS-CRAWL-0061,MS-CRAWL-0061,bg,makler-realty.com,pending_same_content_review,Confirm old URL and target listing describe the same property; no homepage or search fallback.,false,,,Review same-content listing route before setting equivalent_content true.
https://makler-realty.com/listing/%d0%bf%d1%80%d0%be%d0%b4%d0%b0%d0%b2%d0%b0-%d0%bf%d1%80%d0%be%d0%bc%d0%b8%d1%88%d0%bb%d0%b5%d0%bd%d0%b8-%d1%85%d0%b0%d0%bb%d0%b5%d1%82%d0%b0-%d0%b2-%d0%b1%d0%bb%d0%b8%d0%b7%d0%be%d1%81%d1%82-%d0%b4/,/bg/imoti/MS-CRAWL-0062,MS-CRAWL-0062,bg,makler-realty.com,pending_same_content_review,Confirm old URL and target listing describe the same property; no homepage or search fallback.,false,,,Review same-content listing route before setting equivalent_content true.
https://makler-realty.com/listing/%d0%bf%d1%80%d0%be%d0%b4%d0%b0%d0%b2%d0%b0-%d1%81%d0%b5-%d0%b2%d0%b8%d0%bb%d0%b0-%d0%b2-%d1%81-%d0%b8%d0%b3%d1%80%d0%b0%d0%bb%d0%b8%d1%89%d0%b5-%d0%bc%d0%b0%d0%bb%d0%b5%d1%88%d0%b5%d0%b2%d0%be/,/bg/imoti/MS-CRAWL-0063,MS-CRAWL-0063,bg,makler-realty.com,pending_same_content_review,Confirm old URL and target listing describe the same property; no homepage or search fallback.,false,,,Review same-content listing route before setting equivalent_content true.
https://makler-realty.com/listing/%d0%bf%d1%80%d0%be%d0%b4%d0%b0%d0%b2%d0%b0-%d1%81%d1%82%d0%b0%d1%80%d0%b0-%d0%ba%d1%8a%d1%89%d0%b0-%d0%b2-%d1%81-%d1%85%d0%be%d1%82%d0%be%d0%b2%d0%be/,/bg/imoti/MS-CRAWL-0064,MS-CRAWL-0064,bg,makler-realty.com,pending_same_content_review,Confirm old URL and target listing describe the same property; no homepage or search fallback.,false,,,Review same-content listing route before setting equivalent_content true.
https://makler-realty.com/listing/%d0%bf%d1%80%d0%be%d0%b4%d0%b0%d0%b2%d0%b0-%d1%81%d1%82%d1%83%d0%b4%d0%b8%d0%be-%d0%b2-%d1%81%d0%b0%d0%bf%d1%84%d0%b8%d1%80-%d0%b1%d0%b0%d0%bd%d1%81%d0%ba%d0%be/,/bg/imoti/MS-CRAWL-0065,MS-CRAWL-0065,bg,makler-realty.com,pending_same_content_review,Confirm old URL and target listing describe the same property; no homepage or search fallback.,false,,,Review same-content listing route before setting equivalent_content true.
https://makler-realty.com/listing/%d0%bf%d1%80%d0%be%d0%b4%d0%b0%d0%b2%d0%b0-%d1%82%d1%80%d0%b8%d1%81%d1%82%d0%b0%d0%b5%d0%bd-%d0%b0%d0%bf%d0%b0%d1%80%d1%82%d0%b0%d0%bc%d0%b5%d0%bd%d1%82-%d0%b2-%d0%be%d1%84%d1%80%d0%b8%d0%bd%d0%b8/,/bg/imoti/MS-CRAWL-0066,MS-CRAWL-0066,bg,makler-realty.com,pending_same_content_review,Confirm old URL and target listing describe the same property; no homepage or search fallback.,false,,,Review same-content listing route before setting equivalent_content true.
https://makler-realty.com/listing/%d0%bf%d1%80%d0%be%d0%b4%d0%b0%d0%b2%d0%b0-%d1%82%d1%80%d0%b8%d1%81%d1%82%d0%b0%d0%b5%d0%bd-%d0%b0%d0%bf%d0%b0%d1%80%d1%82%d0%b0%d0%bc%d0%b5%d0%bd%d1%82-%d0%b2-%d1%86%d0%b5%d0%bd%d1%82%d1%8a%d1%80/,/bg/imoti/MS-CRAWL-0067,MS-CRAWL-0067,bg,makler-realty.com,pending_same_content_review,Confirm old URL and target listing describe the same property; no homepage or search fallback.,false,,,Review same-content listing route before setting equivalent_content true.
https://makler-realty.com/listing/%d0%bf%d1%80%d0%be%d0%b4%d0%b0%d0%b2%d0%b0-15%d0%b4%d0%ba%d0%b0-%d0%b7%d0%b5%d0%bc%d1%8f-%d1%81-%d0%ba%d0%b0%d0%bf%d0%b0%d1%82%d0%be%d0%b2%d0%be/,/bg/imoti/MS-CRAWL-0068,MS-CRAWL-0068,bg,makler-realty.com,pending_same_content_review,Confirm old URL and target listing describe the same property; no homepage or search fallback.,false,,,Review same-content listing route before setting equivalent_content true.
https://makler-realty.com/listing/%d0%bf%d1%80%d0%be%d0%b4%d0%b0%d0%b2%d0%b0-8%d0%b4%d0%ba%d0%b0-%d0%b7%d0%b5%d0%bc%d1%8f-%d0%b2-%d0%b7%d0%b5%d0%bc%d0%bb%d0%b8%d1%89%d0%b5%d1%82%d0%be-%d0%bd%d0%b0-%d1%81-%d0%bb%d0%b5%d1%88%d0%bd%d0%b8/,/bg/imoti/MS-CRAWL-0069,MS-CRAWL-0069,bg,makler-realty.com,pending_same_content_review,Confirm old URL and target listing describe the same property; no homepage or search fallback.,false,,,Review same-content listing route before setting equivalent_content true.
https://makler-realty.com/listing/%d0%bf%d1%80%d0%be%d0%b4%d0%b0%d0%b6%d0%b0-%d0%b1%d0%b8%d0%b7%d0%bd%d0%b5%d1%81-%d0%b7%d0%b4%d0%b0%d0%bd%d0%b8%d1%8f-%d0%b2-%d1%86%d0%b5%d0%bd%d1%82%d1%80%d0%b5-%d0%b3-%d0%bf%d0%b5%d1%82%d1%80%d0%b8/,/bg/imoti/MS-CRAWL-0070,MS-CRAWL-0070,bg,makler-realty.com,pending_same_content_review,Confirm old URL and target listing describe the same property; no homepage or search fallback.,false,,,Review same-content listing route before setting equivalent_content true.
https://makler-realty.com/listing/%d0%bf%d1%80%d0%be%d0%b4%d0%b0%d0%b6%d0%b0-%d0%b1%d0%be%d0%bb%d1%8c%d1%88%d0%be%d0%b3%d0%be-%d1%83%d1%87%d0%b0%d1%81%d1%82%d0%ba%d0%b0-%d1%80%d1%8f%d0%b4%d0%be%d0%bc-%d1%81-%d0%bc%d0%b8%d0%bd-%d0%b2/,/bg/imoti/MS-CRAWL-0071,MS-CRAWL-0071,bg,makler-realty.com,pending_same_content_review,Confirm old URL and target listing describe the same property; no homepage or search fallback.,false,,,Review same-content listing route before setting equivalent_content true.
https://makler-realty.com/listing/%d0%bf%d1%80%d0%be%d0%b4%d0%b0%d0%b6%d0%b1%d0%b0-%d0%b0%d0%bf%d0%b0%d1%80%d1%82%d0%b0%d0%bc%d0%b5%d0%bd%d1%82%d0%b8-%d0%bb%d0%be%d0%b3%d0%b0%d1%80%d0%b8-%d0%b3%d1%8a%d1%80%d1%86%d0%b8%d1%8f/,/bg/imoti/MS-CRAWL-0072,MS-CRAWL-0072,bg,makler-realty.com,pending_same_content_review,Confirm old URL and target listing describe the same property; no homepage or search fallback.,false,,,Review same-content listing route before setting equivalent_content true.
https://makler-realty.com/listing/%d0%bf%d1%80%d0%be%d0%b4%d0%b0%d0%b6%d0%b1%d0%b0-%d0%bd%d0%b0-%d0%b0%d0%bf%d0%b0%d1%80%d1%82%d0%b0%d0%bc%d0%b5%d0%bd%d1%82%d0%b8-%d0%b2-%d1%81%d0%b0%d0%bd%d0%b4%d0%b0%d0%bd%d1%81%d0%ba%d0%b8/,/bg/imoti/MS-CRAWL-0073,MS-CRAWL-0073,bg,makler-realty.com,pending_same_content_review,Confirm old URL and target listing describe the same property; no homepage or search fallback.,false,,,Review same-content listing route before setting equivalent_content true.
https://makler-realty.com/listing/%d0%bf%d1%80%d0%be%d0%b4%d0%b0%d0%b6%d0%b1%d0%b0-%d0%bd%d0%b0-%d0%bb%d1%83%d0%ba%d1%81%d0%be%d0%b7%d0%bd%d0%b0-%d0%ba%d1%8a%d1%89%d0%b0-%d0%b2-%d0%b3%d1%80-%d1%81%d0%b0%d0%bd%d0%b4%d0%b0%d0%bd%d1%81/,/bg/imoti/MS-CRAWL-0074,MS-CRAWL-0074,bg,makler-realty.com,pending_same_content_review,Confirm old URL and target listing describe the same property; no homepage or search fallback.,false,,,Review same-content listing route before setting equivalent_content true.
https://makler-realty.com/listing/%d0%bf%d1%80%d0%be%d0%b4%d0%b0%d0%b6%d0%b1%d0%b0-%d0%bd%d0%b0-%d0%bc%d0%b0%d0%b3%d0%b0%d0%b7%d0%b8%d0%bd-%d0%b2-%d0%b3%d1%80-%d0%b1%d0%bb%d0%b0%d0%b3%d0%be%d0%b5%d0%b2%d0%b3%d1%80%d0%b0%d0%b4/,/bg/imoti/MS-CRAWL-0075,MS-CRAWL-0075,bg,makler-realty.com,pending_same_content_review,Confirm old URL and target listing describe the same property; no homepage or search fallback.,false,,,Review same-content listing route before setting equivalent_content true.
https://makler-realty.com/listing/%d0%bf%d1%80%d0%be%d0%b4%d0%b0%d0%b6%d0%b1%d0%b0-%d0%bd%d0%b0-%d0%bf%d0%b0%d1%80%d1%86%d0%b5%d0%bb-%d0%b2-%d1%81%d1%82%d1%80%d1%83%d0%bc%d1%8f%d0%bd%d0%b8-3000-%d0%ba%d0%b2-%d0%bc/,/bg/imoti/MS-3000,MS-3000,bg,makler-realty.com,pending_same_content_review,Confirm old URL and target listing describe the same property; no homepage or search fallback.,false,,,Review same-content listing route before setting equivalent_content true.
https://makler-realty.com/listing/%d1%81%d0%b2%d0%b5%d1%82%d1%8a%d0%bb-%d1%8e%d0%b6%d0%b5%d0%bd-%d0%b0%d0%bf%d0%b0%d1%80%d1%82%d0%b0%d0%bc%d0%b5%d0%bd%d1%82-%d0%b4%d0%be-%d0%bf%d0%b0%d1%80%d0%ba%d0%b0-%d0%bd%d0%b0-%d0%b3%d1%80-%d1%81/,/bg/imoti/MS-CRAWL-0077,MS-CRAWL-0077,bg,makler-realty.com,pending_same_content_review,Confirm old URL and target listing describe the same property; no homepage or search fallback.,false,,,Review same-content listing route before setting equivalent_content true.
https://makler-realty.com/listing/%d1%82%d1%80%d0%b8%d1%81%d1%82%d0%b0%d0%b5%d0%bd-%d0%b0%d0%bf%d0%b0%d1%80%d1%82%d0%b0%d0%bc%d0%b5%d0%bd%d1%82-%d0%b2-%d0%b3%d1%80-%d1%81%d0%b0%d0%bd%d0%b4%d0%b0%d0%bd%d1%81%d0%ba%d0%b8/,/bg/imoti/MS-CRAWL-0078,MS-CRAWL-0078,bg,makler-realty.com,pending_same_content_review,Confirm old URL and target listing describe the same property; no homepage or search fallback.,false,,,Review same-content listing route before setting equivalent_content true.
https://makler-realty.com/listing/%d1%82%d1%80%d0%b8%d1%81%d1%82%d0%b0%d0%b5%d0%bd-%d0%b0%d0%bf%d0%b0%d1%80%d1%82%d0%b0%d0%bc%d0%b5%d0%bd%d1%82-%d0%b2-%d1%86%d0%b5%d0%bd%d1%82%d1%8a%d1%80%d0%b0-%d0%bd%d0%b0-%d0%b3%d1%80-%d1%81%d0%b0/,/bg/imoti/MS-CRAWL-0079,MS-CRAWL-0079,bg,makler-realty.com,pending_same_content_review,Confirm old URL and target listing describe the same property; no homepage or search fallback.,false,,,Review same-content listing route before setting equivalent_content true.
https://makler-realty.com/listing/%d1%82%d1%80%d0%b8%d1%81%d1%82%d0%b0%d0%b5%d0%bd-%d0%b0%d0%bf%d0%b0%d1%80%d1%82%d0%b0%d0%bc%d0%b5%d0%bd%d1%82-%d0%bf%d0%be%d0%b4-%d0%bd%d0%b0%d0%b5%d0%bc-%d1%81-%d0%bf%d0%be%d0%bb%d0%b5%d0%bd%d0%b8/,/bg/imoti/MS-CRAWL-0080,MS-CRAWL-0080,bg,makler-realty.com,pending_same_content_review,Confirm old URL and target listing describe the same property; no homepage or search fallback.,false,,,Review same-content listing route before setting equivalent_content true.
https://makler-realty.com/listing/%d1%83%d1%87%d0%b0%d1%81%d1%82%d0%be%d0%ba-%d0%b2-%d0%bf%d0%be%d1%81%d0%b5%d0%bb%d0%ba%d0%b5-%d1%81%d1%82%d1%80%d1%83%d0%bc%d1%8f%d0%bd%d0%b8/,/bg/imoti/MS-CRAWL-0081,MS-CRAWL-0081,bg,makler-realty.com,pending_same_content_review,Confirm old URL and target listing describe the same property; no homepage or search fallback.,false,,,Review same-content listing route before setting equivalent_content true.
https://makler-realty.com/listing/%d1%83%d1%87%d0%b0%d1%81%d1%82%d0%be%d0%ba-%d0%bf%d0%be%d0%b4-%d1%84%d0%b5%d1%80%d0%bc%d1%83-%d1%81%d0%b0%d0%bd%d0%b4%d0%b0%d0%bd%d1%81%d0%ba%d0%b8/,/bg/imoti/MS-CRAWL-0082,MS-CRAWL-0082,bg,makler-realty.com,pending_same_content_review,Confirm old URL and target listing describe the same property; no homepage or search fallback.,false,,,Review same-content listing route before setting equivalent_content true.
https://makler-realty.com/listing/%d1%86%d0%b5%d0%bd%d1%82%d1%8a%d1%80-%d0%b7%d0%b0-%d0%bf%d1%80%d0%be%d1%84%d0%b8%d0%bb%d0%b0%d0%ba%d1%82%d0%b8%d0%ba%d0%b0-%d1%80%d0%b5%d1%85%d0%b0%d0%b1%d0%b8%d0%bb%d0%b8%d1%82%d0%b0%d1%86%d0%b8/,/bg/imoti/MS-CRAWL-0083,MS-CRAWL-0083,bg,makler-realty.com,pending_same_content_review,Confirm old URL and target listing describe the same property; no homepage or search fallback.,false,,,Review same-content listing route before setting equivalent_content true.
https://makler-realty.com/listing/2-bedrooms-apartment-for-sale-in-sandanski/,/bg/imoti/MS-CRAWL-0084,MS-CRAWL-0084,bg,makler-realty.com,pending_same_content_review,Confirm old URL and target listing describe the same property; no homepage or search fallback.,false,,,Review same-content listing route before setting equivalent_content true.
https://makler-realty.com/listing/apartment-mit-einem-schlafzimmer-in-sandanski-zu-vermieten/,/bg/imoti/MS-CRAWL-0085,MS-CRAWL-0085,bg,makler-realty.com,pending_same_content_review,Confirm old URL and target listing describe the same property; no homepage or search fallback.,false,,,Review same-content listing route before setting equivalent_content true.
https://makler-realty.com/listing/apartments-park-hotel-pirin-sandanski/,/bg/imoti/MS-CRAWL-0086,MS-CRAWL-0086,bg,makler-realty.com,pending_same_content_review,Confirm old URL and target listing describe the same property; no homepage or search fallback.,false,,,Review same-content listing route before setting equivalent_content true.
https://makler-realty.com/listing/big-plot-of-land-and-buildings-for-sale-near-sandanski/,/bg/imoti/MS-CRAWL-0087,MS-CRAWL-0087,bg,makler-realty.com,pending_same_content_review,Confirm old URL and target listing describe the same property; no homepage or search fallback.,false,,,Review same-content listing route before setting equivalent_content true.
https://makler-realty.com/listing/building-land-with-a-great-view-in-sandanski/,/bg/imoti/MS-CRAWL-0088,MS-CRAWL-0088,bg,makler-realty.com,pending_same_content_review,Confirm old URL and target listing describe the same property; no homepage or search fallback.,false,,,Review same-content listing route before setting equivalent_content true.
https://makler-realty.com/listing/ein-zimmer-wohnung-zum-verkauf-im-park-hotel-pirin-sandanski/,/bg/imoti/MS-CRAWL-0089,MS-CRAWL-0089,bg,makler-realty.com,pending_same_content_review,Confirm old URL and target listing describe the same property; no homepage or search fallback.,false,,,Review same-content listing route before setting equivalent_content true.
https://makler-realty.com/listing/front-compartment-in-pasalimani-piraeus-in-6th-floor/,/bg/imoti/MS-CRAWL-0090,MS-CRAWL-0090,bg,makler-realty.com,pending_same_content_review,Confirm old URL and target listing describe the same property; no homepage or search fallback.,false,,,Review same-content listing route before setting equivalent_content true.
https://makler-realty.com/listing/haus-zum-verkauf-im-dorf-vinogradi-3-km-von-melnik-entfernt/,/bg/imoti/MS-CRAWL-0091,MS-CRAWL-0091,bg,makler-realty.com,pending_same_content_review,Confirm old URL and target listing describe the same property; no homepage or search fallback.,false,,,Review same-content listing route before setting equivalent_content true.
https://makler-realty.com/listing/house-for-sale-in-the-park-of-sandanski/,/bg/imoti/MS-CRAWL-0092,MS-CRAWL-0092,bg,makler-realty.com,pending_same_content_review,Confirm old URL and target listing describe the same property; no homepage or search fallback.,false,,,Review same-content listing route before setting equivalent_content true.
https://makler-realty.com/listing/house-for-sale-in-the-village-of-leshnitsa/,/bg/imoti/MS-CRAWL-0093,MS-CRAWL-0093,bg,makler-realty.com,pending_same_content_review,Confirm old URL and target listing describe the same property; no homepage or search fallback.,false,,,Review same-content listing route before setting equivalent_content true.
https://makler-realty.com/listing/industrial-building-for-rent-in-petrich/,/bg/imoti/MS-CRAWL-0094,MS-CRAWL-0094,bg,makler-realty.com,pending_same_content_review,Confirm old URL and target listing describe the same property; no homepage or search fallback.,false,,,Review same-content listing route before setting equivalent_content true.
https://makler-realty.com/listing/industrial-building-for-sale-petrich-municipality/,/bg/imoti/MS-CRAWL-0095,MS-CRAWL-0095,bg,makler-realty.com,pending_same_content_review,Confirm old URL and target listing describe the same property; no homepage or search fallback.,false,,,Review same-content listing route before setting equivalent_content true.
https://makler-realty.com/listing/industrial-buildings-for-rent-near-sandanski/,/bg/imoti/MS-CRAWL-0096,MS-CRAWL-0096,bg,makler-realty.com,pending_same_content_review,Confirm old URL and target listing describe the same property; no homepage or search fallback.,false,,,Review same-content listing route before setting equivalent_content true.
https://makler-realty.com/listing/industriegebaude-zur-miete-in-petrich-bulgarien/,/bg/imoti/MS-CRAWL-0097,MS-CRAWL-0097,bg,makler-realty.com,pending_same_content_review,Confirm old URL and target listing describe the same property; no homepage or search fallback.,false,,,Review same-content listing route before setting equivalent_content true.
https://makler-realty.com/listing/industrieraume-zum-verkauf-rund-um-sandanski/,/bg/imoti/MS-CRAWL-0098,MS-CRAWL-0098,bg,makler-realty.com,pending_same_content_review,Confirm old URL and target listing describe the same property; no homepage or search fallback.,false,,,Review same-content listing route before setting equivalent_content true.
https://makler-realty.com/listing/luxushaus-zum-verkauf-in-sandanski/,/bg/imoti/MS-CRAWL-0099,MS-CRAWL-0099,bg,makler-realty.com,pending_same_content_review,Confirm old URL and target listing describe the same property; no homepage or search fallback.,false,,,Review same-content listing route before setting equivalent_content true.
https://makler-realty.com/listing/neue-1-zimmer-wohnung-zur-miete-in-sandanski/,/bg/imoti/MS-CRAWL-0100,MS-CRAWL-0100,bg,makler-realty.com,pending_same_content_review,Confirm old URL and target listing describe the same property; no homepage or search fallback.,false,,,Review same-content listing route before setting equivalent_content true.
https://makler-realty.com/listing/new-apartment-for-rent-in-sandanski/,/bg/imoti/MS-CRAWL-0101,MS-CRAWL-0101,bg,makler-realty.com,pending_same_content_review,Confirm old URL and target listing describe the same property; no homepage or search fallback.,false,,,Review same-content listing route before setting equivalent_content true.
https://makler-realty.com/listing/one-bedroom-apartment-in-the-park-of-sandanski/,/bg/imoti/MS-CRAWL-0102,MS-CRAWL-0102,bg,makler-realty.com,pending_same_content_review,Confirm old URL and target listing describe the same property; no homepage or search fallback.,false,,,Review same-content listing route before setting equivalent_content true.
https://makler-realty.com/listing/prodava-mezonet-ul-pirin-sandanski/,/bg/imoti/MS-CRAWL-0103,MS-CRAWL-0103,bg,makler-realty.com,pending_same_content_review,Confirm old URL and target listing describe the same property; no homepage or search fallback.,false,,,Review same-content listing route before setting equivalent_content true.
https://makler-realty.com/listing/real-estate-for-sale-in-nafplio-greece/,/bg/imoti/MS-CRAWL-0104,MS-CRAWL-0104,bg,makler-realty.com,pending_same_content_review,Confirm old URL and target listing describe the same property; no homepage or search fallback.,false,,,Review same-content listing route before setting equivalent_content true.
https://makler-realty.com/listing/spa-hotel-mit-mineralwasser-zum-verkauf-in-sandanski-bulgarien/,/bg/imoti/MS-CRAWL-0105,MS-CRAWL-0105,bg,makler-realty.com,pending_same_content_review,Confirm old URL and target listing describe the same property; no homepage or search fallback.,false,,,Review same-content listing route before setting equivalent_content true.
https://makler-realty.com/listing/studio-for-rent-in-sandanski/,/bg/imoti/MS-CRAWL-0106,MS-CRAWL-0106,bg,makler-realty.com,pending_same_content_review,Confirm old URL and target listing describe the same property; no homepage or search fallback.,false,,,Review same-content listing route before setting equivalent_content true.
https://makler-realty.com/listing/two-bedroom-apartment-in-the-complex-arena-1-st-vlas-for-sale/,/bg/imoti/MS-CRAWL-0107,MS-CRAWL-0107,bg,makler-realty.com,pending_same_content_review,Confirm old URL and target listing describe the same property; no homepage or search fallback.,false,,,Review same-content listing route before setting equivalent_content true.
https://makler-realty.com/listing/villa-for-sale-in-the-mountains-near-sandanski/,/bg/imoti/MS-CRAWL-0108,MS-CRAWL-0108,bg,makler-realty.com,pending_same_content_review,Confirm old URL and target listing describe the same property; no homepage or search fallback.,false,,,Review same-content listing route before setting equivalent_content true.
https://makler-realty.com/listing/wohnung-zu-vermieten-beim-aquasun-in-sandanski/,/bg/imoti/MS-CRAWL-0109,MS-CRAWL-0109,bg,makler-realty.com,pending_same_content_review,Confirm old URL and target listing describe the same property; no homepage or search fallback.,false,,,Review same-content listing route before setting equivalent_content true.
https://makler-realty.com/listing/wohnung-zur-miete-in-spa-complex-medite-sandanski/,/bg/imoti/MS-CRAWL-0110,MS-CRAWL-0110,bg,makler-realty.com,pending_same_content_review,Confirm old URL and target listing describe the same property; no homepage or search fallback.,false,,,Review same-content listing route before setting equivalent_content true.
https://makler-realty.com/listing/working-business-for-sale-pellet-production/,/bg/imoti/MS-CRAWL-0111,MS-CRAWL-0111,bg,makler-realty.com,pending_same_content_review,Confirm old URL and target listing describe the same property; no homepage or search fallback.,false,,,Review same-content listing route before setting equivalent_content true.
https://makler-realty.com/listing/zemedelska-zemq-s-dzhigurovo-prodava/,/bg/imoti/MS-CRAWL-0112,MS-CRAWL-0112,bg,makler-realty.com,pending_same_content_review,Confirm old URL and target listing describe the same property; no homepage or search fallback.,false,,,Review same-content listing route before setting equivalent_content true.
https://makler-realty.com/listing/zwei-zimmer-wohnung-zum-verkauf-in-park-hotel-pirin-sandanski/,/bg/imoti/MS-CRAWL-0113,MS-CRAWL-0113,bg,makler-realty.com,pending_same_content_review,Confirm old URL and target listing describe the same property; no homepage or search fallback.,false,,,Review same-content listing route before setting equivalent_content true.
https://makler-realty.ru/listing/%d0%b0%d0%bf%d0%b0%d1%80%d1%82%d0%b0%d0%bc%d0%b5%d0%bd%d1%82%d1%8b-%d0%b2-%d0%bf%d0%b0%d1%80%d0%ba-%d0%be%d1%82%d0%b5%d0%bb%d0%b5-%d0%bf%d0%b8%d1%80%d0%b8%d0%bd-%d1%81%d0%b0%d0%bd%d0%b4%d0%b0%d0%bd/,/ru/properties/MS-CRAWL-0114,MS-CRAWL-0114,ru,makler-realty.ru,pending_same_content_review,Confirm old URL and target listing describe the same property; no homepage or search fallback.,false,,,Review same-content listing route before setting equivalent_content true.
https://makler-realty.ru/listing/%d0%b0%d1%80%d0%b5%d0%bd%d0%b4%d0%b0-%d0%bf%d0%b0%d0%bd%d0%be%d1%80%d0%b0%d0%bc%d0%bd%d0%be%d0%b9-%d0%b4%d0%b2%d1%83%d1%88%d0%ba%d0%b8-%d0%b2-%d1%81%d0%b0%d0%bd%d0%b4%d0%b0%d0%bd%d1%81%d0%ba/,/ru/properties/MS-CRAWL-0115,MS-CRAWL-0115,ru,makler-realty.ru,pending_same_content_review,Confirm old URL and target listing describe the same property; no homepage or search fallback.,false,,,Review same-content listing route before setting equivalent_content true.
https://makler-realty.ru/listing/%d0%b1%d0%be%d0%bb%d1%8c%d1%88%d0%be%d0%b9-%d1%83%d1%87%d0%b0%d1%81%d1%82%d0%be%d0%ba-%d0%b7%d0%b4%d0%b0%d0%bd%d0%b8%d1%8f-%d1%81%d0%b0%d0%bd%d0%b4%d0%b0%d0%bd%d1%81%d0%ba%d0%b8/,/ru/properties/MS-CRAWL-0116,MS-CRAWL-0116,ru,makler-realty.ru,pending_same_content_review,Confirm old URL and target listing describe the same property; no homepage or search fallback.,false,,,Review same-content listing route before setting equivalent_content true.
https://makler-realty.ru/listing/%d0%b4%d0%be%d0%bc-%d0%b2-%d0%b4%d0%b5%d1%80%d0%b5%d0%b2%d0%bd%d0%b5-%d1%81%d0%bf%d0%b0%d1%82%d0%be%d0%b2%d0%be-%d0%bc%d1%83%d0%bd%d0%b8%d1%86%d0%b8%d0%bf%d0%b0%d0%bb%d0%b8%d1%82%d0%b5%d1%82-%d1%81/,/ru/properties/MS-CRAWL-0117,MS-CRAWL-0117,ru,makler-realty.ru,pending_same_content_review,Confirm old URL and target listing describe the same property; no homepage or search fallback.,false,,,Review same-content listing route before setting equivalent_content true.
https://makler-realty.ru/listing/%d0%b4%d0%be%d0%bc-%d0%bd%d0%b0-%d0%bf%d1%80%d0%be%d0%b4%d0%b0%d0%b6%d1%83-%d0%b2-%d1%81%d0%b5%d0%bb%d0%b5-%d0%bf%d0%b5%d1%82%d1%80%d0%be%d0%b2%d0%be-%d0%bc%d1%83%d0%bd%d0%b8%d1%86%d0%b8%d0%bf%d0%b0/,/ru/properties/MS-CRAWL-0118,MS-CRAWL-0118,ru,makler-realty.ru,pending_same_content_review,Confirm old URL and target listing describe the same property; no homepage or search fallback.,false,,,Review same-content listing route before setting equivalent_content true.
https://makler-realty.ru/listing/%d0%ba%d0%b2%d0%b0%d1%80%d1%82%d0%b8%d1%80%d0%b0-%d0%bf%d0%b0%d1%80%d0%ba-%d0%be%d1%82%d0%b5%d0%bb%d1%8c-%d0%bf%d0%b8%d1%80%d0%b8%d0%bd-%d1%81%d0%b0%d0%bd%d0%b4%d0%b0%d0%bd%d1%81%d0%ba%d0%b8/,/ru/properties/MS-CRAWL-0119,MS-CRAWL-0119,ru,makler-realty.ru,pending_same_content_review,Confirm old URL and target listing describe the same property; no homepage or search fallback.,false,,,Review same-content listing route before setting equivalent_content true.
https://makler-realty.ru/listing/%d0%be%d1%82%d0%b5%d0%bb%d1%8c-%d1%81-%d1%80%d0%b5%d1%81%d1%82%d0%be%d1%80%d0%b0%d0%bd%d0%be%d0%bc-%d0%b2-%d0%b3-%d1%81%d0%b0%d0%bd%d0%b4%d0%b0%d0%bd%d1%81%d0%ba%d0%b8/,/ru/properties/MS-CRAWL-0120,MS-CRAWL-0120,ru,makler-realty.ru,pending_same_content_review,Confirm old URL and target listing describe the same property; no homepage or search fallback.,false,,,Review same-content listing route before setting equivalent_content true.
https://makler-realty.ru/listing/%d0%be%d1%84%d0%b8%d1%81-%d0%bd%d0%b0-%d0%bf%d1%80%d0%be%d0%b4%d0%b0%d0%b6%d1%83-%d0%b2-%d1%81%d0%b0%d0%bd%d0%b4%d0%b0%d0%bd%d1%81%d0%ba%d0%b8/,/ru/properties/MS-CRAWL-0121,MS-CRAWL-0121,ru,makler-realty.ru,pending_same_content_review,Confirm old URL and target listing describe the same property; no homepage or search fallback.,false,,,Review same-content listing route before setting equivalent_content true.
https://makler-realty.ru/listing/%d0%bf%d1%80%d0%be%d0%b4%d0%b0%d0%b5%d1%82%d1%81%d1%8f-%d0%be%d1%81%d0%be%d0%b1%d0%bd%d1%8f%d0%ba-%d0%b3%d0%be%d1%80%d0%be%d0%b4-%d1%81%d0%b0%d0%bd%d0%b4%d0%b0%d0%bd%d1%81%d0%ba%d0%b8/,/ru/properties/MS-CRAWL-0122,MS-CRAWL-0122,ru,makler-realty.ru,pending_same_content_review,Confirm old URL and target listing describe the same property; no homepage or search fallback.,false,,,Review same-content listing route before setting equivalent_content true.
https://makler-realty.ru/listing/%d0%bf%d1%80%d0%be%d0%b4%d0%b0%d0%b5%d1%82%d1%81%d1%8f-%d0%bf%d1%80%d0%be%d0%b8%d0%b7%d0%b2%d0%be%d0%b4%d1%81%d1%82%d0%b2%d0%b5%d0%bd%d0%bd%d0%be%d0%b5-%d0%b7%d0%b4%d0%b0%d0%bd%d0%b8%d0%b5/,/ru/properties/MS-CRAWL-0123,MS-CRAWL-0123,ru,makler-realty.ru,pending_same_content_review,Confirm old URL and target listing describe the same property; no homepage or search fallback.,false,,,Review same-content listing route before setting equivalent_content true.
https://makler-realty.ru/listing/%d0%bf%d1%80%d0%be%d0%b4%d0%b0%d0%b5%d1%82%d1%81%d1%8f-%d1%8d%d0%bb%d0%b8%d1%82%d0%bd%d1%8b%d0%b9-%d0%b4%d0%be%d0%bc-%d0%b2-%d1%81%d0%b0%d0%bd%d0%b4%d0%b0%d0%bd%d1%81%d0%ba%d0%b8-%d1%80%d1%8f%d0%b4/,/ru/properties/MS-CRAWL-0124,MS-CRAWL-0124,ru,makler-realty.ru,pending_same_content_review,Confirm old URL and target listing describe the same property; no homepage or search fallback.,false,,,Review same-content listing route before setting equivalent_content true.
https://makler-realty.ru/listing/%d0%bf%d1%80%d0%be%d0%b4%d0%b0%d0%b6%d0%b0-%d0%b1%d0%be%d0%bb%d1%8c%d1%88%d0%be%d0%b3%d0%be-%d0%b4%d0%be%d0%bc%d0%b0-%d1%81%d0%b0%d0%bd%d0%b4%d0%b0%d0%bd%d1%81%d0%ba%d0%b8/,/ru/properties/MS-CRAWL-0125,MS-CRAWL-0125,ru,makler-realty.ru,pending_same_content_review,Confirm old URL and target listing describe the same property; no homepage or search fallback.,false,,,Review same-content listing route before setting equivalent_content true.
https://makler-realty.ru/listing/%d0%bf%d1%80%d0%be%d0%b4%d0%b0%d0%b6%d0%b0-%d0%b1%d0%be%d0%bb%d1%8c%d1%88%d0%be%d0%b3%d0%be-%d0%bf%d0%b0%d0%bd%d0%be%d1%80%d0%b0%d0%bc%d0%bd%d0%be%d0%b3%d0%be-%d1%83%d1%87%d0%b0%d1%81%d1%82%d0%ba/,/ru/properties/MS-CRAWL-0126,MS-CRAWL-0126,ru,makler-realty.ru,pending_same_content_review,Confirm old URL and target listing describe the same property; no homepage or search fallback.,false,,,Review same-content listing route before setting equivalent_content true.
https://makler-realty.ru/listing/%d0%bf%d1%80%d0%be%d0%b4%d0%b0%d0%b6%d0%b0-%d0%b1%d0%be%d0%bb%d1%8c%d1%88%d0%be%d0%b3%d0%be-%d1%83%d1%87%d0%b0%d1%81%d1%82%d0%ba%d0%b0-%d1%80%d1%8f%d0%b4%d0%be%d0%bc-%d1%81-%d0%bc%d0%b8%d0%bd-%d0%b2/,/ru/properties/MS-CRAWL-0127,MS-CRAWL-0127,ru,makler-realty.ru,pending_same_content_review,Confirm old URL and target listing describe the same property; no homepage or search fallback.,false,,,Review same-content listing route before setting equivalent_content true.
https://makler-realty.ru/listing/%d0%bf%d1%80%d0%be%d0%b4%d0%b0%d0%b6%d0%b0-%d0%b2%d0%b8%d0%bd%d0%be%d0%b3%d1%80%d0%b0%d0%b4%d0%bd%d0%b8%d0%ba-%d1%81%d0%b0%d0%bd%d0%b4%d0%b0%d0%bd%d1%81%d0%ba%d0%b8-%d0%bc%d0%b5%d1%80%d0%bb%d0%be/,/ru/properties/MS-CRAWL-0128,MS-CRAWL-0128,ru,makler-realty.ru,pending_same_content_review,Confirm old URL and target listing describe the same property; no homepage or search fallback.,false,,,Review same-content listing route before setting equivalent_content true.
https://makler-realty.ru/listing/%d0%bf%d1%80%d0%be%d0%b4%d0%b0%d0%b6%d0%b0-%d0%b4%d0%be%d0%bc%d0%b0-%d0%b2-%d0%b2%d0%b8%d0%bd%d0%be%d0%b3%d1%80%d0%b0%d0%b4%d0%b8-%d0%bc%d0%b5%d0%bb%d0%bd%d0%b8%d0%ba/,/ru/properties/MS-CRAWL-0129,MS-CRAWL-0129,ru,makler-realty.ru,pending_same_content_review,Confirm old URL and target listing describe the same property; no homepage or search fallback.,false,,,Review same-content listing route before setting equivalent_content true.
https://makler-realty.ru/listing/%d0%bf%d1%80%d0%be%d0%b4%d0%b0%d0%b6%d0%b0-%d0%b4%d0%be%d0%bc%d0%b0-%d0%b2-%d1%81%d0%b0%d0%bd%d0%b4%d0%b0%d0%bd%d1%81%d0%ba%d0%b8-4/,/ru/properties/MS-CRAWL-0130,MS-CRAWL-0130,ru,makler-realty.ru,pending_same_content_review,Confirm old URL and target listing describe the same property; no homepage or search fallback.,false,,,Review same-content listing route before setting equivalent_content true.
https://makler-realty.ru/listing/%d0%bf%d1%80%d0%be%d0%b4%d0%b0%d0%b6%d0%b0-%d0%b4%d0%be%d0%bc%d0%b0-%d0%b2-%d1%86%d0%b5%d0%bd%d1%82%d1%80%d0%b5-%d0%b3-%d1%81%d0%b0%d0%bd%d0%b4%d0%b0%d0%bd%d1%81%d0%ba%d0%b8/,/ru/properties/MS-CRAWL-0131,MS-CRAWL-0131,ru,makler-realty.ru,pending_same_content_review,Confirm old URL and target listing describe the same property; no homepage or search fallback.,false,,,Review same-content listing route before setting equivalent_content true.
https://makler-realty.ru/listing/%d0%bf%d1%80%d0%be%d0%b4%d0%b0%d0%b6%d0%b0-%d0%b4%d0%be%d0%bc%d0%b0-%d1%81%d0%b0%d0%bd%d0%b4%d0%b0%d0%bd%d1%81%d0%ba%d0%b8/,/ru/properties/MS-CRAWL-0132,MS-CRAWL-0132,ru,makler-realty.ru,pending_same_content_review,Confirm old URL and target listing describe the same property; no homepage or search fallback.,false,,,Review same-content listing route before setting equivalent_content true.
https://makler-realty.ru/listing/%d0%bf%d1%80%d0%be%d0%b4%d0%b0%d0%b6%d0%b0-%d0%b4%d0%be%d0%bc%d0%b0-%d1%81-%d0%b2-%d0%b3%d0%be%d1%80%d0%be%d0%b4%d0%b5-%d1%81%d0%b0%d0%bd%d0%b4%d0%b0%d0%bd%d1%81%d0%ba%d0%b8/,/ru/properties/MS-CRAWL-0133,MS-CRAWL-0133,ru,makler-realty.ru,pending_same_content_review,Confirm old URL and target listing describe the same property; no homepage or search fallback.,false,,,Review same-content listing route before setting equivalent_content true.
https://makler-realty.ru/listing/%d0%bf%d1%80%d0%be%d0%b4%d0%b0%d0%b6%d0%b0-%d0%ba%d0%b2%d0%b0%d1%80%d1%82%d0%b8%d1%80%d1%8b-%d0%bf%d0%b0%d1%80%d0%ba-%d0%be%d1%82%d0%b5%d0%bb%d1%8c-%d0%bf%d0%b8%d1%80%d0%b8%d0%bd/,/ru/properties/MS-CRAWL-0134,MS-CRAWL-0134,ru,makler-realty.ru,pending_same_content_review,Confirm old URL and target listing describe the same property; no homepage or search fallback.,false,,,Review same-content listing route before setting equivalent_content true.
https://makler-realty.ru/listing/%d0%bf%d1%80%d0%be%d0%b4%d0%b0%d0%b6%d0%b0-%d0%bc%d0%b5%d0%b1%d0%bb%d0%b8%d1%80%d0%be%d0%b2%d0%b0%d0%bd%d0%bd%d0%be%d0%b9-%d1%81%d1%82%d1%83%d0%b4%d0%b8%d0%b8-%d0%b2-%d0%b6%d0%b8%d0%bb%d0%be%d0%bc/,/ru/properties/MS-CRAWL-0135,MS-CRAWL-0135,ru,makler-realty.ru,pending_same_content_review,Confirm old URL and target listing describe the same property; no homepage or search fallback.,false,,,Review same-content listing route before setting equivalent_content true.
https://makler-realty.ru/listing/%d0%bf%d1%80%d0%be%d0%b4%d0%b0%d0%b6%d0%b0-%d0%bd%d0%b5%d0%b4%d0%b2%d0%b8%d0%b6%d0%b8%d0%bc%d0%be%d1%81%d1%82%d0%b8-%d0%b2-%d0%bb%d0%b5%d0%b2%d1%83%d0%bd%d0%be%d0%b2%d0%be/,/ru/properties/MS-CRAWL-0136,MS-CRAWL-0136,ru,makler-realty.ru,pending_same_content_review,Confirm old URL and target listing describe the same property; no homepage or search fallback.,false,,,Review same-content listing route before setting equivalent_content true.
https://makler-realty.ru/listing/%d0%bf%d1%80%d0%be%d0%b4%d0%b0%d0%b6%d0%b0-%d0%bd%d0%b5%d0%b4%d0%b2%d0%b8%d0%b6%d0%b8%d0%bc%d0%be%d1%81%d1%82%d0%b8-%d0%b2-%d1%81%d0%b5%d0%bb%d0%b5-%d0%bb%d0%b0%d1%81%d0%ba%d0%b0%d1%80%d0%b5%d0%b2/,/ru/properties/MS-CRAWL-0137,MS-CRAWL-0137,ru,makler-realty.ru,pending_same_content_review,Confirm old URL and target listing describe the same property; no homepage or search fallback.,false,,,Review same-content listing route before setting equivalent_content true.
https://makler-realty.ru/listing/%d0%bf%d1%80%d0%be%d0%b4%d0%b0%d0%b6%d0%b0-%d0%bd%d0%be%d0%b2%d0%be%d1%81%d1%82%d1%80%d0%be%d0%b9%d0%ba%d0%b8-%d0%b2-%d1%81%d0%b0%d0%bd%d0%b4%d0%b0%d0%bd%d1%81%d0%ba%d0%b8/,/ru/properties/MS-CRAWL-0138,MS-CRAWL-0138,ru,makler-realty.ru,pending_same_content_review,Confirm old URL and target listing describe the same property; no homepage or search fallback.,false,,,Review same-content listing route before setting equivalent_content true.
https://makler-realty.ru/listing/%d0%bf%d1%80%d0%be%d0%b4%d0%b0%d0%b6%d0%b0-%d0%bf%d1%80%d0%be%d0%b8%d0%b7%d0%b2%d0%be%d0%b4%d1%81%d1%82%d0%b2%d0%b5%d0%bd%d0%bd%d0%be%d0%b9-%d0%b1%d0%b0%d0%b7%d1%8b-%d0%be%d0%ba%d0%be%d0%bb%d0%be/,/ru/properties/MS-CRAWL-0139,MS-CRAWL-0139,ru,makler-realty.ru,pending_same_content_review,Confirm old URL and target listing describe the same property; no homepage or search fallback.,false,,,Review same-content listing route before setting equivalent_content true.
https://makler-realty.ru/listing/%d0%bf%d1%80%d0%be%d0%b4%d0%b0%d0%b6%d0%b0-%d1%81%d0%bf%d0%b0-%d0%be%d1%82%d0%b5%d0%bb%d1%8f-%d0%b2-%d0%b3-%d1%81%d0%b0%d0%bd%d0%b4%d0%b0%d0%bd%d1%81%d0%ba%d0%b8/,/ru/properties/MS-CRAWL-0140,MS-CRAWL-0140,ru,makler-realty.ru,pending_same_content_review,Confirm old URL and target listing describe the same property; no homepage or search fallback.,false,,,Review same-content listing route before setting equivalent_content true.
https://makler-realty.ru/listing/%d0%bf%d1%80%d0%be%d0%b4%d0%b0%d0%b6%d0%b0-%d1%83%d1%87%d0%b0%d1%81%d1%82%d0%ba%d0%b0-%d0%b2-%d0%bf%d0%be%d1%81%d0%b5%d0%bb%d0%ba%d0%b5-%d0%b4%d0%b5%d1%80%d0%b1%d0%b5%d1%80%d0%b5-%d1%81%d0%b0%d0%bd/,/ru/properties/MS-CRAWL-0141,MS-CRAWL-0141,ru,makler-realty.ru,pending_same_content_review,Confirm old URL and target listing describe the same property; no homepage or search fallback.,false,,,Review same-content listing route before setting equivalent_content true.
https://makler-realty.ru/listing/%d0%bf%d1%80%d0%be%d0%b4%d0%b0%d0%b6%d0%b0-%d1%83%d1%87%d0%b0%d1%81%d1%82%d0%ba%d0%b0-%d0%bb%d0%b8%d0%bb%d1%8f%d0%bd%d0%be%d0%b2%d0%be-%d1%81%d0%b0%d0%bd%d0%b4%d0%b0%d0%bd%d1%81%d0%ba%d0%b8/,/ru/properties/MS-CRAWL-0142,MS-CRAWL-0142,ru,makler-realty.ru,pending_same_content_review,Confirm old URL and target listing describe the same property; no homepage or search fallback.,false,,,Review same-content listing route before setting equivalent_content true.
https://makler-realty.ru/listing/%d0%bf%d1%80%d0%be%d0%b4%d0%b0%d0%b6%d0%b0-%d1%83%d1%87%d0%b0%d1%81%d1%82%d0%ba%d0%b0-%d0%bd%d0%b0-%d0%bc%d0%b5%d0%b6%d0%b4%d1%83%d0%bd%d0%b0%d1%80%d0%be%d0%b4%d0%bd%d0%be%d0%b9-%d1%82%d1%80%d0%b0/,/ru/properties/MS-CRAWL-0143,MS-CRAWL-0143,ru,makler-realty.ru,pending_same_content_review,Confirm old URL and target listing describe the same property; no homepage or search fallback.,false,,,Review same-content listing route before setting equivalent_content true.
https://makler-realty.ru/listing/%d0%bf%d1%80%d0%be%d0%b4%d0%b0%d0%b6%d0%b0-%d1%83%d1%87%d0%b0%d1%81%d1%82%d0%ba%d0%b0-%d1%81-%d0%b2%d0%b8%d0%b4%d0%be%d0%bc-%d0%bd%d0%b0-%d1%81%d0%b0%d0%bd%d0%b4%d0%b0%d0%bd%d1%81%d0%ba%d0%b8/,/ru/properties/MS-CRAWL-0144,MS-CRAWL-0144,ru,makler-realty.ru,pending_same_content_review,Confirm old URL and target listing describe the same property; no homepage or search fallback.,false,,,Review same-content listing route before setting equivalent_content true.
https://makler-realty.ru/listing/%d0%bf%d1%80%d0%be%d0%b4%d0%b0%d0%b6%d0%b0-%d1%83%d1%87%d0%b0%d1%81%d1%82%d0%ba%d0%b0-2-%d0%b3%d0%ba%d0%b0-%d0%b2-%d1%80%d0%b0%d0%b9%d0%be%d0%bd%d0%b5-%d0%b3-%d1%81%d0%b0%d0%bd%d0%b4%d0%b0%d0%bd%d1%81/,/ru/properties/MS-CRAWL-0145,MS-CRAWL-0145,ru,makler-realty.ru,pending_same_content_review,Confirm old URL and target listing describe the same property; no homepage or search fallback.,false,,,Review same-content listing route before setting equivalent_content true.
https://makler-realty.ru/listing/%d1%80%d0%b5%d1%81%d1%82%d0%be%d1%80%d0%b0%d0%bd-%d1%81-%d0%be%d1%82%d0%b5%d0%bb%d0%b5%d0%bc-%d0%b2-%d0%b3-%d1%81%d0%b0%d0%bd%d0%b4%d0%b0%d0%bd%d1%81%d0%ba%d0%b8/,/ru/properties/MS-CRAWL-0146,MS-CRAWL-0146,ru,makler-realty.ru,pending_same_content_review,Confirm old URL and target listing describe the same property; no homepage or search fallback.,false,,,Review same-content listing route before setting equivalent_content true.
https://makler-realty.ru/listing/%d1%81%d0%b4%d0%b0%d0%b5%d1%82%d1%81%d1%8f-%d0%b0%d0%bf%d0%b0%d1%80%d1%82%d0%b0%d0%bc%d0%b5%d0%bd%d1%82-%d0%b2-%d1%86%d0%b5%d0%bd%d1%82%d1%80%d0%b5-%d0%b3%d0%be%d1%80%d0%be%d0%b4%d0%b0-%d1%81%d0%b0-2/,/ru/properties/MS-CRAWL-0147,MS-CRAWL-0147,ru,makler-realty.ru,pending_same_content_review,Confirm old URL and target listing describe the same property; no homepage or search fallback.,false,,,Review same-content listing route before setting equivalent_content true.
https://makler-realty.ru/listing/%d1%81%d0%b4%d0%b0%d0%b5%d1%82%d1%81%d1%8f-%d0%b4%d0%be%d0%bc-%d0%b2-%d1%81%d0%b5%d0%bb%d0%b5-%d0%b2%d0%b8%d0%bd%d0%be%d0%b3%d1%80%d0%b0%d0%b4%d0%b8-%d0%bc%d0%b5%d0%bb%d0%bd%d0%b8%d0%ba/,/ru/properties/MS-CRAWL-0148,MS-CRAWL-0148,ru,makler-realty.ru,pending_same_content_review,Confirm old URL and target listing describe the same property; no homepage or search fallback.,false,,,Review same-content listing route before setting equivalent_content true.
https://makler-realty.ru/listing/%d1%81%d0%b4%d0%b0%d0%b5%d1%82%d1%81%d1%8f-%d0%bf%d1%80%d0%be%d0%b8%d0%b7%d0%b2%d0%be%d0%b4%d1%81%d1%82%d0%b2%d0%b5%d0%bd%d0%bd%d0%be%d0%b5-%d0%bf%d0%be%d0%bc%d0%b5%d1%89%d0%b5%d0%bd%d0%b8%d0%b5/,/ru/properties/MS-CRAWL-0149,MS-CRAWL-0149,ru,makler-realty.ru,pending_same_content_review,Confirm old URL and target listing describe the same property; no homepage or search fallback.,false,,,Review same-content listing route before setting equivalent_content true.
https://makler-realty.ru/listing/%d1%81%d0%b5%d0%bb%d1%8c%d1%85%d0%be%d0%b7-%d0%b7%d0%b5%d0%bc%d0%bb%d1%8f-%d0%b2-%d1%80%d0%b0%d0%b9%d0%be%d0%bd%d0%b5-%d0%b4%d0%b5%d1%80%d0%b5%d0%b2%d0%bd%d0%b8-%d0%bb%d0%b5%d1%88%d0%bd%d0%b8%d1%86/,/ru/properties/MS-CRAWL-0150,MS-CRAWL-0150,ru,makler-realty.ru,pending_same_content_review,Confirm old URL and target listing describe the same property; no homepage or search fallback.,false,,,Review same-content listing route before setting equivalent_content true.
https://makler-realty.ru/listing/%d1%82%d0%b5%d0%bf%d0%bb%d0%b8%d1%86%d0%b0-%d0%b2-%d0%b3%d0%be%d1%80%d0%be%d0%b4%d0%b5-%d1%81%d0%b0%d0%bd%d0%b4%d0%b0%d0%bd%d1%81%d0%ba%d0%b8/,/ru/properties/MS-CRAWL-0151,MS-CRAWL-0151,ru,makler-realty.ru,pending_same_content_review,Confirm old URL and target listing describe the same property; no homepage or search fallback.,false,,,Review same-content listing route before setting equivalent_content true.
https://makler-realty.ru/listing/%d1%83%d1%87%d0%b0%d1%81%d1%82%d0%be%d0%ba-%d0%b2-%d0%bf%d0%be%d1%81%d0%b5%d0%bb%d0%ba%d0%b5-%d0%bb%d0%b5%d1%88%d0%bd%d0%b8%d1%86%d0%b0-%d1%80%d0%b0%d0%b9%d0%be%d0%bd-%d0%b3%d0%be%d1%80/,/ru/properties/MS-CRAWL-0152,MS-CRAWL-0152,ru,makler-realty.ru,pending_same_content_review,Confirm old URL and target listing describe the same property; no homepage or search fallback.,false,,,Review same-content listing route before setting equivalent_content true.
https://makler-realty.ru/listing/%d1%83%d1%87%d0%b0%d1%81%d1%82%d0%be%d0%ba-%d0%b2-%d0%bf%d0%be%d1%81%d0%b5%d0%bb%d0%ba%d0%b5-%d1%81%d1%82%d1%80%d1%83%d0%bc%d1%8f%d0%bd%d0%b8/,/ru/properties/MS-CRAWL-0153,MS-CRAWL-0153,ru,makler-realty.ru,pending_same_content_review,Confirm old URL and target listing describe the same property; no homepage or search fallback.,false,,,Review same-content listing route before setting equivalent_content true.
https://makler-realty.ru/listing/%d1%83%d1%87%d0%b0%d1%81%d1%82%d0%be%d0%ba-%d0%bd%d0%b5%d0%b4%d0%b2%d0%b8%d0%b6%d0%b8%d0%bc%d0%be%d1%81%d1%82%d1%8c-%d1%81%d0%b0%d0%bd%d0%b4%d0%b0%d0%bd%d1%81%d0%ba%d0%b8/,/ru/properties/MS-CRAWL-0154,MS-CRAWL-0154,ru,makler-realty.ru,pending_same_content_review,Confirm old URL and target listing describe the same property; no homepage or search fallback.,false,,,Review same-content listing route before setting equivalent_content true.
https://makler-realty.ru/listing/%d1%83%d1%87%d0%b0%d1%81%d1%82%d0%be%d0%ba-%d0%bf%d0%be%d0%b4-%d0%b7%d0%b0%d1%81%d1%82%d1%80%d0%be%d0%b9%d0%ba%d1%83-%d0%b2-%d1%81%d0%b0%d0%bd%d0%b4%d0%b0%d0%bd%d1%81%d0%ba%d0%b8/,/ru/properties/MS-CRAWL-0155,MS-CRAWL-0155,ru,makler-realty.ru,pending_same_content_review,Confirm old URL and target listing describe the same property; no homepage or search fallback.,false,,,Review same-content listing route before setting equivalent_content true.
https://makler-realty.ru/listing/%d1%83%d1%87%d0%b0%d1%81%d1%82%d0%be%d0%ba-%d0%bf%d0%be%d0%b4-%d0%b7%d0%b0%d1%81%d1%82%d1%80%d0%be%d0%b9%d0%ba%d1%83-%d0%bb%d0%b0%d1%81%d0%ba%d0%b0%d1%80%d0%b5%d0%b2%d0%be/,/ru/properties/MS-CRAWL-0156,MS-CRAWL-0156,ru,makler-realty.ru,pending_same_content_review,Confirm old URL and target listing describe the same property; no homepage or search fallback.,false,,,Review same-content listing route before setting equivalent_content true.
https://makler-realty.ru/listing/%d1%83%d1%87%d0%b0%d1%81%d1%82%d0%be%d0%ba-%d0%bf%d0%be%d0%b4-%d1%81%d1%82%d1%80%d0%be%d0%b8%d1%82%d0%b5%d0%bb%d1%8c%d1%81%d1%82%d0%b2%d0%be-%d0%be%d1%82%d0%b5%d0%bb%d1%8f/,/ru/properties/MS-CRAWL-0157,MS-CRAWL-0157,ru,makler-realty.ru,pending_same_content_review,Confirm old URL and target listing describe the same property; no homepage or search fallback.,false,,,Review same-content listing route before setting equivalent_content true.
https://makler-realty.ru/listing/%d1%83%d1%87%d0%b0%d1%81%d1%82%d0%be%d0%ba-%d0%bf%d0%be%d0%b4-%d1%81%d1%82%d1%80%d0%be%d0%b8%d1%82%d0%b5%d0%bb%d1%8c%d1%81%d1%82%d0%b2%d0%be-2/,/ru/properties/MS-CRAWL-0158,MS-CRAWL-0158,ru,makler-realty.ru,pending_same_content_review,Confirm old URL and target listing describe the same property; no homepage or search fallback.,false,,,Review same-content listing route before setting equivalent_content true.
https://makler-realty.ru/listing/%d1%86%d0%b5%d0%bd%d1%82%d1%80-%d0%bf%d1%80%d0%be%d1%84%d0%b8%d0%bb%d0%b0%d0%ba%d1%82%d0%b8%d0%ba%d0%b8-%d1%80%d0%b5%d0%b0%d0%b1%d0%b8%d0%bb%d0%b8%d1%82%d0%b0%d1%86%d0%b8%d0%b8-%d0%b8-%d0%ba%d0%be/,/ru/properties/MS-CRAWL-0159,MS-CRAWL-0159,ru,makler-realty.ru,pending_same_content_review,Confirm old URL and target listing describe the same property; no homepage or search fallback.,false,,,Review same-content listing route before setting equivalent_content true.
https://makler-realty.ru/listing/%d1%8d%d1%82%d0%b0%d0%b6-%d0%b4%d0%be%d0%bc%d0%b0-%d1%81-%d0%b7%d0%b5%d0%bc%d0%b5%d0%bb%d1%8c%d0%bd%d1%8b%d0%bc-%d1%83%d1%87%d0%b0%d1%81%d1%82%d0%ba%d0%be%d0%bc-%d0%b2-%d1%81%d0%b5%d0%bb%d0%b5-%d0%bb/,/ru/properties/MS-CRAWL-0160,MS-CRAWL-0160,ru,makler-realty.ru,pending_same_content_review,Confirm old URL and target listing describe the same property; no homepage or search fallback.,false,,,Review same-content listing route before setting equivalent_content true.
https://makler-realty.ru/listing/%d1%8d%d1%82%d0%b0%d0%b6-%d0%b4%d0%be%d0%bc%d0%b0-%d1%81-%d1%83%d1%87%d0%b0%d1%81%d1%82%d0%ba%d0%be%d0%bc-%d0%b2-%d0%b3-%d1%81%d0%b0%d0%bd%d0%b4%d0%b0%d0%bd%d1%81%d0%ba%d0%b8-%d0%bf%d1%80%d0%be/,/ru/properties/MS-CRAWL-0161,MS-CRAWL-0161,ru,makler-realty.ru,pending_same_content_review,Confirm old URL and target listing describe the same property; no homepage or search fallback.,false,,,Review same-content listing route before setting equivalent_content true.
https://makler-realty.ru/listing/a%d1%80%d0%b5%d0%bd%d0%b4%d0%b0-%d0%b4%d0%b2%d1%83%d1%85%d0%ba%d0%be%d0%bc%d0%bd%d0%b0%d1%82%d0%bd%d0%be%d0%b9-%d0%ba%d0%b2%d0%b0%d1%80%d1%82%d0%b8%d1%80%d1%8b-%d0%b2-%d0%b3-%d1%81%d0%b0%d0%bd%d0%b4/,/ru/properties/MS-CRAWL-0162,MS-CRAWL-0162,ru,makler-realty.ru,pending_same_content_review,Confirm old URL and target listing describe the same property; no homepage or search fallback.,false,,,Review same-content listing route before setting equivalent_content true.
https://makler-realty.ru/listing/arenda-dvuhkomnatnaia-kvartira-garazh-sandanski/,/ru/properties/MS-CRAWL-0163,MS-CRAWL-0163,ru,makler-realty.ru,pending_same_content_review,Confirm old URL and target listing describe the same property; no homepage or search fallback.,false,,,Review same-content listing route before setting equivalent_content true.
https://makler-realty.ru/listing/paralia-ofrinio-kvartira/,/ru/properties/MS-CRAWL-0164,MS-CRAWL-0164,ru,makler-realty.ru,pending_same_content_review,Confirm old URL and target listing describe the same property; no homepage or search fallback.,false,,,Review same-content listing route before setting equivalent_content true.
https://makler-realty.ru/listing/uchastok-strumiani/,/ru/properties/MS-CRAWL-0165,MS-CRAWL-0165,ru,makler-realty.ru,pending_same_content_review,Confirm old URL and target listing describe the same property; no homepage or search fallback.,false,,,Review same-content listing route before setting equivalent_content true.
